cmt_col,labels,length,processed_text
cặc,1.0,3,cặc
đr hết thời cày rank bk còn ngợp,0.0,32,đr hết thời cày rank bk còn ngợp
Diễn viên hô ni hút mà ngại gì mấy khác kk,0.0,42,diễn_viên hô ni hút mà ngại gì mấy khác kk
Toàn bọn vô công rồi nghề ngồi sủa ăn lương tháng chứ vinh quang gì? Bản thân hiểu rõ hơn ai hết nhưng vì đồng tiền bát gạo nên vẫn cứ đi cắn sủa vậy đó. Tôi chỉ quan tâm sự thật chứ mấy loại này riết chán chẳng thèm phản biện 😩,2.0,228,toàn bọn vô công rồi nghề ngồi sủa ăn lương tháng chứ vinh_quang gì ? bản_thân hiểu rõ hơn ai hết nhưng vì đồng_tiền bát gạo nên vẫn cứ đi cắn sủa vậy đó . tôi chỉ quan_tâm_sự_thật chứ mấy loại này riết chán chẳng thèm phản_biện 😩
lên kim cương bố ỉa vào mồm mày với cái lối lên đồ 10 game như 1 này :)))) bao giờ live rank kc thì tag bố m vào nhé :))),1.0,121,lên kim_cương bố ỉa vào mồm mày với cái lối lên đồ 10 game như 1 này : ) ) ) ) bao_giờ live rank kc thì tag bố m vào nhé : ) ) )
"Con bà chúng nó làm lòng vòng để tìm cách tham ô tham nhũng, chứ xử lý nguồn gốc gây ô nhiễm chuyển xử lý dòng chảy nước thải không cho xả thải ra sông nữa là nước nó sạch ngay",1.0,176,"con bà chúng_nó làm lòng_vòng để tìm cách tham_ô tham_nhũng , chứ xử_lý nguồn_gốc gây ô_nhiễm chuyển xử_lý dòng_chảy nước_thải không cho xả thải ra sông nữa là nước nó sạch ngay"
 why cái lồn,1.0,12,why cái lồn
Su Quỳnh chéo avt hộ vs ạ,0.0,26,su quỳnh chéo avt hộ với ạ
Phàm :)) vlon thanh niên,1.0,24,phàm : ) ) vlon thanh_niên
Bắt được mấy thằng trộm xe. Nên chặt tay nó,1.0,50,bắt được mấy thằng trộm xe . nên chặt tay nó
T dang xem sec à,0.0,16,t dang xem sec à
Đm máy thằng hèn,2.0,16,đm máy thằng hèn
Chúng mày nghĩ sau vậy uống thuốc ngủ đi nhé KKK,1.0,48,chúng_mày nghĩ sau vậy uống thuốc_ngủ đi nhé kkk
"Phát ngôn ngu vãi, tao đi ị ở bến xe gia lâm còn phải đóng thuế 5k một lượt kia mà nhà vs có gia lol gì âu, bọn nó chịch nhau còn phải đóng thuế vì dùng bao con sâu hay victoria kia...",1.0,184,"phát_ngôn ngu vãi , tao đi ị ở bến_xe gia lâm còn phải đóng thuế 5k một lượt kia mà nhà với có gia lol gì âu , bọn nó chịch nhau còn phải đóng thuế vì dùng bao con sâu hay victoria kia ..."
Chúng nó dàn rựng để trộm xe hai thằng đứng đấy để giả vờ hỏi chuyện,0.0,68,chúng_nó dàn rựng để trộm xe hai thằng đứng đấy để giả_vờ hỏi chuyện
Bộ tóc huyền thoại ❤,0.0,20,bộ tóc huyền_thoại_❤
Nhà bao việc còn bắt đi đóng MV :((,0.0,35,nhà bao việc còn bắt đi đóng mv : ( (
"Hiệp 1 còn vào được, chứ giờ nó khóa rồi, còn lại toàn fake cả",0.0,62,"hiệp 1 còn vào được , chứ giờ nó khóa rồi , còn lại toàn fake cả"
Cho con 1 tỉ đi cô,0.0,18,cho con 1 tỉ đi cô
Mày nghĩ xl là hết à,0.0,20,mày nghĩ xl là hết à
"người ta lên tiếng cũng nói 1-2 lần, nói trên báo chính thống, chứ đâu có lên báo mạng, đi cmt dạo khắp nơi hay kể lể đủ thứ, cũng k có kiểu ăn tiền mà nói k, hay đáng nói chuyện này bẻ chuyện khác rồi dọa phốt",0.0,210,"người_ta lên_tiếng cũng nói 1 - 2 lần , nói trên báo chính_thống , chứ đâu có lên báo mạng , đi cmt dạo khắp nơi hay kể_lể đủ thứ , cũng không có kiểu ăn_tiền mà nói k , hay đáng nói_chuyện này bẻ chuyện khác rồi dọa phốt"
"Ý chúng nó nói ở đây là nên im lặng và tìm hiểu rõ nguyên nhân , như cư dân mạng ở miền bắc , miền nam , và ở nước ngoài chắc phải bay tận về hà tĩnh tìm hiểu rồi mới được đăng stt chắc :) đúng là cái chế độ này càng ngày càng thối nát, cơ quan báo chí tuyên truyền tung hô toàn cái đéo gì ấy đm chắc ko nói gì là ỉm đi vụ formosa luôn đấy",1.0,339,"ý chúng_nó nói ở đây là nên im_lặng và tìm_hiểu rõ nguyên_nhân , như cư_dân mạng ở miền bắc , miền nam , và ở nước_ngoài chắc phải bay tận về hà_tĩnh tìm_hiểu rồi mới được đăng stt chắc : ) đúng là cái chế_độ này càng ngày_càng thối_nát , cơ_quan báo_chí tuyên_truyền tung_hô toàn cái đéo gì ấy đm chắc không nói gì là ỉm đi vụ formosa luôn đấy"
Bị đấm gãy cmn răng,1.0,19,bị đấm gãy cmn răng
"Người khó khăn, người nghèo bao giờ cũng bị thiệt, nếu bắt tụi nó được, chắc là chỉ vài năm tù, còn người nghèo họ làm, tích góp hơn 10 năm mới có chiếc xe để mưu sinh, vậy mà luật pháp phạt họ quá nhẹ,hy vọng sẽ có bộ luật phạt cho kẻ trộm cắp thật nặng, để dân được bình an.",0.0,276,"người khó_khăn , người nghèo bao_giờ cũng bị thiệt , nếu bắt tụi nó được , chắc là chỉ vài năm tù , còn người nghèo họ làm , tích_góp hơn 10 năm mới có chiếc xe để mưu_sinh , vậy mà luật_pháp phạt họ quá nhẹ , hy_vọng sẽ có bộ_luật phạt cho kẻ_trộm_cắp thật nặng , để dân được bình an ."
Ngu thì thua,1.0,12,ngu thì thua
Cái thằng khỉ đầu chó này nữa,2.0,29,cái thằng khỉ đầu chó này nữa
Thoi di thang khung oi,2.0,22,thoi di_thang khung oi
m lên báo cáo tài chính hợp nhất đó mà xem! nói ra đã thấy mày óc chó ntn rồi! lũ thổ dân mồm vẩu!,2.0,98,m lên báo_cáo tài_chính hợp_nhất đó mà xem ! nói ra đã thấy mày óc chó như thế_nào rồi ! lũ thổ_dân mồm vẩu !
ĐM chúng mày. Thế mà zam làm xã hội thâm.,2.0,41,đm chúng_mày . thế_mà zam làm xã_hội thâm .
thể loại ko làm muốn có ăn hở ra chộm cướp,1.0,42,thể_loại không làm muốn có_ăn hở ra chộm cướp
"mn ơi vào đây chửi cm thằng trọng tài mù này đi, cay thật sự!! https://www.facebook.com/groups/937323947177598/",2.0,111,"mọi người ơi vào đây chửi cm thằng trọng_tài mù này đi , cay thật_sự ! !"
cái này tại dân... cu hòi húng nó bảo thế :v,0.0,44,cái này tại dân ... cu hòi húng nó bảo thế : v
Ok Haha Đúng đóm con nguu như idol đầu bu.ồi giẻ rách của nó vậy :))) xưa nó ở GVR đ có mấy ae giúp đỡ thì nó cũng chỉ là thằng xách nước bổ cam lau dọn ghế cọ nhà vệ sinh trong đấy thôi nhé.,2.0,191,ok haha đúng đóm con nguu như idol đầu bu . ồi giẻ rách của nó vậy : ) ) ) xưa nó ở gvr đ có mấy anh_em giúp_đỡ thì nó cũng chỉ là thằng xách nước bổ cam lau dọn ghế cọ nhà vệ_sinh trong đấy thôi nhé .
nhớ hkia k cs đàn cánh cụt,0.0,26,nhớ hkia không cs đàn cánh cụt
Tin vui cho CSGT để đem về cho người thân không có xe,0.0,53,tin_vui cho csgt để đem về cho người_thân không có xe
Nếu là người có lòng tự trọng thì hãy tự xin thôi đi. Đừng nhận tiền khi mình không có năng lực. Làm việc không có trách nhiệm và đạo đức. Hãy về đất nước của ông. Ở đây chúng tôi không chào đón ông,0.0,198,nếu là người có lòng tự_trọng thì hãy tự xin thôi đi . đừng nhận tiền khi mình không có năng_lực . làm_việc không có trách_nhiệm và đạo_đức . hãy về đất_nước của ông . ở đây chúng_tôi không chào_đón ông
Xin lỗi cái ĐB,1.0,14,xin_lỗi cái đb
Được đó thầy,0.0,12,được đó thầy
Mấy thằng ngu dốt mà tại sao gọi bọn nó là nhà trí thức ?,2.0,57,mấy thằng ngu_dốt mà tại_sao gọi bọn nó là nhà trí_thức ?
Em đang học đánh illoi Mong giao lưu chỉ giáo ạ,0.0,47,em đang học đánh illoi mong giao_lưu chỉ_giáo ạ
Em cũng chúc cả nhà anh chị một kì nghĩ lễ thật vui vẻ ❤️,0.0,57,em cũng chúc cả nhà anh_chị một kì nghĩ lễ thật vui_vẻ ❤ ️
Thứ nhất do luật không nghiêm. Thứ 2 rồi đây tình người sẽ mất hết. Botay,0.0,73,thứ nhất do luật không nghiêm . thứ 2 rồi_đây tình người sẽ mất hết . botay
dot,1.0,3,dot
tây nó tưởng điên trốn trại,1.0,27,tây nó tưởng điên trốn trại
"Cái mỏ giống cá tai tượng quá ,,bởi vậy nó sạo ke cai thứ chửi Việt nam la kg ưa roi",1.0,84,"cái mỏ giống cá tai tượng quá , , bởi_vậy nó sạo ke cai thứ chửi việt nam la kg ưa roi"
"Má xem clip xong nhìn xe mình không thấy, giật mình.nghĩ lại thì ra mình bỏ bên nhà hàng xóm",0.0,92,"má xem clip xong nhìn xe mình không thấy , giật_mình . nghĩ_lại thì ra mình bỏ bên nhà hàng_xóm"
HN Thu Nguyên mấy thằng nhơ bẩn cả nc vn,2.0,40,hn thu nguyên mấy thằng nhơ_bẩn cả nc vn
thằng ngu nếu ko bồi thường thì đừng có lấy của dân,1.0,51,thằng ngu nếu không bồi_thường thì đừng có lấy của dân
Này acc fake đang bắt trọng tài sao đăng bài đc Má ôi tin nhanh thế,0.0,67,này acc fake đang bắt trọng_tài sao đăng bài được má ôi tin nhanh_thế
anh thua top do sai lane chu trinh anh nhu con cac that,2.0,55,anh thua top do sai lane chu trinh anh nhu con cac that
"nói ngu thì tự ái, cãi cùn còn nch thì thích công kích cá nhân. Trình độ học vấn hết cấp2 chưa?",1.0,95,"nói ngu thì tự_ái , cãi cùn còn nch thì thích công_kích cá_nhân . trình_độ học_vấn hết cấp2 chưa ?"
Mắt ông mù à,1.0,12,mắt ông mù à
bọn nó lột xong còn bỏ cát vào bình xăng với dầu ý . Quá khốn nạn .,1.0,67,bọn nó lột xong còn bỏ cát vào bình xăng với dầu ý . quá khốn_nạn .
"Mẫn Đạt Sủa câu biết ngu học =)) đúng là fan bóng đá thời vụ mới nói được những câu này, dell biết nhìn ra mình có gì mà đi chửi HLV",2.0,132,"mẫn đạt sủa câu biết ngu học = ) ) đúng là fan bóng_đá thời_vụ mới nói được những câu này , dell biết nhìn ra mình có gì mà đi chửi hlv"
m có thời à,0.0,11,m có thời à
DM thằng lồn,2.0,12,dm thằng lồn
"Một hlv éo có tâm, cần dẹp gắp, nó không khác gì con sâu mọt đang phá dần bóng đá việt nam",1.0,90,"một hlv éo có tâm , cần dẹp gắp , nó không khác gì con sâu_mọt đang phá dần bóng_đá việt_nam"
K phải khen chứ phim dỡ vkl,1.0,27,không phải khen chứ phim dỡ vkl
bỏ con mà éo liên quan là sao?,1.0,30,bỏ con mà éo liên_quan là sao ?
Acc Fake nha,0.0,12,acc fake nha
Lỗi lầm j hả th chó,2.0,19,lỗi_lầm gì hả th chó
"giống vcl luôn, đm như 2 giọt nước",1.0,34,"giống vcl luôn , đm như 2 giọt nước"
Sory con mẹ mày,2.0,15,sory con_mẹ mày
"Dàn dựng để trộm cắp, thanh niên sức dài vai rộng k chịu đi làm, đi ăn cắp, rồi có ngày người ta đánh chết cho .",1.0,112,"dàn_dựng để trộm_cắp , thanh_niên sức dài vai rộng không chịu đi làm , đi ăn_cắp , rồi có ngày người_ta đánh chết cho ."
đọc thì đọc cho hết còn k hiểu thì câm và cút.,1.0,46,đọc thì đọc cho hết còn không hiểu thì câm và cút .
"Nghiệp dư, con Trâu trắng chứ phù thuỷ trắng mịa gì!",1.0,52,"nghiệp_dư , con trâu trắng chứ phù_thuỷ trắng mịa gì !"
Chúng mày đốt luôn đi cũng kệ con mẹ chúng mày,2.0,46,chúng_mày đốt luôn đi cũng kệ con_mẹ chúng_mày
Cháu cũng làm con cặc j.,1.0,24,cháu cũng làm con cặc j .
Con nhiều chuyện.mất la đúng rồi,0.0,32,con nhiều chuyện . mất la đúng rồi
"Một bọn súc vật ,bắt được chặt tay là o giám lần sau.",2.0,53,"một bọn súc_vật , bắt được chặt tay là o giám lần sau ."
"Bị bắt đạp chế.t thì có đứa vào nói đạo lí, tao khinh",1.0,53,"bị bắt đạp chế . t thì có đứa vào nói đạo_lí , tao khinh"
Mi bắt v r bh xl thì làm đk méo j nx,1.0,36,mi bắt v r bh xl thì làm đk méo gì nx
Thế nó là khách quen của mày hay sao? việc của m à nó chửi bạn tao thì tao binh liên quan gì mày khách hàng thân thiết của m à,0.0,126,thế nó là khách quen của mày hay sao ? việc của m à nó chửi bạn tao thì tao binh liên_quan gì mày khách_hàng thân_thiết của m à
Bố tk óc chó ngáo đá tưởng vậy là ngầu,2.0,38,bố tk óc chó ngáo đá tưởng vậy là ngầu
Phạm Vũ nc Anh là trời âu chứ là gì 😄,0.0,37,phạm vũ nc anh là trời âu chứ là gì 😄
Xin con cặc mẹ mày. Ok,2.0,22,xin con cặc mẹ mày . ok
Lolll cha m bán độ mà xin lổi cc j,2.0,34,lolll cha m bán_độ mà xin lổi cc gì
Năng lực yếu kém. Tư duy bảo thỉ. Xin nghỉ đi,1.0,45,năng_lực yếu_kém . tư_duy bảo thỉ . xin nghỉ đi
mực là con Vel'koz kk ilao là con bạch tuộc,0.0,43,mực là con vel ' koz kk ilao là con bạch_tuộc
Con chó trọng tài,2.0,17,con chó trọng_tài
Rồi ?,0.0,5,rồi ?
Bao gio ban xoi moi mua lai dc xe,0.0,33,bao gio ban xoi moi mua lai được xe
Sorry cc bắt thẻ như cc ngta,1.0,28,sorry cc bắt thẻ như cc ngta
nghỉ mẹ đi đừng làm trọng trọng tài nữa,1.0,39,nghỉ mẹ đi đừng làm trọng trọng_tài nữa
Nguyễn Quốc Vinh SuBaSan,0.0,24,nguyễn quốc vinh subasan
Chuẩn bị bay acc ik,0.0,19,chuẩn_bị bay acc ik
Vẫn là bú tương tác :)) hẳn là nói được làm được :)) rẻ rách chưa :)),1.0,69,vẫn là bú tương_tác : ) ) hẳn là nói được làm được : ) ) rẻ rách chưa : ) )
Nguyễn Gia Hiếu m vào đây lm j,0.0,30,nguyễn gia hiếu m vào đây lm gì
Mày hãm l vừa thôi mày công kích tao xong bảo tao công kích cá nhân mày thế chả lẻ mày chửi tao thì tao chửi ai m bị ngơ à,2.0,122,mày hãm l vừa thôi mày công_kích tao xong bảo tao công_kích cá_nhân mày thế chả lẻ mày chửi tao thì tao chửi ai m bị ngơ à
 quao thật là xạo l @@,1.0,22,quao thật là xạo l @ @
Pha ke,0.0,6,pha ke
Bạn bè dell gì với cái tk mực rách này,2.0,38,bạn_bè dell gì với cái tk mực rách này
Tham vật chất.chết của cải vật chất phải để lại hết.nhg tội thì mang theo .ko từ bỏ dc,1.0,86,tham vật_chất . chết của_cải vật_chất phải để lại hết . nhg tội thì mang theo . ko từ_bỏ được
Thứ bóng dơ,1.0,11,thứ bóng dơ
Ngoo còn đăng lên khoe nữa,1.0,26,ngoo còn đăng lên khoe nữa
sơ hở là trộm,1.0,13,sơ_hở là trộm
Fake cũbg tin :))),0.0,18,fake cũbg tin : ) ) )
ngu vcl,1.0,7,ngu vcl
ủa vậy Thủ Tướng kỳ này là ai vậy,0.0,41,ủa vậy thủ_tướng kỳ này là ai vậy
Thằng lồn mày qua việt nam thử có về được ko,2.0,44,thằng lồn mày qua việt nam thử có về được không
nhặng đýt :)))),1.0,15,nhặng đýt : ) ) ) )
Tinh Trùng Khuyết Tật,2.0,21,tinh_trùng khuyết_tật
Lần tới chừa mê choai nhé cưng,0.0,30,lần tới chừa mê choai nhé cưng
đg r lm như nó là bố thiên hạ ý,1.0,31,đg r lm như nó là bố thiên_hạ_ý
Trải qua cảm giác ..a di đà phật,0.0,32,trải qua cảm_giác . . a_di_đà phật
"nó thuê diễn viên vào bắt nạt tôi bạn ạ, cơ mà 2 game nó 4 8, 2 8 k khá lên dc =)))",0.0,83,"nó thuê diễn_viên vào bắt_nạt tôi bạn ạ , cơ_mà 2 game nó 4 8 , 2 8 không khá lên được = ) ) )"
ủa lộn tối nhớ k cs con chim cánh cụt nên pressing :)),0.0,54,ủa lộn tối nhớ không cs con chim cánh_cụt nên pressing : ) )
Lữ Văn Thánh ông trẩu vc,2.0,24,lữ_văn thánh ông trẩu vc
Xin lỗi con mẹ mày à. Xin lỗi thì làm đc con mẹ gì bây giờ. Lúc bắt k bắt công băng mẹ mày luôn đi để giờ đỡ phải xin lỗi,2.0,121,xin_lỗi con_mẹ mày à . xin_lỗi thì làm được con_mẹ gì bây_giờ . lúc bắt không bắt công băng mẹ mày luôn đi để giờ đỡ phải xin_lỗi
Ở thành phố thôi ở Quê thì mày song đời rồi,1.0,43,ở thành_phố thôi ở quê thì mày song đời rồi
"đỉnh nhất vẫn là \""chiếc khăn gió ấm\""",0.0,38,"đỉnh nhất vẫn là \ "" chiếc khăn gió ấm \ """
"Thấy các bạn trẻ bây giờ mà thở dài ngán ngẫm, sinh ra trong thời bình, có điều kiện học hành, nhu cầu tối thiểu cũng đã xa xỉ so với lớp đàn anh, nhưng rồi chẳng nên trò trống gì!",1.0,180,"thấy các bạn trẻ bây_giờ mà thở_dài ngán ngẫm , sinh ra trong thời_bình , có điều_kiện học_hành , nhu_cầu tối_thiểu cũng đã xa_xỉ so với lớp đàn_anh , nhưng rồi chẳng nên trò_trống gì !"
Họ bị mù mà !!! Tiền che hàng cave đi rồi chúng cơ quan thiểu năng ko thấy đâu,1.0,78,họ bị mù mà ! ! ! tiền che hàng cave đi rồi chúng cơ_quan_thiểu_năng không thấy đâu
Mong ông hãy rời khỏi VN,0.0,24,mong ông hãy rời khỏi vn
Khánh Duy share đi cháu 🤣,0.0,25,khánh duy share đi cháu 🤣
nhạc sĩ đa tài và anh chàng tấu hài đẳng cấp,0.0,44,nhạc_sĩ đa_tài và anh_chàng tấu hài đẳng_cấp
Haha mày nhìn ạc này đánh giá hơi vội tao đéo phải loại ở nhà ăn bám không việc làm mà chơi tốc chiến đâu :)),1.0,109,haha mày nhìn ạc này đánh_giá hơi vội tao đéo phải loại ở nhà_ăn_bám không việc_làm mà chơi tốc chiến đâu : ) )
lại là dư lợn vin,1.0,17,lại là dư lợn vin
xà lơ. Hợp lý cái gì. Cái cty có tư cách gì mà đòi làm việc vs nta. Cty mà làm như cơ quan nhà nước. Lên đây thông cáo báo chí để làm chi. Chắc có cửa để gặp.,0.0,158,xà lơ . hợp_lý cái gì . cái cty có tư_cách gì mà đòi làm_việc với nta . cty mà làm như cơ_quan nhà_nước . lên đây thông_cáo báo_chí để làm_chi . chắc có cửa để gặp .
Nhanh chậm cái con mẹ chúng mày =))),2.0,41,nhanh chậm cái con_mẹ chúng_mày = ) ) )
Đm thằng ad xamlone,2.0,20,đm thằng admin xamlone
con mẹ mày chửi anh độ,2.0,22,con_mẹ mày chửi anh độ
Mấy thằng chó đẻ!,2.0,17,mấy thằng chó_đẻ !
Tức á ca ko đc,0.0,14,tức á ca không được
"jack thà bỏ con cũng sẽ không bỏ qua việc này. Jack sẽ làm rõ đến cùng , hãy ủng hộ jack :)))",0.0,93,"jack thà bỏ con cũng sẽ không bỏ_qua việc này . jack sẽ làm rõ đến cùng , hãy ủng_hộ jack : ) ) )"
From Bảo Yên with love =))),0.0,27,from bảo yên with love = ) ) )
Trọng tài bị thái lan chơi ngãi à,0.0,33,trọng_tài bị thái lan chơi ngãi à
Tui coi đi coi lại chẳng thấy cái gì hết trời,0.0,45,tui coi đi coi lại chẳng thấy cái gì hết trời
sao ô biết hay vậy tôi 2006 đang lớp 12 tích tiền mẹ cho ăn sáng để net net được 70 win cao thủ đơn 220 điểm nếu ô k tin có thể lên lmsslus check ig : phu 206 12c1 #2005,0.0,169,sao ô biết hay vậy tôi 2006 đang lớp 12 tích tiền mẹ cho ăn sáng để net net được 70 win cao_thủ đơn 220 điểm nếu ô không tin có_thể lên lmsslus check ig : phu 206 12c1
"mịa, bao nhiều đời đéo dẹp được, ông Thăng lên được mấy tháng thì dẹp thế đéo nào ngay được, nói ngu vl",1.0,103,"mịa , bao nhiều đời đéo dẹp được , ông thăng lên được mấy tháng thì dẹp thế đéo nào ngay được , nói ngu vl"
"xuất cai L, đm quần áo Vn toàn nhập siêu từ TQ hết 70% chứ xuất xuất clm chúng mày",2.0,82,"xuất cai l , đm quần_áo vn toàn nhập_siêu từ tq hết 70 % chứ xuất xuất clm chúng_mày"
Đi WC,0.0,5,đi wc
Đừng làm vậy a ơi,0.0,17,đừng làm vậy a ơi
may can xuong cua anh tao,1.0,25,may can xuong cua anh tao
Nhìn mặt đẹp gái mà cái tính lại xấu xa thế này.,1.0,48,nhìn mặt đẹp gái mà cái tính lại xấu_xa thế này .
Nhìn ngu haiz vãi,1.0,17,nhìn ngu haiz vãi
nguyên cái chữ Fan cứng thế cơ mà,0.0,33,nguyên cái chữ fan cứng thế cơ_mà
k khác dì mấy với bọn thượng đẳng hàn quốc,1.0,42,không khác dì mấy với bọn thượng đẳng hàn_quốc
Tụi thái mua m bao nhiêu vua áo đen bắt như quần trọng tài chính và phụ như quần quề tổ cha tụi,1.0,95,tụi thái mua m bao_nhiêu vua áo đen bắt như quần trọng_tài_chính và phụ như quần quề tổ cha tụi
Thằng nào fan của thằng này dc thì bố m cũng nể :)),1.0,51,thằng nào fan của thằng này được thì bố m cũng nể : ) )
Đm train như cuccut mà vô quất 1 hơi 3-0 sợ thật :v,1.0,51,đm train như cuccut mà vô quất 1 hơi 3 - 0 sợ thật : v
 bắt đc thằmg ngu bị cắn bait này,1.0,33,bắt được thằmg ngu bị cắn bait này
Cho 3 cha con nó vào tù luôn đi,1.0,31,cho 3 cha con nó vào tù luôn đi
Là là ăn cơm chó,0.0,16,là là ăn cơm chó
1 người mẹ vĩ đại mãi êu,0.0,24,1 người mẹ vĩ_đại mãi êu
lm như m chưa bao h chửi=),0.0,26,lm như m chưa bao h chửi = )
Ra ngoài nhìn trước nhìn sau vào,0.0,32,ra ngoài nhìn trước nhìn sau vào
"Fuck, Mẹ mầy nghỉ cầm còi đc rồi đó, chắc nhận một đống tiền từ thái.",2.0,69,"fuck , mẹ mầy nghỉ cầm còi được rồi đó , chắc nhận một đống tiền từ thái ."
gác lại chuyện đủ trình k thì bạn bè cái choá gì mà bạn qua mạng thì tin thì vẫn ngáo,1.0,85,gác lại chuyện đủ trình không thì bạn_bè cái choá gì mà bạn qua mạng thì tin thì vẫn ngáo
"Tại ở viêt nam tội trom căp hình phạt còn nhẹ,chứ phạt như bên thái lan đi xem coi còn ai dám k",0.0,95,"tại ở viêt nam tội trom căp hình_phạt còn nhẹ , chứ phạt như bên thái lan đi xem coi còn ai dám không"
ông nói vậy là xúc phạm lồn rồi Mồm thằng này chắc giống cái hố phân ấy chứ,2.0,75,ông nói vậy là xúc_phạm lồn rồi mồm thằng này chắc giống cái hố phân ấy chứ
Cái cc m ak xl cái lol,2.0,22,cái cc m ak xl cái lol
Hat nhu lon 🙂,1.0,13,hat nhu lon 🙂
Thanh Hoa nhiều cánh hoa tạo nên (Thanh)Hoa,0.0,43,thanh hoa nhiều cánh hoa tạo nên ( thanh ) hoa
Xin lỗi đéo làm được gì đâu,1.0,27,xin_lỗi đéo làm được gì đâu
Mẹ nó cái bọn trâu bò này người ta làm kiếm bạc cắt mà nó cũng kô tha,2.0,69,mẹ nó cái bọn trâu_bò này người_ta làm kiếm bạc cắt mà nó cũng kô tha
éo thèm nhé =)),1.0,15,éo thèm nhé = ) )
Xinh cụ m,1.0,9,xinh cụ m
Xạo lồn quá chị ba ơi,1.0,21,xạo lồn quá chị ba ơi
Con bóng đũy ăn cứt,2.0,21,con bóng đũy ăn cứt
"Ch.ó mực sủa hay ghê , đánh thì như cc, lại đây bú cặk a a dạy chơi game cho",2.0,76,"ch . ó mực sủa hay ghê , đánh thì như cc , lại đây bú cặk a a dạy chơi game cho"
Bố thằng đần,2.0,12,bố thằng đần
Á đù idol ở đây luôn,0.0,20,á đù idol ở đây luôn
Chet me may chua con kkk,2.0,24,chet me may chua con kkk
Một pha óc chó của a . ý thức như ruồi của a,2.0,44,một pha óc chó của a . ý_thức như ruồi của a
vl t đang xem mèo simmu bản sẽ à,0.0,32,vl t đang xem mèo simmu bản sẽ à
Sống bằng cacban rồi. :)))) k bị chậm nữa,0.0,41,sống bằng cacban rồi . : ) ) ) ) không bị chậm nữa
Tụi bay nghĩ đó là giọng con gái à? Sai lầm. Nhỏ đó chỉ có tâm hồn con gái thôi. Có cu đó,0.0,89,tụi bay nghĩ đó là giọng con_gái à ? sai_lầm . nhỏ đó chỉ có tâm_hồn con_gái thôi . có cu đó
Ông ngu chứ cay gì,1.0,18,ông ngu chứ cay gì
"vui ở đây, là thái độ với cách cư xử, có thể thua trong lòng buồn cực, nhưng có chơi có chịu, vẫn phải cư xử bên ngoài vui vẻ người ta mới nể chứ",0.0,145,"vui ở đây , là thái_độ với cách cư_xử , có_thể thua trong lòng buồn cực , nhưng có chơi có chịu , vẫn phải cư_xử bên ngoài vui_vẻ người_ta mới nể chứ"
M làm cc j mà đăg cái bài ngu vậy ad? Cho chúg vào chửi ngược à????,2.0,67,m làm cc gì mà đăg cái bài ngu vậy ad ? cho chúg vào chửi ngược à ? ? ? ?
"Ba Lan Chi jack không bao , giờ đạo nhạc",1.0,40,"ba lan chi jack không bao , giờ đạo nhạc"
"Loại phản Động phát biểu linh tinh, Việt Nam thống Nhất rồi",2.0,59,"loại phản_động phát_biểu linh_tinh , việt nam thống_nhất rồi"
Quốc Khánh Sáng Nguyễn Nguyễn Shaco thằng ngu nhất t từng biết,2.0,62,quốc_khánh sáng nguyễn nguyễn shaco thằng ngu nhất t từng biết
Phạm Trần Ngọc Điệp nhưng quan trọng là cty J97 có địa chỉ nhà Vr sao ko qua thẳng làm việc trực tiếp cho nó xong đi còn đăng status làm gì cho nó lòng vòng?,0.0,157,phạm trần ngọc điệp nhưng quan_trọng là cty j97 có địa_chỉ nhà vr sao không qua thẳng làm_việc trực_tiếp cho nó xong đi còn đăng status làm gì cho nó lòng_vòng ?
Đã ngèo khó rồi còn ko tha bọn chó cắn áo rách,2.0,46,đã ngèo khó rồi còn không tha bọn chó cắn áo rách
Đm bọn chó bán xôi còn đéo tha .,2.0,32,đm bọn chó bán xôi còn đéo tha .
Để hình con chó con heo bình tùm bậy tùm bạ.:))) Chửi anti thốn vl,1.0,66,để hình con chó con heo bình tùm bậy tùm bạ . : ) ) ) chửi anti thốn vl
Mới hả mn 😅,0.0,11,mới hả mọi người 😅
Mẹ Đỹ ruồi phát quang mê cá chà bac của anh jack nên thích có con rơi à,2.0,71,mẹ đỹ ruồi phát_quang mê cá chà_bac của anh jack nên thích có con_rơi à
30p rồi kêu chậm cái dmm,1.0,24,30p rồi kêu chậm cái dmm
Bài đặt,0.0,7,bài đặt
Ayane Harukana.,0.0,15,ayane harukana .
Ngu vcl,1.0,7,ngu vcl
"Ăn hết bao nhiêu tiền của dân để lo cho dân nhưng lũ mọi rợ này lo cho dân vậy đó,qua tàu rước bao công về chém hết lũ mọi rợ đó đi.",2.0,132,"ăn hết bao_nhiêu tiền của dân để lo cho dân nhưng lũ mọi_rợ này lo cho dân vậy đó , qua tàu rước bao công về chém hết lũ mọi_rợ đó đi ."
ngài tỷ phú đây nghe nói cái nóng hết cả cái đầu lên nhỉ=)))),0.0,61,ngài tỷ_phú đây nghe nói cái nóng hết cả cái đầu lên nhỉ = ) ) ) )
Chỉ tại con người tiến hoá thành choá,1.0,37,chỉ tại con_người tiến_hoá thành choá
Chuyên môn yếu,1.0,14,chuyên_môn yếu
lớn rồi mà não chứa sạn vs sỏi trong đầu hả :))) coi chừng nó cho đứa con,2.0,73,lớn rồi mà não chứa sạn với sỏi trong đầu hả : ) ) ) coi_chừng nó cho đứa con
Người ko ra người.ngợm ko ra ngợm.ý thức thì như đống rác.nhà nước nên bỏ tù những thằng coi thường pháp luật và tính mạng người khác như nó.phạt thật nặng xem nó có im mỏm nó ko.,1.0,179,người không ra người . ngợm không ra ngợm . ý_thức thì như đống rác . nhà_nước nên bỏ_tù những thằng coi_thường pháp_luật và tính_mạng người khác như nó . phạt thật nặng xem nó có im mỏm nó ko .
Cái này hả,0.0,10,cái này hả
Dm bọn Việt tân nhé,2.0,19,dm bọn việt tân nhé
Cần tao giạy khoá lm trọng tài ko,0.0,33,cần tao giạy khoá lm trọng_tài không
"top 1 rồi mà, thậm chí 3 acc td hàn top 10 top 20",0.0,49,"top 1 rồi mà , thậm_chí 3 acc td hàn top 10 top 20"
"bộ hàng hải :)) admin ngu đéo chịu đc :)))))))))))) ôi ""bộ hàng hải"" =)))))",1.0,75,"bộ hàng_hải : ) ) admin ngu đéo chịu được : ) ) ) ) ) ) ) ) ) ) ) ) ôi "" bộ hàng_hải "" = ) ) ) ) )"
Lũ này bắt dk dah chết mẹ...ko lo làm ăn .. toàn đi trộm cắp,2.0,60,lũ này bắt dk dah chết mẹ ... ko lo làm_ăn . . toàn đi trộm_cắp
Bắn làn+tốc độ,0.0,14,bắn làn + tốc_độ
"đúng rồi phải bồi thường đi, làm ngta có bầu rồi bỏ đâu có đc",0.0,61,"đúng rồi phải bồi_thường đi , làm ngta có bầu rồi bỏ đâu có được"
"Đàn bà nó thế, bạn có nói trăm lần thì nó trả lời bạn: thằng lắm mồm!",1.0,69,"đàn_bà nó thế , bạn có nói trăm lần thì nó trả_lời bạn : thằng lắm_mồm !"
Muộn rồi,0.0,8,muộn rồi
Bài học cảnh giác,0.0,17,bài_học cảnh_giác
Hoàng T. Kim Khuyến cười cái lon,1.0,32,hoàng t . kim khuyến cười cái lon
Con nay da vo mat no cho đa,2.0,27,con nay da vo mat no cho đa
cả dòng họ nghèo hèn kid đ gặp được messi nên ganh tị,2.0,53,cả dòng_họ nghèo_hèn kid đ gặp được messi nên ganh_tị
Thanh Vinh top thách đấu đấy ba . conten thôi,0.0,45,thanh vinh top thách đấu đấy ba . conten thôi
Ông trần dần nói hay quad,0.0,25,ông trần dần nói hay quad
Sếp nhà mình lại bắt nhân viên đi cách li thay 😌😌,0.0,49,sếp nhà mình lại bắt nhân_viên đi cách_li thay 😌 😌
"Ad chửi hết bọn khựa làm chó gì?! Dân nó cũng y như dân mình thôi. Chế hính cho đỡ tức hả, không tác dụng gì, để sức mà xem nước ta ""thắt chặt tình hữu nghị"" ra sao nhé. Vụ Formosa chìm xuồng rồi nhé :v Đm, ai bầu thằng cẩu nô tài lên làm lãnh đạo thế?!",1.0,253,"admin chửi hết bọn khựa làm chó gì ? ! dân nó cũng y_như dân mình thôi . chế hính cho đỡ tức hả , không tác_dụng gì , để sức mà xem nước ta "" thắt chặt tình hữu_nghị "" ra sao nhé . vụ formosa chìm_xuồng rồi nhé : v đm , ai bầu thằng cẩu nô tài lên làm lãnh_đạo thế ? !"
Nguyễn Văn Huân sống chậm làm đéo j,1.0,35,nguyễn văn huân sống chậm làm đéo gì
Tăng Gia Kiệt e hiểu lý do sao e dc lòng đứa khác r a =))))))))))),0.0,66,tăng_gia kiệt e hiểu lý_do sao e được lòng đứa khác r a = ) ) ) ) ) ) ) ) ) ) )
Huỷ lễ tang mẹ m à,2.0,18,huỷ lễ tang mẹ m à
Sống kiểu này ko ngốc đầu nỗi đâu .sau này hối hân cũng muộn rồi,1.0,64,sống kiểu này không ngốc đầu nỗi đâu . sau_này hối hân cũng muộn rồi
Óc chó,1.0,6,óc chó
Ăn tết đéo ngon,1.0,15,ăn tết đéo ngon
"anh bạn à, tôi có thể giảng hòa được kh? :v",0.0,43,"anh bạn à , tôi có_thể giảng hòa được kh ? : v"
Thịt lợn tăng,0.0,13,thịt lợn tăng
Ng Tuấn Châu uầy gắt vđ,1.0,23,ng tuấn châu uầy gắt vđ
sao m biết,0.0,10,sao m biết
gi vay abe :)),0.0,14,gi vay abe : ) )
Vl :)),1.0,6,vl : ) )
Khánh An hạt điên quỷ tới chơi nè lũ bk,0.0,39,khánh an hạt điên quỷ tới chơi nè lũ bk
Con đĩ Linh nc ngu vãi! Ai xuống thăm nó chưa nhỉ,2.0,49,con đĩ linh nc ngu vãi ! ai xuống thăm nó chưa nhỉ
"có lẽ chơi game nhiều nên kỹ năng mềm kém. Mấy đứa tuyển thủ trừ những đứa chín chắn như Levi hay lứa tuyển thủ đời đầu thì còn lại kỹ năng mềm, thậm chí kỹ năng sống đều kém (kể cả Sofm t cũng k đánh giá cao)",0.0,209,"có_lẽ chơi game nhiều nên kỹ_năng mềm kém . mấy đứa tuyển_thủ trừ những đứa chín_chắn như levi hay lứa tuyển_thủ đời_đầu thì còn lại kỹ_năng mềm , thậm_chí kỹ_năng sống đều kém ( kể_cả sofm t cũng không đánh_giá cao )"
bon comcom đơn vị tác chiến điện tử vs nhật ký yêu nước dm chúng mày vào mà đọc. tưởng ai cũng như chúng mày hết đấy,2.0,116,bon comcom đơn_vị tác_chiến điện_tử với nhật_ký yêu nước dm chúng_mày vào mà đọc . tưởng ai cũng như chúng_mày hết đấy
Hiep Tong chắc k ai nhận ra đâu 🤣,0.0,33,hiep tong chắc không ai nhận ra đâu 🤣
Chẳng hiểu mày ăn mặc kiểu lồn gi,2.0,33,chẳng hiểu mày ăn_mặc kiểu lồn gi
"chấp làm gì cái loại này hả e, chả biết cuộc đời nó hơn ai rồi mà mở mồm ra là khinh người khác :))))",1.0,101,"chấp làm gì cái loại này hả e , chả biết cuộc_đời nó hơn ai rồi mà mở mồm ra là khinh người khác : ) ) ) )"
Như 1 con bò động đực clm =))),1.0,30,như 1 con bò động_đực clm = ) ) )
đừng thấy ai không để avt là phán câu clone,1.0,43,đừng thấy ai không để avt là phán câu clone
Những đứa trẻ này thật hết biết nói gì. Khi nữa chết đi xuống gặp Phán Quan tới đó hối cãi cũng kh còn kịp nữa ròi.,0.0,115,những đứa trẻ này thật hết biết nói gì . khi nữa chết đi xuống gặp phán quan tới đó hối cãi cũng kh còn kịp nữa ròi .
:))))) xử lý lỗi lại cứ muốn dc khen cơ. lôi rank này nọ ra cơ. vậy thoi đăng lên mạng xã hội chi rồi đòi ai cũng phải khen trog khi toxic xử lý lỗi :))),0.0,153,: ) ) ) ) ) xử_lý lỗi lại cứ muốn được khen cơ . lôi rank này_nọ ra cơ . vậy thoi đăng lên mạng xã_hội chi rồi đòi ai cũng phải khen trog khi toxic xử_lý lỗi : ) ) )
rất mong các luật sư làm việc luôn,0.0,34,rất mong các luật_sư làm_việc luôn
mầy thit,0.0,8,mầy thit
"Bán nước rõ ràng rồi, các cháu dư luận viên còn gì để sủa ko?",1.0,61,"bán_nước rõ_ràng rồi , các cháu dư_luận viên còn gì để sủa ko ?"
"Sao quan chức cao cắp csnào , khi vi phạm pl cũng đều trả lời có vẻ ngây ngô , khờ khạo . Chẳng lẽ qui trình chọn lọc cán bộ cấp chiến lược là vậy sao ?!.Nhìn hành vi các qc phạm pháp thì biết nước nhà do các vĩ lđ sẽ đi về đâu . Đúng là các vị coi dân như những con lừa , mưốn làm gì củng được .Thế mà vẵn quang vinh vĩ đại !",1.0,326,"sao quan_chức cao cắp csnào , khi vi_phạm pl cũng đều trả_lời có vẻ ngây_ngô , khờ_khạo . chẳng_lẽ qui_trình chọn_lọc cán_bộ cấp chiến_lược là vậy sao ? ! . nhìn hành_vi các qc phạm_pháp thì biết nước_nhà do các vĩ lđ sẽ đi về đâu . đúng là các vị coi dân như những con lừa , mưốn làm gì củng được . thế_mà vẵn quang_vinh vĩ_đại !"
Óc choo làm kèo ko :)),1.0,22,óc choo làm kèo không : ) )
Nguyễn Quốc An một giọt là nước suối tinh khiết,0.0,47,nguyễn quốc an một giọt là nước suối tinh_khiết
DLV ngu lol lại còn lắm đứa hùa theo thể hiện đầu óc đúng là cặn bã. Lại còn lắm thằng bảo Việt Tân tài trợ Phan Anh nữa chứ.,2.0,125,dlv ngu lol lại còn lắm đứa hùa theo thể_hiện đầu_óc đúng là cặn_bã . lại còn lắm thằng bảo việt tân tài_trợ phan anh nữa chứ .
Cả Lê Hữu,0.0,9,cả lê_hữu
Ôi bọn ghen ăn tức ở,2.0,20,ôi bọn ghen ăn tức ở
Nhảm loz,1.0,8,nhảm loz
Thanh Tâm a mực ngu cỡ này m ngu cỡ nào,1.0,39,thanh tâm a mực ngu cỡ này m ngu cỡ nào
Địt con mẹ cnó vẽ rađể ăn chia với nhau ý mà. Làm cổng 200ti để tế thằng tổ cnó ah,2.0,82,địt con_mẹ cnó vẽ rađể ăn_chia với nhau ý mà . làm cổng 200ti để tế thằng tổ cnó ah
Chỉ có thể là Se dan,1.0,20,chỉ có_thể là se dan
Đi coppy ảnh của page khác không ghi nguồn. :))) kém chuyên nghiệp,1.0,66,đi coppy ảnh của page khác không ghi nguồn . : ) ) ) kém chuyên_nghiệp
"với immortal là 2 người one champ ngang ngữa nhau, có thể nói tồ vs trym hòa làm 1 thì mực với illaoi cũng vậy, anh cứ smuft tụi rank bạch kim kim cương cho em",0.0,159,"với immortal là 2 người one champ ngang ngữa nhau , có_thể nói tồ với trym hòa làm 1 thì mực với illaoi cũng vậy , anh cứ smuft tụi rank bạch_kim kim_cương cho em"
Anh em đón Tết Corona thế nào rồi :)),0.0,37,anh_em đón tết corona thế_nào rồi : ) )
thích thì Spam th XD,0.0,20,thích thì spam th xd
Ai biểu mê trai… đừng đỗ thừa winner & ẹc sìn tơ nhaaaa,1.0,55,ai biểu mê trai … đừng đỗ thừa winner & ẹc sìn tơ nhaaaa
"Làm cho tới luôn nha Jack ơi,thấy e hiền nó ăn híp ,nó trèo đầu cỡi cổ,đụng chạm Fan e nữa kìa ,ủng hộ Jack và công ty làm cho sáng tỏ việc này,bắt họ phải chịu trách nhiệm về những phát ngôn mà đã gây ra cho tất cả mn",0.0,218,"làm cho tới luôn nha jack ơi , thấy e hiền nó ăn híp , nó trèo đầu cỡi cổ , đụng_chạm fan e nữa kìa , ủng_hộ jack và công_ty làm cho sáng_tỏ việc này , bắt họ phải chịu trách_nhiệm về những phát_ngôn mà đã gây ra cho tất_cả mọi người"
"Mày làm như lên cái là hết trộm cướp ấy, với cái xã hội này chỉ có thể hạn chế thôi là đã mừng rồi nhé",1.0,102,"mày làm như lên cái là hết trộm_cướp ấy , với cái xã_hội này chỉ có_thể hạn_chế thôi là đã mừng rồi nhé"
"bạn thì kinh rồi ,bn là nhất ok chưa",0.0,36,"bạn thì kinh rồi , bn là nhất ok chưa"
Chỉ là lại từ bỏ tiền ra cho cày view thôi chứ hay cc j đâu,1.0,59,chỉ là lại từ_bỏ tiền ra cho cày view thôi chứ hay cc gì đâu
Những trận đá bóng là để thoả mãn nhãn người hâm mộ yêu bóng đá… mày bắt như thế thì ở cái bồn tắm thôi chứ không ra biển lớn được thằng đui đi làm trọng tài…,2.0,158,những trận đá bóng là để thoả_mãn nhãn người hâm_mộ yêu bóng_đá … mày bắt như thế_thì ở cái bồn_tắm thôi chứ không ra biển lớn được thằng đui đi làm trọng_tài …
Nguyễn Mạnh nói câu nào ngu câu đấy đúng fan ráck,2.0,49,nguyễn mạnh nói câu nào ngu câu đấy đúng fan ráck
K phải khen chứ phim dỡ vkl,1.0,27,không phải khen chứ phim dỡ vkl
"văn minh nhưng ăn cháo đá cặp lồng, bỏ vợ bỏ con :))",1.0,59,"văn_minh nhưng ăn cháo đá cặp_lồng , bỏ vợ bỏ con : ) )"
bây giờ xin lỗi thì dc gì?,0.0,26,bây_giờ xin_lỗi thì được gì ?
"Không phải tự nhiên bỏ công ty rồi làm vẻ tội nghiệp được đàn anh và bên faptv cứu xong giờ hỏi xem họ có coi ra gì ko, bỏ vợ bỏ con, khinh thường đàn anh, làm màu trên sân khấu bao nhiêu show bị khán giả chê, dính bản quyền gần nhất là idol b… Xem thêm",0.0,253,"không phải tự_nhiên bỏ công_ty rồi làm vẻ tội_nghiệp được đàn_anh và bên faptv cứu xong giờ hỏi xem họ có coi ra gì ko , bỏ vợ bỏ con , khinh_thường đàn_anh , làm màu trên sân_khấu bao_nhiêu show bị khán_giả chê , dính bản_quyền gần nhất là idol b … xem thêm"
XIn đmm,1.0,7,xin đmm
Nứng nứng nứng à,1.0,16,nứng nứng nứng à
2 chuyện đéo liên quan nhóc ác nhai phân gì ngậm hoài kh nhả v,1.0,62,2 chuyện đéo liên_quan nhóc ác nhai phân gì ngậm hoài kh nhả v
lỗi cc,1.0,6,lỗi cc
ok a 🙄🙄,0.0,7,ok a 🙄 🙄
ở ngoài tao mà gặp kiểu này t bắt lại cho anh Diệt đánh chết con cụ mày,2.0,71,ở ngoài tao mà gặp kiểu này t bắt lại cho anh diệt đánh chết con cụ mày
"Đọc tin này mà đau lòng quá, thật kinh khủng.",0.0,45,"đọc tin này mà đau_lòng quá , thật kinh_khủng ."
xin chào anh trọng tài,0.0,22,xin chào anh trọng_tài
giờ bố lấy xe m đi xịt sơn lại bảo của t m chịu đc ko kuu,0.0,57,giờ bố lấy xe m đi xịt sơn lại bảo của t m chịu được không kuu
thầy book giáo án mới cho e:(( a be cứu e vs,0.0,44,thầy book giáo_án mới cho e : ( ( a be cứu e với
Ngu thì chịu thôi bác,1.0,21,ngu thì chịu thôi bác
Ông chủ đem nhân viên đi khảo sát địa hình nuôi tôm,0.0,51,ông chủ đem nhân_viên đi khảo_sát địa_hình nuôi tôm
Nhìn mặt nc . Là Bik bộ mặt giả tạo . Bữa đó lôi tên cô mình Hiếu vo trước . Giờ nói kiểu xạo lol,1.0,97,nhìn mặt nc . là bik bộ_mặt giả_tạo . bữa đó lôi tên cô mình hiếu vo trước . giờ nói kiểu xạo lol
Địt cụ chúng nó? Bắt sâu nặng quá. Một đất nước xã hội khốn nạn,2.0,63,địt_cụ chúng_nó ? bắt sâu_nặng quá . một đất_nước xã_hội khốn_nạn
ăn bom trên nhà thằng adm trốc tôm thôi,1.0,39,ăn bom trên nhà thằng adm trốc tôm thôi
Này này ông bắt như j ấy h ra 1 câu xin lỗi là xong à quả cuối chạm tay ông ở ngay sau vẫn như k có chuyện j xảy ra Hảo ông :)),0.0,127,này này ông bắt như gì ấy h ra 1 câu xin_lỗi là xong à quả cuối chạm tay ông ở ngay sau vẫn như_không có chuyện gì xảy ra hảo ông : ) )
=)))) cày thuê rank bk ngầu.wa clm,0.0,34,= ) ) ) ) cày thuê rank bk ngầu . wa clm
"Vài năm nữa Kỳ Anh là huyện ung thư, Hà Tĩnh là tỉnh ung thư của VN :3",0.0,70,"vài năm nữa kỳ anh là huyện ung_thư , hà_tĩnh là tỉnh ung_thư của vn : 3"
Xin lỗi Việt Nam,0.0,16,xin_lỗi việt_nam
trọng tài,0.0,9,trọng_tài
Nghèo đói quá mà,0.0,16,nghèo_đói quá mà
CON QUI CAI CHUYEN DI LUA GAT... MAY GAT CHI MINH HIEU ... SAO LON,2.0,66,con qui cai chuyen di_lua gat ... may gat chi minh hieu ... sao lon
Những cái loại tội phạm có tổ chức như thế này... thì sao này ko có ra tòa nữa...niếu bắt được thì đem ra biển đổ xuống là xong.ok.,1.0,131,những cái loại tội_phạm có tổ_chức như thế này ... thì sao này không có ra tòa nữa ... niếu bắt được thì đem ra biển đổ xuống là xong . ok .
Chỉ muốn nói rằng em rấtt rất nhớ anh 🙂,0.0,39,chỉ muốn nói rằng em rấtt rất nhớ anh 🙂
:))) đuối lý rồi kìa.cay lắm. fan cái thằng toxic xử lý ngu bị hành ròii cay đập bàn đập ghế xong bắt ngkhác phải khen cơ.. :)))) lớn rồi chơi game it thoi cháu ạ. ra đường nhiều vào kkkk,1.0,187,: ) ) ) đuối lý rồi kìa . cay lắm . fan cái thằng toxic xử_lý ngu bị hành ròii cay đập bàn đập ghế xong bắt ngkhác phải khen cơ . . : ) ) ) ) lớn rồi chơi game it thoi cháu ạ . ra đường nhiều vào kkkk
Thanh niên mà đi xe độ mặc đồ tối khí chất u ám là biết xếp vào loại hạng người nào rồi,1.0,87,thanh_niên mà đi xe độ mặc đồ tối khí_chất u_ám là biết xếp vào loại hạng người nào rồi
Đúng một quả ảnh hợp lí,0.0,23,đúng một quả ảnh hợp_lí
Tán tận lương tâm ăn chỉ đi cướp giật,2.0,37,tán tận lương_tâm ăn chỉ đi cướp_giật
"ngu ai mượn vô cmt ngta vậy chứng tỏ m ngu hơn ,sân si hơn",2.0,58,"ngu ai mượn vô cmt ngta vậy chứng_tỏ m ngu hơn , sân si hơn"
"đất nước mình như tảng băng chìm. Loạn lạc quá! ba mẹ đi làm quần quật kiếm tiền , các thuế phí xăng thì tăng vùn vụt mà lương thì không thấy tăng, con cái đi học thì bị bảo vệ/ thầy ..bạo hành, lạm dụng td. Bị phát",1.0,251,"đất_nước mình như tảng băng chìm . loạn_lạc quá ! ba mẹ đi làm quần_quật kiếm tiền , các thuế_phí xăng thì tăng vùn_vụt mà lương thì không thấy tăng , con_cái đi học thì bị bảo_vệ / thầy . . bạo_hành , lạm_dụng td . bị phát"
Ngàn lần xin lỗi cũng ko đủ . Chết đi,2.0,37,ngàn lần xin_lỗi cũng không đủ . chết đi
"má tao ngày xưa cho má mày mà, còn ba tao và anh em tao còn dạy kèm cho má mày nữa đó :)))",0.0,90,"má tao ngày_xưa cho má mày mà , còn ba tao và anh_em tao còn dạy kèm cho má mày nữa đó : ) ) )"
Thoại Trần chính tã là chính gì,0.0,31,thoại trần chính tã là chính gì
Nguyễn Hằng Khanh Nguyen hay ăn nè,0.0,34,nguyễn hằng khanh nguyen hay ăn nè
"The ma van k ganh duocc anhh , dung la ngu lau dot ben` kho dao` taoo ma`",2.0,73,"the ma van không ganh duocc anhh , dung la ngu lau dot ben ` kho dao ` taoo ma `"
Nói hủy kênh Không coi mà biết vô bình luận 😂😂😂,0.0,47,nói_hủy kênh không coi mà biết vô bình_luận 😂 😂 😂
đi học mà xâm hình Thầy lol,1.0,27,đi học mà xâm hình thầy lol
Cứ trai đẹp là dè chừng nhà.c e,0.0,31,cứ trai đẹp là dè_chừng nhà . c e
:)))),0.0,5,: ) ) ) )
"Nhìn mà không diễn tả nổi, một video đáng buồn, tôi cầu mong cho người bán xôi kia mãi mãi tốt đẹp",0.0,98,"nhìn mà không diễn_tả nổi , một video đáng buồn , tôi cầu_mong cho người bán xôi kia mãi_mãi tốt_đẹp"
Bố mày đẻ mày ra mày ăn cứt lợn à,2.0,33,bố mày đẻ mày ra mày ăn cứt lợn à
"Nail là 1 nghề như nhiều nghành nghề lương thiện khác nhưng dưới bàn tay đen đúa của Tuyên giáo nó thành 1 cái nghề thấp kém, hạ đẳng. Nghề nào cũng để kiếm sống, nuôi sống gia đình, phục vụ xã hội cộng đồng không phân biệt giàu sang hay thấp hèn. Bản chất của CNCS là bình đẳng bác ái nhưng những hiện nay họ đang thực hiện hoàn toàn trái ngược.",1.0,346,"nail là 1 nghề như nhiều nghành nghề lương_thiện khác nhưng dưới bàn_tay đen_đúa của tuyên_giáo nó thành 1 cái nghề thấp_kém , hạ_đẳng . nghề nào cũng để kiếm sống , nuôi sống gia_đình , phục_vụ xã_hội cộng_đồng không phân_biệt giàu_sang hay thấp_hèn . bản_chất của cncs là bình_đẳng bác_ái nhưng những hiện_nay họ đang thực_hiện hoàn_toàn trái_ngược ."
Đúng chất Những thần ăn phân chó,2.0,32,đúng chất những thần ăn phân chó
dc mẹ sức dài vai rộng..,1.0,24,được mẹ sức dài vai rộng . .
Nếu là người biết tự trọng thì bạn nên xin nghỉ việc đi. Phát biểu thì toàn nói hay. Từ ngày nắm các đội tuyển Việt Nam đi đá giải nào cũng thua. Từ giao hữu tới chính thức. Đá như giờ thì dự word cup gì,0.0,203,nếu là người biết tự_trọng thì bạn nên xin nghỉ_việc đi . phát_biểu thì toàn nói hay . từ ngày nắm các đội_tuyển việt nam đi đá giải nào cũng thua . từ giao_hữu tới chính_thức . đá như giờ thì dự word cup gì
"trọng tài, trọng tài, trọng tài đâu",0.0,35,"trọng_tài , trọng_tài , trọng_tài đâu"
 mầy được Thai Lan mua à,0.0,24,mầy được thai lan mua à
Tin Vui Cuối Ngày:,0.0,18,tin_vui cuối ngày :
Có vẻ là người nổi tiếng :v,0.0,27,có vẻ là người nổi_tiếng : v
nói đi phải nói lại. Bây giờ không thằng nào nhận tiền hết. Đụng là phạt . Thì ý thức sẽ tự đi lên.,0.0,99,nói đi phải nói lại . bây_giờ không thằng nào nhận tiền hết . đụng là phạt . thì ý_thức sẽ tự đi lên .
cái giọng bà đó nghe ấy ấy quá ha,0.0,33,cái giọng bà đó nghe ấy ấy quá ha
Cầm còi 1 lần cả nhà mày ăn cả đời thằng mặt lần,2.0,48,cầm còi 1 lần cả nhà mày ăn cả đời thằng mặt lần
đm mày thang chó,2.0,16,đm mày thang chó
mày đúng là con c.h.ó ăn c.ứ.t của nhà nước.,2.0,44,mày đúng là con c . h . ó ăn c . ứ . t của nhà_nước .
Người nghèo cũng đi lấy xe của họ nhục quá,0.0,42,người nghèo cũng đi lấy xe của họ nhục quá
ngoài đời a này có ngu như vậy không mọi người,2.0,46,ngoài đời a này có ngu như_vậy không mọi người
"phản động là những đứa dám nói ""xấu"", nói xéo, và nói lên sự thật, đi ngược với đường lối của đoảng và bọn dư lợn viên lương 3 tháng 1 củ ( á nhầm 3 củ 1 tháng)",1.0,160,"phản_động là những đứa dám nói "" xấu "" , nói xéo , và nói lên sự_thật , đi ngược với đường_lối của đoảng và bọn dư lợn viên lương 3 tháng 1 củ ( á nhầm 3 củ 1 tháng )"
"""Sản phậm bị đạo như cl"" thì thẳng bỏ con nó đâu có thèm đạo .",1.0,62,""" sản phậm bị đạo như cl "" thì thẳng bỏ con nó đâu có thèm đạo ."
Em chỉ hài lòng khi có ny bên cạnh thoiii :< mặc dù k có ny :((,0.0,63,em chỉ hài_lòng khi có ny bên cạnh thoiii : < mặc_dù không có ny : ( (
"trong mấy grp rank bạc vàng mực feed bỏ mẹ, bị bọn m up lên khịa nhiều vc :))",1.0,77,"trong mấy grp rank bạc vàng mực feed bỏ_mẹ , bị bọn m up lên khịa nhiều vc : ) )"
ngu như cho,1.0,11,ngu như cho
Kien Ne bố jack cmay mới nổi đc năm thằng thánh nện kia n nổi lâu rồi k có cty thì tuổi cẹc mà nổi đc như giời ngồi mà lo tr thế giới lo mà ăn vào mồm cho no ấy,2.0,160,kien ne bố jack cmay mới nổi được năm thằng thánh nện kia n nổi lâu rồi không có cty thì tuổi cẹc mà nổi được như giời ngồi mà lo tr thế_giới lo mà ăn vào mồm cho no ấy
Mấy thằng mất dạy.co chiếc xe để ban xôi cũng lấy,2.0,49,mấy thằng mất_dạy . co chiếc xe để ban xôi cũng lấy
"Trộm cướp bắt được nên đánh chết ạ, đừng để chúng đẻ trứng",1.0,58,"trộm_cướp bắt được nên đánh chết ạ , đừng để chúng đẻ trứng"
"Bon này giảng cảnh với nhau, sau này gd bọn này cũng sẽ bị như vậy thôi,qua báo sẽ đến nhanh thôi",1.0,97,"bon này giảng cảnh với nhau , sau_này gd bọn này cũng sẽ bị như vậy thôi , qua báo sẽ đến nhanh thôi"
Xin fb của bà này,0.0,17,xin fb của bà này
Quang Chivas bố tổ sư thằng bại não,2.0,35,quang chivas bố tổ_sư thằng bại não
Súc vật từ nhan sắc đến nhân cách súc phạm loài người quá đy,2.0,60,súc_vật từ nhan_sắc đến nhân_cách súc phạm loài_người quá đy
"Hô ng việt dùng hàng việt đâu hết rồi, làm mẫu đi chứ",0.0,53,"hô ng việt dùng hàng việt đâu hết rồi , làm mẫu đi chứ"
Giảm cân đi hoèn =)),0.0,20,giảm cân đi hoèn = ) )
trẻ ranh dạo này cay. bị tao chửi cay. fan thằng zeros này thất bại del khác gi lũ ricon bên bóng đá :))) có gi đâu mà cay vào fb soi. kkkkk cay lắm kìa,1.0,152,trẻ_ranh dạo này cay . bị tao chửi cay . fan thằng zeros này thất_bại del khác gi lũ ricon bên bóng_đá : ) ) ) có gi đâu mà cay vào fb soi . kkkkk cay lắm kìa
WC là toilet nha chứ không phải World Cup… Q.ÙE mà cứ thích nhảy hiphop!!!,0.0,74,wc là toilet nha chứ không phải world_cup … q . ùe mà cứ thích nhảy hiphop ! ! !
":)))) đóm cay đóm cay đó bạn, mấy con ruồi này nó nghe nhạc 5 củ mọc răng cắn gê lắm, ns mấy con ruồi phát sáng kêu anh 5 củ thấy mik bị oan báo công an đi lên mạng hù ai:)))",1.0,174,": ) ) ) ) đóm cay đóm cay đó bạn , mấy con ruồi này nó nghe nhạc 5 củ mọc răng cắn gê lắm , nói mấy con ruồi phát sáng kêu anh 5 củ thấy mình bị oan báo_công_an đi lên mạng hù ai : ) ) )"
Rồi bắt 3 cha con nó ch mn,0.0,26,rồi bắt 3 cha con nó ch mọi người
gết thật giữ kiểu này mà người dân đi lấy xe còn tính cả tiền giữ xe kìa,0.0,72,gết thật giữ kiểu này mà người dân đi lấy xe còn tính cả tiền giữ xe kìa
Le Mynhut thứ 5 tuần sau đó chế,0.0,31,le mynhut thứ 5 tuần sau đó chế
Tí bố cho bayyy acc,0.0,19,tí bố cho bayyy acc
Lỗi con cặc thằng mắt như mù,1.0,28,lỗi con cặc thằng mắt như mù
"Quân ăn cướp của trắng trợn , cuộc sống về sau mang nghiệp nặng",2.0,63,"quân ăn_cướp của trắng_trợn , cuộc_sống về sau mang nghiệp nặng"
 làm tới đâu rồi :)),0.0,20,làm tới đâu rồi : ) )
Cố tỏ ra là mình ổn nhưng sau bên trong.....,0.0,44,cố tỏ ra là mình ổn nhưng sau bên trong ... . .
Nghe có vẻ Hư Trúc nhưng lại rất Mộ Dung Phục,0.0,45,nghe có vẻ hư trúc nhưng lại rất mộ dung phục
Táng chết cha tụi mày lũ học trò l :)),2.0,38,táng chết_cha tụi mày lũ học_trò l : ) )
Hèn gì chúng nó chỉ dám nói là ko có liên quan. Cái địt mẹ mấy thằng lớn,2.0,72,hèn_gì chúng_nó chỉ dám nói là không có liên_quan . cái địt_mẹ mấy thằng lớn
Fake dmm,1.0,8,fake dmm
THẰNG AD ĐỌC KỸ RỒI HÃY PHÁN! AD MÀ LÀM ĂN THUA CẢ CON CHÓ! VỀ BỐC CỨT ĂN ĐI,2.0,76,thằng admin đọc kỹ rồi hãy phán ! admin mà làm_ăn_thua cả con chó ! về bốc cứt ăn đi
"ủa v s ông V thấy giống ko liên hệ J làm việc mà lại lên live nói thẳng v, up stt fb J vô cmt thì ko tl, giờ đòi J làm việc trước ?",0.0,131,"ủa v s ông v thấy giống không liên_hệ gì làm_việc mà_lại lên live nói_thẳng v , up stt fb gì vô cmt thì không tl , giờ đòi gì làm_việc trước ?"
Bảo hiểm thì nước đ' nào chả phải nộp :v tai nạn ra ai thanh toán :v bóp cái tít cũng ngu :v,1.0,92,bảo_hiểm thì nước đ ' nào chả phải nộp : v tai_nạn ra ai thanh_toán : v bóp cái tít cũng ngu : v
Tụi bây sống nhục mặt đàn ông thiên hạ,2.0,38,tụi bây sống nhục mặt đàn_ông thiên_hạ
Xin lồn dcm muốn văn minh không nổi :))) quả pen đấy đâm vào mắt ông rồi ạ,1.0,74,xin lồn dcm muốn văn_minh không nổi : ) ) ) quả pen đấy đâm vào mắt ông rồi ạ
Xl cái con cặc đm mày,2.0,21,xl cái con cặc đm mày
lại nữa àh.... tụi thân cộng nó như sói đói... luôn luôn rình rập,1.0,65,lại nữa àh ... . tụi thân cộng nó như sói đói ... luôn_luôn rình_rập
"thương jack , ngẹn lòng quá , mong mọi thứ sẽ có câu trả lời nhanh thui",0.0,71,"thương jack , ngẹn lòng quá , mong mọi thứ sẽ có câu trả_lời nhanh thui"
Sống chậm cái con mẹ chúng mày,2.0,30,sống chậm cái con_mẹ chúng_mày
Đụ Má...... Con bede sấu nhất quả đất,2.0,37,đụ má ... ... con bede sấu nhất quả_đất
3 Quân bất lương này xứng đáng đi lao động khổ sai,1.0,50,3 quân bất_lương này xứng_đáng đi lao_động khổ sai
chắc rank đồng,0.0,14,chắc rank đồng
Mẹ mấy thằng chó đẻ người ta đã nghèo rồi mà chúng mày còn bày trò cướp của người ta nhân quả sớm thôi các con,2.0,110,mẹ mấy thằng chó_đẻ người_ta đã nghèo rồi mà chúng_mày còn bày trò cướp của người_ta nhân_quả sớm thôi các con
"Chị ba nói đúng rồi. Chị ba bán nước cầu vinh. Đời ông cố nội thằng cha chị ba, tham sống sợ chết đầu hàng giặt",2.0,111,"chị ba nói đúng rồi . chị ba bán_nước cầu vinh . đời ông cố nội thằng_cha chị ba , tham sống sợ chết đầu_hàng giặt"
Chuộc 200000USD cơ mà,0.0,21,chuộc 200000usd cơ_mà
https://shp.ee/rbehb6u váy xinh giá chỉ 93k,0.0,43,váy xinh giá chỉ 93k
"Dịt mẹ đéo báo cong an bắt mẹ đi họp bàn cái lồng,mẹ đi xe buyt mà éo bảo vệ dc khách hàng",2.0,90,"dịt mẹ đéo báo cong an bắt mẹ đi họp bàn cái lồng , mẹ đi xe buyt mà éo bảo_vệ được khách_hàng"
buồn nha,0.0,8,buồn_nha
Tụi này trời lấy lại mấy hồi,0.0,28,tụi này trời lấy lại mấy hồi
Con đĩ này bóng lộ nè,2.0,21,con đĩ này bóng lộ nè
Cái này hình thức lừa cướp đoạt xe giống vs của chị nè Trần Thị Cẩm Giang,0.0,73,cái này hình_thức lừa cướp_đoạt xe giống với của chị nè trần thị cẩm_giang
Tội cho cô gái ấy,0.0,17,tội cho cô gái ấy
Con nhà nta là xương thịt đâu phải cứ quẳng vài đồng tiền là xong,0.0,65,con nhà nta là xương thịt đâu phải cứ quẳng vài đồng_tiền là xong
Đàn bà mắt bạn bị sau dạ,0.0,24,đàn_bà mắt bạn bị sau dạ
Ad sao mày bố láo thế,2.0,21,admin sao mày bố_láo thế
Em thức khuya vậy,0.0,17,em thức khuya_vậy
chắc nó cũng gạ r bn ạ,0.0,22,chắc nó cũng gạ r bạn ạ
"Hơ hơ :)) đm đéo xl lúc vẫn đá và sửa bằng lôi thẻ đỏ cho ""Tháis Lừn"" ra đây. Đm h bày đặt ""Sin lũi"" :))",1.0,104,"hơ hơ : ) ) đm đéo xl lúc vẫn đá và sửa bằng lôi thẻ_đỏ cho "" tháis lừn "" ra đây . đm h bày_đặt "" sin lũi "" : ) )"
Phan Linh nó họ Bùi ý thức như đầu buooi là đúng r,2.0,50,phan linh nó họ bùi ý_thức như đầu buooi là đúng r
CÁC BẠN ƠI ĐÂY LÀ ACC GIẢ VÌ H NÀY TRỌNG TÀI BẬN BẮT CHÍNH,0.0,58,các bạn ơi đây là acc giả vì h này trọng_tài bận bắt chính
"ê mà chửi tkg Rách chứ đừng chửi cả vùng miền nha, Miền tây liên quan gì m, t người Hanoi nhé.",2.0,94,"ê mà chửi tkg rách chứ đừng chửi cả vùng miền nha , miền tây liên_quan gì m , t người hanoi nhé ."
"Đảng viên thì sao?công khai đảng viên còn hơn lũ 3/// nhưng là cộng sản nằm vùng ,đem con mụ Nẫm qua chửi Mỹ như chó -lũ 3/// chống lưng cho mụ chửi ,tao là diện HO mà tao còn ko ưa tụi 3///",2.0,190,"đảng_viên thì sao ? công_khai đảng_viên còn hơn lũ 3 / / / nhưng là cộng_sản nằm_vùng , đem con mụ nẫm qua chửi mỹ như chó - lũ 3 / / / chống lưng cho mụ chửi , tao là diện ho mà tao còn không ưa tụi 3 / / /"
Đừng phá bđvn nữa thưa ngài,0.0,27,đừng phá bđvn nữa thưa ngài
Như Quỳnh Bệnh từ trong cái nhân cách rồi pạn🤷‍♀️,1.0,49,như quỳnh bệnh từ trong cái nhân_cách rồi pạn 🤷 ‍ ♀ ️
Giờ không co công an chuyện làm ma cướp giật nổi lên rồi,0.0,56,giờ không co công_an chuyện làm_ma cướp_giật nổi lên rồi
xl là dc hả :)),0.0,15,xl là được hả : ) )
"Mặt bà này là biết có dương vật ở dưới háng , mặt nhìn coi không có hậu gì hết .ăn nói như giang hồ mất dạy",2.0,107,"mặt bà này là biết có dương_vật ở dưới háng , mặt nhìn coi không có_hậu gì hết . ăn_nói như giang_hồ mất_dạy"
Thui tốt nhất ông nên biến khỏi đội tuyển của chúng tôi đi ông troussier à nếu k cả đội tuyển của chúng tôi sẽ k còn nữa mà sẽ tan rã thật sự nếu ông còn ở lại vậy nên chúng tôi đề nghị ông hãy lượn đi ngay lập tức nhé ông hlv troussier,0.0,236,thui tốt nhất ông nên biến khỏi đội_tuyển của chúng_tôi đi ông troussier à nếu không cả đội_tuyển của chúng_tôi sẽ không còn nữa mà sẽ tan_rã thật_sự nếu ông còn ở lại vậy nên chúng_tôi đề_nghị ông hãy lượn đi ngay lập_tức nhé ông hlv troussier
ăn học kiểu gì đang nói luật giữ xe nói sang tai nạn. rồi trù ẻo người khác tai nạn. mịa mấy cái đầu bò này mà mang tiếng ngu dân,1.0,129,ăn_học kiểu gì đang nói luật giữ xe nói sang tai_nạn . rồi trù_ẻo người khác tai_nạn . mịa mấy cái đầu_bò này mà mang_tiếng ngu dân
địt mẹ mày,2.0,10,địt_mẹ mày
đm biết làm trọng tài kh con chó Dương Nguyễn Nhật Hà,2.0,53,đm biết làm trọng_tài kh con chó dương nguyễn nhật hà
Ý thức như đb,1.0,13,ý_thức như đb
ăn hết của ông nội mày hả mà mày làm vậy dcmm đừng để tao tới nhà à :))),2.0,72,ăn hết của ông nội mày hả mà mày làm vậy dcmm đừng để tao tới nhà à : ) ) )
Nghỉ việc đi. Nhục lắm,1.0,22,nghỉ_việc đi . nhục lắm
bắt ngu như chó,1.0,15,bắt ngu như chó
"Em là một đứa xem chùa mà vẫn được fan cứng, em mong ad xem xét lại gỡ xuống để cho người khác xứng đáng hơn em ạ :vvvv",0.0,119,"em là một đứa xem chùa mà vẫn được fan cứng , em mong admin xem_xét_lại gỡ xuống để cho người khác xứng_đáng hơn em ạ : vvvv"
Hải Yến con thần kinh lạy m. Chả muốn xem cũng kệ cả họ nhà m nói để thiên hạ nó điss cho vô mồm,2.0,96,hải_yến con thần_kinh lạy m . chả muốn xem cũng kệ cả họ nhà m nói để thiên_hạ nó điss cho vô mồm
Nghỉ việc đi ôg già ơi,1.0,22,nghỉ_việc đi ôg già ơi
Trung sonic,0.0,11,trung sonic
"Mày mới gọi là nhảm đó,đồ chó đẽ",2.0,32,"mày mới gọi là nhảm đó , đồ chó đẽ"
Cảm ơn cc,1.0,9,cảm_ơn cc
Đợi đấy tha bay đồ là tốt lắm rồi,0.0,33,đợi đấy tha bay đồ là tốt lắm rồi
Thầy địt mẹ giả tạo vl =)),1.0,26,thầy địt_mẹ giả_tạo vl = ) )
hk được nói cức fan nó nhảy dựng lên đó nói phân thì được,1.0,57,hk được nói cức fan nó nhảy_dựng lên đó nói phân thì được
Chi 3 noi qua troi hay luon,0.0,27,chi 3 noi qua troi hay luon
"nói với mấy loại ko não mệt thật, đúng 2 đứa ngu chơi với nhau. Đi học 10 năm?? tính từ lớp mầm thì m học ko quá lớp 7 nói cấm có sai học ko quá nổi cấp2, vô học nên mới ko hiểu những thuật ngữ cơ bản nhất xog cãi ngu",2.0,217,"nói với mấy loại không não mệt thật , đúng 2 đứa ngu chơi với nhau . đi học 10 năm ? ? tính từ lớp mầm thì m học không quá lớp 7 nói cấm có sai học không quá nổi cấp2 , vô_học nên mới không hiểu những thuật_ngữ cơ_bản nhất xog cãi ngu"
Đang nghĩ mình ở thiên đường à.,0.0,31,đang nghĩ mình ở thiên_đường à .
Phan Mạnh Cường sao lo mong nhà mày chết bớt 1 ngày đi mà rủa người ta chết vậy óc,2.0,82,phan mạnh cường sao lo mong nhà mày chết bớt 1 ngày đi mà rủa người_ta chết vậy óc
Quá tàn ác. Những con người này cần trị nghiêm ko sẽ trở thành kẻ xấu của xã hội.,1.0,81,quá tàn_ác . những con_người này cần trị nghiêm không sẽ trở_thành kẻ xấu của xã_hội .
Fake hay sao ý mn ơi,0.0,20,fake hay sao ý mọi người ơi
Chị đẹp lắm đó chi,0.0,18,chị đẹp lắm đó chi
 xấu còn ngu,1.0,12,xấu còn ngu
Thằng ngu sân cỏ,1.0,16,thằng ngu sân_cỏ
"mk thấy vụ đấy nổi do con ngọc bình vào live ông virruss cãi nhau vs ông ấy . Và kết quả ngọc bình đã bị mẹ thu đt và thằng rách vố này mk thấy những vết nhơ mà nó gây ra cũng k lm nó tồn tại lâu dài được đâu , nếu rách có thiện chí thì… Xem thêm",1.0,246,"mình thấy vụ đấy nổi do con ngọc bình vào live ông virruss cãi nhau với ông ấy . và kết_quả ngọc bình đã bị mẹ thu đt và thằng rách vố này mình thấy những vết nhơ mà nó gây ra cũng không lm nó tồn_tại lâu_dài được đâu , nếu rách có thiện_chí thì … xem thêm"
nói cl gì z mẹ. Nói mà để ng ta từ chối hiểu hay gì á,1.0,53,nói cl gì z mẹ . nói mà để ng ta từ_chối hiểu hay gì á
"Mực ơi dù nói thế nào trình mày vẫn thua thằng quyền thôi, đánh ngu, sủa bẩn, óc lồn",2.0,84,"mực ơi dù nói thế_nào trình mày vẫn thua thằng quyền thôi , đánh ngu , sủa bẩn , óc lồn"
Đá thua indo thì về nước hộ cái anh zai ơi,1.0,42,đá thua indo thì về nước hộ cái anh zai ơi
"Ra đường là gặp lừa đảo , trộm cướp , xã hội bất an !",1.0,53,"ra đường là gặp lừa_đảo , trộm_cướp , xã_hội bất_an !"
Võ Minh Hiếu xin video bạn ơi,0.0,29,võ minh hiếu xin video bạn ơi
Oke Hasagi chết mọe đi 💀,1.0,24,oke hasagi chết mọe đi 💀
Đỏ gì mà ở ngay sát bờ là sao ?,0.0,31,đỏ gì mà ở ngay sát bờ là sao ?
zả bố thẻ đỏ,0.0,12,zả bố thẻ_đỏ
Nguyễn Minh Quân có thằng phía trên bênh nó t đang chọc nó cay khóc kìa bro.. kkk kéo lên chửi chọc nó chơi,0.0,107,nguyễn minh quân có thằng phía trên bênh nó t đang chọc nó cay khóc kìa bro . . kkk kéo lên chửi chọc nó chơi
nick thật ở đâu,0.0,15,nick thật ở đâu
"thằng rách là ông cố nội m hay gì mà m vô đây réo ,ở đây ko biết thằng rách nào nhé ,người nổi tiếng mà ăn nói xà lơ là lên phường càng sớm nhé thắng đần ,giờ m qua bên nó kêu nó phản hồi đối chất hộ t cái chứ m ở đây xàm lông hoài thì m lên phường trước nó đó",2.0,260,"thằng rách là ông cố nội m hay gì mà m vô đây réo , ở đây không biết thằng rách nào nhé , người nổi_tiếng mà ăn_nói xà lơ_là lên phường càng sớm nhé thắng đần , giờ m qua bên nó kêu nó phản_hồi đối_chất hộ t cái chứ m ở đây xàm lông hoài thì m lên phường trước nó đó"
Kim Phượng thế con ngu ở hà nội p nó cũng nhảy bông nhông khắp nơi đó p,1.0,71,kim phượng thế con ngu ở hà_nội p nó cũng nhảy bông nhông khắp nơi đó p
Đần =)),1.0,7,đần = ) )
Đất nước ko phải của riêng một đảng phái nào,0.0,44,đất_nước không phải của riêng một đảng_phái nào
Thằng này bị ban Vĩnh viễn cũng k sai đâu,0.0,41,thằng này bị ban vĩnh_viễn cũng không sai đâu
Thằng này ko dc,1.0,15,thằng này không được
"Thua rồi xinloi à, khon nạn vừa thôi má ơi",1.0,42,"thua rồi xinloi à , khon nạn vừa thôi má ơi"
Ok nhá,0.0,6,ok nhá
xa hội bgio phuc tap qua con nguoi với nhau sao k còn tinh nghia gi nua het .,0.0,77,xa hội bgio phuc tap qua con nguoi với nhau sao không còn tinh nghia gi nua het .
Đụ má mặt nhìn như đàn ông,2.0,26,đụ má mặt nhìn như đàn_ông
Trọng tài nguu quá,1.0,18,trọng_tài nguu quá
Nó còn biết nó chưa đủ 16t nên nó ngông như thế thì phải trị cho nó ra khoai ra ngô chứ bỏ qua vì chưa đủ tuổi thì thật sự thất vọng về pháp luật Việt Nam,0.0,154,nó còn biết nó chưa đủ 16t nên nó ngông như thế thì phải trị cho nó ra khoai ra ngô chứ bỏ_qua vì chưa đủ tuổi thì thật_sự thất_vọng về pháp_luật việt_nam
Bọn chủ yếu lạc hướng ngta để trộm à,0.0,36,bọn chủ_yếu lạc hướng ngta để trộm à
đần,1.0,3,đần
đunga rồi anh ba chíp chíp chíp cũa em,0.0,38,đunga rồi anh ba chíp chíp chíp cũa em
lần sau đừng có nc kiểu ngu như vậy tao cười chết đó 'Nhi' tag lắm vào tưởng cái gì nói thì ngu trl cũng ngu,2.0,108,lần sau đừng có nc kiểu ngu như vậy tao cười chết đó ' nhi ' tag lắm vào tưởng cái gì nói thì ngu trl cũng ngu
Mất đi một đứa con như đứt một khúc ruột vậy. Thương quá,0.0,56,mất đi một đứa con như đứt một khúc ruột vậy . thương quá
Cả mả cụ tổ họ hàng hang hốc nhà mày.,2.0,37,cả mả_cụ tổ họ_hàng hang_hốc nhà mày .
Tao đéo biết,1.0,12,tao đéo biết
"show ra đi , đi cái jg 2 game out cả 2 . Rank thì kẹp lóc ngóc bk4 duo lb2 =)) game sau t mà đi top 2 m còn nát nữa chứ ở đó gank t , game đầu t k để ý m có xem stream đấy . Chứ k cỡ như m lên t cân 2 nha .",0.0,206,"show ra đi , đi cái jg 2 game out cả 2 . rank thì kẹp lóc_ngóc bk4 duo lb2 = ) ) game sau t mà đi top 2 m còn nát nữa chứ ở đó gank t , game đầu t không để_ý m có xem stream đấy . chứ không cỡ như m lên t cân 2 nha ."
Cuoc Vui Co Don,0.0,15,cuoc vui co don
"Hẳn là thi công k chuẩn =)) cười vỡ cmn bụng, cái đcm chúng mày lắm nữa nhiều lí do vcl.",2.0,88,"hẳn là thi_công không chuẩn = ) ) cười vỡ cmn bụng , cái đcm chúng_mày lắm nữa nhiều lí_do vcl ."
liêm sĩ ji tầm này abe ôi,0.0,25,liêm sĩ ji tầm này abe ôi
Nó đéo biết ngại à,1.0,18,nó đéo biết ngại à
chs thì ngu nhờ ng gánh là giỏi,1.0,31,chs thì ngu nhờ ng gánh là giỏi
Địt cụ mày,2.0,10,địt cụ mày
k thấy ngon nha . 18 cành,0.0,25,không thấy ngon nha . 18 cành
ông này kém vô cùng,1.0,19,ông này kém vô_cùng
Chị ba .bản lĩnh con cháu hai bà trưng bà triệu👍🙏❤🌍,0.0,51,chị ba . bản_lĩnh con_cháu hai bà trưng bà triệu 👍 🙏 ❤ 🌍
Trần Nhật Tuấn =))) Bú win lên này a,0.0,36,trần nhật tuấn = ) ) ) bú win lên này a
"ông mực tự cái mồm làm khổ cái thân mà :)))) đã feed còn chửi đồng đội, chứ ai tự nhiên đii nói ổng đâu, xong game thì thôi lại còn mời vào chửi tiếp, nói chung họa tự chuốc lấy thôi",0.0,182,"ông mực tự cái mồm làm khổ cái thân mà : ) ) ) ) đã feed còn chửi đồng_đội , chứ ai tự_nhiên đii nói ổng đâu , xong game thì thôi lại còn mời vào chửi tiếp , nói_chung_họa tự chuốc lấy thôi"
Tuân Nguyễn no lai cay vl ra,1.0,28,tuân nguyễn no lai cay vl ra
Đần vcl,1.0,7,đần vcl
Theo ý kiến cá nhân riêng mình thấy bài hát này ko có chút ý nghĩa nghe có vẻ khá sàm ko hay ý kiến cá nhân nhé a hùng bàn phím né hộ,0.0,133,theo ý_kiến cá_nhân riêng mình thấy bài hát này không có chút ý_nghĩa nghe có vẻ khá sàm không hay ý_kiến cá_nhân nhé a hùng bàn_phím né hộ
thì coi như k thấy cmt nta đi. Vào cắn làm choá gì,1.0,50,thì coi như không thấy cmt nta đi . vào cắn làm choá gì
"Cái lỗ mũi như lỗ trâu mà còn ngột ngạt,hít hết cả khí trời của ngta rồi còn j.",2.0,79,"cái lỗ mũi như lỗ trâu mà còn ngột_ngạt , hít hết cả khí trời của ngta rồi còn j ."
Nhỏ này ranh con trong nhóm Dư Luận Viên của nhà nước ấy mà.cứ ai đưa tin Ji thì nó bay vào nói bất chấp đúng hay sai.ăn lương phải vậy bất chấp dân đói khổ.nó đâu đứng về phía công lí.nhóm tụi nó cả vào trăm đứa ăn lương vài triệu là để vậy.làm nhẹ dư luận khi ai đó đụng đến người chi lương nó...,1.0,298,nhỏ này ranh_con trong nhóm dư_luận viên của nhà_nước ấy mà . cứ ai đưa tin ji thì nó bay vào nói bất_chấp đúng hay sai . ăn lương phải vậy bất_chấp dân đói_khổ . nó đâu đứng về phía công_lí . nhóm tụi nó cả vào trăm đứa ăn lương vài triệu là để vậy . làm nhẹ dư_luận khi ai đó đụng đến người chi lương nó ...
Hoàng Tử Băng Giá đầu nó chứa cứt,1.0,33,hoàng_tử băng_giá đầu nó chứa cứt
Thứ nhiều chuyện,0.0,16,thứ nhiều chuyện
Đụ má mày nha - sử dụng fb ảo tạo nét à,2.0,39,đụ má mày nha - sử_dụng fb ảo tạo nét à
Mực dốt cả đời bk rách thôi,1.0,27,mực dốt cả đời bk rách thôi
Xl thì dc gì trọng tài lol,2.0,26,xl thì được gì trọng_tài lol
"Thanh niên cao to lực lưỡng có chân có tay mà đi cướp dị , nghiệp quá nghiệp",1.0,76,"thanh_niên cao to lực_lưỡng có chân có tay mà đi cướp dị , nghiệp quá_nghiệp"
Con sv cày thuê bị hành cay đỏ dái hả :))),2.0,42,con sv cày thuê bị hành cay đỏ dái hả : ) ) )
"Hieu Nguyen họ bùi ăn hết của ông nội m hả , đụ mẹ m lôi vào nói chung chung ý thức của m cũng như cc",2.0,101,"hieu nguyen họ bùi ăn hết của ông nội m hả , đụ_mẹ m lôi vào nói_chung_chung ý_thức của m cũng như cc"
toàn âm mạng có gì đâu mà khè,0.0,29,toàn âm mạng có gì đâu mà khè
Nghề kiếm cơm của các thanh niên Nam Kỳ,2.0,39,nghề kiếm cơm của các thanh_niên nam kỳ
T nghe thấy thích mà ae,0.0,23,t nghe thấy thích mà anh_em
Ai muốn thoát kiếp,0.0,18,ai muốn thoát kiếp
Công an đâu rồi lên cơ quan trình báo còn bị chửi ko biết giữ của lên đây làm gì,0.0,80,công_an đâu rồi lên cơ_quan trình_báo còn bị chửi không biết giữ của lên đây làm gì
Ngọc Liên nc nv nha homie :))),0.0,30,ngọc liên nc nv nha homie : ) ) )
óc vừa th. Thế m nghĩ ai cũng cố tình vi phạm. R ng dân cũng bị gài bị dìu r bắt lỗi ko đúng đầy ra đấy. Ở đấy mà đạo lí,1.0,120,óc vừa th . thế m nghĩ ai cũng cố_tình vi_phạm . r ng dân cũng bị gài bị dìu r bắt_lỗi không đúng đầy ra đấy . ở đấy mà đạo_lí
Troussier vô dụng. Từ chức đi,1.0,29,troussier vô_dụng . từ_chức đi
Ở mặt đường không đeo vàng và nói chuyện lâu với người hỏi đường. Là mất tài sản,0.0,80,ở mặt_đường không đeo vàng và nói_chuyện lâu với người hỏi đường . là mất tài_sản
Mấy thằng chó sủa bậy sướng được anh độ cho đi đóng phim =)),2.0,60,mấy thằng chó sủa bậy sướng được anh độ cho đi đóng phim = ) )
Đấm mẹ mày giờ,1.0,14,đấm mẹ mày giờ
Trọng tài kìa,0.0,13,trọng_tài kìa
Bắt kém cực ấy nói thậy,1.0,23,bắt kém cực ấy nói thậy
Hai thằng giả vờ hỏi chuyện để 1 thằng hành động Bán buôn lời được bao nhiêu,0.0,76,hai thằng giả_vờ hỏi chuyện để 1 thằng hành_động bán_buôn lời được bao_nhiêu
Luật Sư Hà a ơi giúp cháu nó đk ko. Nghe tội vs bức xúc quá,0.0,59,luật_sư hà a ơi giúp cháu nó đk ko . nghe tội với bức_xúc quá
Năm Lê Nguyễn Thu Hằng dm vcl bar con đeo khéo chưa đc 1p giật tung l :)),1.0,73,năm lê nguyễn thu hằng dm vcl bar con đeo khéo chưa được 1p giật tung l : ) )
Vc thằng này cũng có fan à =))),1.0,31,vc thằng này cũng có fan à = ) ) )
"Đúng rồi, toàn bọn rẻ rách, cặn bã, ăn cơm ăn cức của Việt Nam mà mở mồm ra là chửi sằn bậy !!!",2.0,95,"đúng rồi , toàn bọn rẻ rách , cặn_bã , ăn cơm ăn cức của việt_nam mà mở mồm ra là chửi sằn bậy ! ! !"
Gặp tôi là đồng đội tôi chửi cả lò nhà ông r =))),0.0,49,gặp tôi là đồng_đội tôi chửi cả lò nhà ông r = ) ) )
 vẫn bảo của t đc mà :)) ngu ác,1.0,31,vẫn bảo của t được mà : ) ) ngu ác
Mày câu hay đấy nhóc,1.0,20,mày câu hay đấy nhóc
Xh loạn hết rồi. CQ hãy cho dân quyền tiêu diệt lũ cặn bã này.,2.0,62,xh loạn hết rồi . cq hãy cho dân_quyền tiêu_diệt lũ cặn_bã này .
Toàn là những con người thiếu ý thức mà ra cầu mong dừng lại ở con số này thôi chứ lo lắng quá đi cầu cho máy cha máy mẹ đừng đi tùm lum nữa làm khổ nhiều người lắm muốn chết về nhà đóng cửa chết mình mẹ đi,2.0,206,toàn là những con_người thiếu ý_thức mà ra cầu_mong dừng lại ở con_số này thôi chứ lo_lắng quá đi_cầu cho máy cha máy mẹ đừng đi tùm_lum nữa làm khổ nhiều người lắm muốn chết về nhà đóng_cửa chết mình mẹ đi
đập ngu như thầy thì mãi mãi cx dell lên đc +7 e thề,1.0,52,đập ngu như thầy thì mãi_mãi cũng dell lên được + 7 e_thề
Mong pháp luật trừng trị thật nghiêm kẻ coi thường mạng người coi thường pháp luật. Mong cháu yên nghỉ. Thương,1.0,110,mong pháp_luật trừng_trị thật nghiêm kẻ coi_thường mạng người coi_thường pháp_luật . mong cháu yên_nghỉ . thương
"Face you, ngày mai mày bị tai nạn chết cả nhà mày, còn mày thì bị mù mẹ nó mắt đi cho khỏi tốn cơm",2.0,98,"face you , ngày_mai mày bị tai_nạn chết cả nhà mày , còn mày thì bị mù mẹ nó mắt đi cho khỏi tốn cơm"
T k thích k ưa mẹ này.... Mà dx cái chưit ngta nghe hài vcl bù lại củng đỡ 😂😂,1.0,77,t không thích không ưa mẹ này ... . mà dx cái chưit ngta nghe hài vcl bù lại củng đỡ 😂 😂
Nhục cái lồn gì k biết?:)). Mệt người sủa ngu. Cút,2.0,50,nhục cái lồn gì không biết ? : ) ) . mệt người sủa ngu . cút
Dễ thương gì đâu,0.0,16,dễ_thương gì đâu
Phương Nam ừ cô mà tích lại mà bán,0.0,34,phương nam ừ cô mà tích lại mà bán
Happy New Year coach !,0.0,22,happy new year coach !
Thằng ngu này t gặp mấy lần t thường cầm sett nó nó bú cu. Giờ t lục bảo 1 heo elo nó vẩn bk. Ngu đéo tả đc mà hay nổ haizz. Mầy leo ranh bằng nhân phẩm chứ kỷ năng đéo. Khéo sài hết nhân phẩm xe đụng mầy.,2.0,205,thằng ngu này t gặp mấy lần t thường cầm sett nó nó bú cu . giờ t lục bảo 1 heo elo nó vẩn bk . ngu đéo tả được mà hay nổ haizz . mầy leo ranh bằng nhân_phẩm chứ kỷ năng đéo . khéo sài hết nhân_phẩm xe đụng mầy .
Bắt như loz thì cút về nha bú sữa chú đêy a tài ơi,1.0,50,bắt như loz thì cút về nha bú sữa chú đêy a tài ơi
Lỗi cái địt con mệ mày,2.0,22,lỗi cái địt con mệ mày
phải kiện bồi thường chứ không nhẹ nhàng như v được,0.0,51,phải kiện bồi_thường chứ không nhẹ_nhàng như v được
Đóng thuế thuê 1 thằng phế vật.,1.0,31,đóng thuế_thuê 1 thằng phế vật .
ma vương tới chơi broooo,0.0,24,ma_vương tới chơi broooo
Linh Nguyen trend này hình như có lâu lắm r nhỉ =)))),0.0,53,linh nguyen trend này hình_như có lâu lắm r nhỉ = ) ) ) )
Bài mai dù,0.0,10,bài mai dù
clm hẳn là trai alimi :)) bố m hài ỉa vào bàn thờ nhà m luôn th mực con,2.0,71,clm hẳn là trai alimi : ) ) bố m hài ỉa vào bàn_thờ nhà m luôn th mực_con
Công an đã vào cuộc,0.0,19,công_an đã vào_cuộc
bọn ăn cháo đá bát,2.0,18,bọn ăn cháo đá bát
Muốn làm hot face không khó :))),0.0,32,muốn làm hot_face không khó : ) ) )
Lỗi cái đjt con bà m thằng trọng tài m nghỉ vc mẹ đi,2.0,52,lỗi cái đjt con bà m thằng trọng_tài m nghỉ vc mẹ đi
Con gia nay sao ra duong duong xe no tong chet me duoi gam xe,2.0,61,con gia nay sao ra duong duong xe no tong chet me duoi gam xe
Ban vinh viễn cmn đi,1.0,20,ban vinh viễn cmn đi
Thế mày là con tinh trùng khuyết tật của tao à nói câu nào là ngu câu đó thôi anh không chấp lo mà giúp ba mẹ mày có bữa ăn ngon đi trl ngu dốt vc,2.0,146,thế mày là con tinh_trùng khuyết_tật của tao à nói câu nào là ngu câu đó thôi anh không chấp lo mà giúp ba mẹ mày có bữa ăn ngon đi trl ngu_dốt vc
Khéo nhung lại bị người khác lây sang 😂,0.0,39,khéo nhung lại bị người khác lây sang 😂
2022 idol về VN rồi^^,0.0,21,2022 idol về vn rồi ^ ^
Ủa tưởng ý thức người nhật cao lắm ?,0.0,36,ủa tưởng ý_thức người nhật cao lắm ?
mấy con súc vật,2.0,15,mấy con súc_vật
Họp báo m bảo hài lòng nhưng những người hâm mộ đội tuyển Việt Nam hài lòng vs m chưa? :((,0.0,90,họp_báo m bảo hài_lòng nhưng những người hâm_mộ đội_tuyển việt nam hài_lòng với m chưa ? : ( (
"Thằng áp dê ngon thì nói cho thiên hạ biết đi, hay đi làm Thông ngôn cmn đi",1.0,76,"thằng áp dê ngon thì nói cho thiên_hạ biết đi , hay đi làm_thông_ngôn cmn đi"
" trang cty của Jack dĩ nhiên fan Ng ta vô xem nhiều rồi, thấy fan Ng ta đông quá, vẫn ủng hộ J bạn tức hay sao. Mà thường tức hay nói ngang lắm, hoặc tỏ ra mình hiểu biết thanh cao. Con người thiếu cái gì thì hay tỏ ra mình như thế.",0.0,232,"trang cty của jack dĩ_nhiên fan ng ta vô xem nhiều rồi , thấy fan ng ta đông quá , vẫn ủng_hộ gì bạn tức hay sao . mà thường tức hay nói_ngang lắm , hoặc tỏ ra mình hiểu_biết thanh_cao . con_người thiếu cái gì thì hay tỏ ra mình như thế ."
Quá tệ hại. Ông nên xem xét lại trình độ của mình,1.0,49,quá tệ_hại . ông nên xem_xét_lại trình_độ của mình
Cho mìh hỏi là sách j đây vậy 😦😦😦,0.0,33,cho mìh hỏi là sách gì đây vậy 😦 😦 😦
A mực kỹ lăng :))))),0.0,20,a mực kỹ lăng : ) ) ) ) )
Đem đưa lên cơ sơ xo thẩm quyền THP bốc phân mà ăn :),1.0,53,đem đưa lên cơ sơ xo thẩm_quyền thp bốc phân mà ăn : )
Chả hiểu đẹp ở đâu,0.0,18,chả hiểu đẹp ở đâu
Ý thức như L..,1.0,14,ý_thức như l . .
đm thêm con ruồi mẹ n nữa,1.0,25,đm thêm con ruồi mẹ n nữa
Trọng tài này bị mù mắt rồi,1.0,27,trọng_tài này bị mù mắt rồi
"Tội anh tôi, lương tháng 7 - 8 triệu, đến tôm nhỏ chẳng có mà ăn, chỉ ăn được mỗi cua hoàng đế và tôm Alaska😢😢😢",0.0,111,"tội anh tôi , lương tháng 7 - 8 triệu , đến tôm nhỏ chẳng có mà ăn , chỉ ăn được mỗi cua hoàng đế và tôm alaska 😢 😢 😢"
Bị ngáo cứt lợn 🐷,2.0,17,bị ngáo cứt lợn 🐷
Ngọc Trang mua dưa leo chơi cho rẻ,0.0,34,ngọc trang mua dưa_leo chơi cho rẻ
khác gì bọn mọi đen ko? Bị sỉ nhục đéo dám làm gì,2.0,49,khác gì bọn mọi đen ko ? bị sỉ_nhục đéo dám làm gì
"Tụi mày tuổi lồn, nói thế cho nó vuông",2.0,38,"tụi mày tuổi lồn , nói thế cho nó vuông"
Đcu bắt ngáo lòn,1.0,16,đcu bắt ngáo lòn
Con cặc,1.0,7,con cặc
Nên xem trận indo đá thailand đi.để biết cách dạy học trò presing và chống presing,0.0,82,nên xem trận indo đá thailand đi . để biết cách dạy_học_trò presing và chống presing
"Quay dính biển số xe 2 t kia rồi đó, có đăng xuất luôn mới thoát, mai lại lên trang đầu cho coi.",0.0,96,"quay dính biển số xe 2 t kia rồi đó , có đăng xuất luôn mới thoát , mai lại lên trang đầu cho coi ."
Tính ra tư duy ct như m ko bằng 1 champ đct nha :)) đánh rank bk đc game dương mạng,1.0,83,tính ra tư_duy ct như m không bằng 1 champ đct nha : ) ) đánh rank bk được game dương mạng
đánh trụ là win mẹ r,0.0,20,đánh trụ là win mẹ r
Djtme may,2.0,9,djtme may
Xin lỗi cc. Địt mẹ mày,2.0,22,xin_lỗi cc . địt_mẹ mày
đã tăng 2 đến 7 thì dân lợi cái lồn mẹ chúng nó à,1.0,49,đã tăng 2 đến 7 thì dân lợi cái lồn mẹ chúng_nó à
Do thiếu lozz ngọc trinh nên hôm qua tiệp hơi nông nỗi,1.0,54,do thiếu lozz ngọc trinh nên hôm_qua tiệp hơi nông_nỗi
Bộ trưởng quốc phòng hèn nhất LS VN,1.0,35,bộ_trưởng quốc_phòng hèn nhất ls vn
Fuck you mày thèn cho đẽ thái lan mua mày bao nhiu vậy,2.0,54,fuck you mày thèn cho đẽ thái lan mua mày bao nhiu_vậy
Trần Dần nói tro sướng cái lỗ mồm .hắn này về VN .thì phải tro ngay vào thường tín hà tây,1.0,89,trần dần nói tro sướng cái lỗ mồm . hắn này về vn . thì phải tro ngay vào thường tín hà_tây
chán cái địt cụ mày,2.0,19,chán cái địt cụ mày
Lũ ngu vô học... viết tiêu đề còn sai chính tả.,2.0,47,lũ ngu vô_học ... viết tiêu_đề còn sai chính_tả .
Xem phố bolsa chỉ vì nhà tiên tri zũ trụ trần dần,0.0,49,xem phố bolsa chỉ vì nhà tiên_tri zũ trụ trần dần
Thằng khốn nạn,2.0,14,thằng khốn_nạn
Thời đại này sao có loại ác hơn giặc,2.0,36,thời_đại này sao có loại ác hơn giặc
Mày nghỉ luôn cũng được. Phát ngôn tào lao fan nó unfollow hết bây giờ,1.0,70,mày nghỉ luôn cũng được . phát_ngôn tào_lao fan nó unfollow hết bây_giờ
"Duy Phạm ngu bớt lên tiếng lại, sẽ có 1 ngày nào đó cha mẹ,con cái mày bị tai nạn giao thông, lúc đó sẽ hiểu nổi đau, còn mày nên học nội quy giữ xe đi, người ta giữ xe, Đảm bảo xe không bị mất, chứ đâu đảm bảo hư hại,bản thân tao cũng vi phạm, vào thấ… Xem thêm",1.0,262,"duy phạm ngu bớt lên_tiếng lại , sẽ có 1 ngày nào đó cha_mẹ , con_cái mày bị tai_nạn giao_thông , lúc đó sẽ hiểu nổi đau , còn mày nên học nội_quy giữ xe đi , người_ta giữ xe , đảm_bảo xe không bị mất , chứ đâu đảm_bảo hư_hại , bản_thân tao cũng vi_phạm , vào thấ … xem thêm"
chia buồn cùng gia đình kid cận huyết sua chill lofi đưa bà già kid về nơi 9 suối,1.0,81,chia buồn cùng gia_đình kid_cận huyết sua chill lofi đưa bà_già kid về nơi 9 suối
idol m chừng nào lớn vậy Nguyễn Đức Long Minh Hùng,0.0,50,idol m chừng nào lớn_vậy nguyễn đức long minh hùng
Đơn giảng vì luật pháp việt nam quá nhẹ tay và ko đủ tính răng đe. Nên tình trạng này cứ tiếp diễn hoài,0.0,103,đơn giảng vì luật_pháp việt nam quá nhẹ_tay và không đủ tính răng đe . nên tình_trạng này cứ tiếp_diễn hoài
Ghi k rõ rồi khóc lóc cái cái cái con con à,1.0,43,ghi không rõ rồi khóc_lóc cái cái cái con_con à
Cái lozZZ,1.0,9,cái lozzz
đ.ụ m.ẹ mày ad cái link bấm vào coi chục cái QC nhảy ra,2.0,55,đ . ụ m . ẹ mày admin cái link bấm vào coi chục cái qc nhảy ra
Bọn giàu mà mang thua người nghèo nửa đm chán quá,1.0,49,bọn giàu mà mang thua người nghèo nửa đm chán quá
Vui...!!!!,0.0,10,vui ... ! ! ! !
đmm,2.0,3,đmm
Nguyễn Võ Hữu Châu cẩn thận mất việc nhé con,0.0,44,nguyễn võ hữu châu cẩn_thận mất việc nhé con
Thầy bói🙃🙃🙃,0.0,11,thầy_bói 🙃 🙃 🙃
nó đu idol của nó một cách ngu muội mà =))) idol vô học sao fan vô học như vậy,1.0,78,nó đu idol của nó một_cách ngu_muội mà = ) ) ) idol vô_học sao fan vô_học như_vậy
Yêu cô quá,0.0,10,yêu cô quá
 Mả cụ mày,2.0,10,mả_cụ mày
Đây mới 9 xác nha ace,0.0,21,đây mới 9 xác nha_ace
dmmmmmm thằng trọng tài,2.0,23,dmmmmmm thằng trọng_tài
Ông Philippe Troussier ơi !,0.0,27,ông philippe troussier ơi !
m vs thg dog này giống nhau phết ngu + to mồm + thượng đẳng,2.0,59,m với thg dog này giống nhau phết ngu + to_mồm + thượng_đẳng
Vẫn có 1 người tặng quà va len thai cho mình mn ạ.,0.0,50,vẫn có 1 người tặng quà va len thai cho mình mọi người ạ .
trundlo ko co linh ma cap dc 2 cai tru luon,0.0,43,trundlo không co linh ma cap được 2 cai tru luon
Xin cái địt thằng cha mả tổ cụ kị con mẹ mày,2.0,44,xin cái địt thằng_cha mả tổ cụ_kị con_mẹ mày
Địt cụ chúng nó muốn người dân chở về thời đồ đá mất rồi? Như thế này đỡ phải sử dụng phương tiện? Địt mẹ thằng nào nghĩ ra cái luật lồn này,2.0,140,địt_cụ chúng_nó muốn người dân chở về thời đồ đá mất rồi ? như thế này đỡ phải sử_dụng phương_tiện ? địt_mẹ thằng nào nghĩ ra cái luật lồn này
Đit mẹ thua cái thể loại này,2.0,28,đit mẹ thua cái thể_loại này
Lam sao ma co the tha loi duoc cho nhung  nguoi an noi vo hoc thuc nhu the nay. Bo tay.,1.0,87,lam sao ma co the tha loi duoc cho nhung nguoi an noi vo hoc thuc nhu the nay . bo tay .
kéo fame,0.0,8,kéo_fame
Đitme ngần ấy tuổi r mà k biết đóng cái khóa quần vào thằng đĩ vượn này,2.0,71,đitme ngần ấy tuổi r mà không biết đóng cái khóa quần vào thằng đĩ vượn này
cay hộ ông luôn đọc hết thấy 3 ông kia tự nhiên nhảy vào cắn tùm lum,0.0,68,cay hộ ông luôn đọc hết thấy 3 ông kia tự_nhiên nhảy vào cắn tùm_lum
Thằng này bị cả hội eva bốc phốt mà dm thằng add còn cố đéo chịu hiểu mà đăng lên,2.0,81,thằng này bị cả hội eva bốc phốt mà dm thằng add còn cố đéo chịu hiểu mà đăng lên
Anh Hong thay cái kiểu như nay thì đừng tiếp chuyện nha. Dat Vu,0.0,63,anh hong thay cái kiểu như nay thì đừng tiếp_chuyện nha . dat vu
Địt mẹ thẻ đỏ coi,2.0,17,địt_mẹ thẻ_đỏ coi
trán ngắn tóc dài mồm lai trung cuốc.,1.0,37,trán ngắn tóc dài_mồm lai trung cuốc .
Tụt mẹ m ra cho nhanh đỡ phải mặc,1.0,33,tụt mẹ m ra cho nhanh đỡ phải mặc
tốc chiến đỡ hơn ff,0.0,19,tốc chiến đỡ hơn ff
Giờ phút hạn chế đi du lịch đi trời...,0.0,38,giờ_phút hạn_chế đi du_lịch đi trời ...
So so cái địt bà mày,2.0,20,so so cái địt bà mày
"Sory cc, chưa qua đêm nay chính thức bay ac",1.0,43,"sory cc , chưa qua đêm nay chính_thức bay ac"
lộ thêm chục bà mẹ đơn thân nữa :< . Mấy con ruồi phát sáng đang trong thời kì rụng trứng nên tụi nó mún mỗi tháng a cho 5 trịu :^,1.0,130,lộ thêm chục bà mẹ đơn_thân nữa : < . mấy con ruồi phát sáng đang trong thời_kì rụng trứng nên tụi nó mún mỗi tháng a cho 5 trịu : ^
Thế đéo nào???????!?!!?????,1.0,27,thế đéo nào ? ? ? ? ? ? ? ! ? ! ! ? ? ? ? ?
Sau vụ phốt này t mới thấy tụi Fan Jack đốt với IQ thấp thật sự Kiểu ngu ngu kiểu gì ấy. T thấy ngại dùm. Mà cũng đúng. Thằng ai đồ nó dốt địt thế kia thì fan nó cũng thiểu năng ko khác gì.,2.0,189,sau vụ phốt này t mới thấy tụi fan jack đốt với iq thấp thật_sự kiểu ngu ngu kiểu gì ấy . t thấy ngại dùm . mà cũng đúng . thằng ai đồ nó dốt địt thế kia thì fan nó cũng thiểu_năng không khác gì .
Tử hình,1.0,7,tử_hình
nhưng thang ngu thương hay gay là mày đó troussier về pháp đi thang coho ..,2.0,75,nhưng thang ngu thương hay gay là mày đó troussier về pháp đi thang coho . .
Phải làm cho tới cùng nhé,0.0,25,phải làm cho tới cùng nhé
Bắt cặp hỏi chuyện ra đồng bọn,0.0,30,bắt cặp hỏi chuyện ra đồng_bọn
Tụi này ác thật,1.0,15,tụi này ác thật
Vl,1.0,2,vl
Đm. Tao là CA thì tao có quyền nhé. Đm ad phản cmn động,2.0,55,đm . tao là ca thì tao có quyền nhé . đm admin phản_cmn động
Đang đá mà onl được à. =)))),0.0,28,đang đá mà onl được à . = ) ) ) )
Vãi cả cái còi ôm vòng theo cái ngực đô con 😂😂,1.0,46,vãi cả cái còi ôm vòng theo cái ngực đô con 😂 😂
fan cứng?? thầy lồn cho tao fan cứng chúng mày ạ .. yêu thầy dấu bé ba = )),1.0,75,fan cứng ? ? thầy lồn cho tao fan cứng chúng_mày ạ . . yêu thầy dấu bé ba = ) )
0 bỏ qua pp,0.0,11,0 bỏ_qua pp
Chế độ nầy sắp tàn rồi nên hù thiên hạ !,1.0,40,chế_độ nầy sắp tàn rồi nên hù thiên_hạ !
TheDog fuck you,2.0,15,thedog fuck you
Cứ bắt rồi thả về lại đi hành nghề trộm cắp thì việt nam bao giờ mới hết trộm cắp được,0.0,86,cứ bắt rồi thả về lại đi hành_nghề trộm_cắp thì việt nam bao_giờ mới hết trộm_cắp được
toi dang xem gi vay,0.0,19,toi dang xem gi vay
m chắt đồng 3 là ỉa chảy mòm thì hay chê,1.0,40,m chắt đồng 3 là ỉa_chảy mòm thì hay chê
"má vào đọc thấy đốm an ủi các kiểu t cười đau ruột :)) , kiểu 1 lũ k não v :))",2.0,78,"má vào đọc thấy đốm an_ủi các kiểu t cười đau ruột : ) ) , kiểu 1 lũ không não v : ) )"
có cái DB bố mày tin ấy,2.0,23,có cái db bố mày tin ấy
"Đánh thì ngu còn toxic, dàn dựng ăn chia tiền kèo, r dính thêm cá độ :))))",1.0,74,"đánh thì ngu còn toxic , dàn_dựng ăn_chia tiền kèo , r dính thêm cá_độ : ) ) ) )"
má nó đồ cho để người ta bán xoi mà nó cũng lấy xe người ta Dược nữa mong mấy anh cong an truy bắt tui. nó lấy xe lại trả cho em bán xôi,0.0,136,má nó đồ cho để người_ta bán xoi mà nó cũng lấy xe người_ta dược nữa mong mấy anh cong an truy bắt tui . nó lấy xe lại trả cho em bán xôi
Ngọc Thắng.. chở nửa đi. Vê mà cánh ly dần đi,0.0,45,ngọc thắng . . chở nửa đi . vê mà cánh ly dần đi
Mai Hà vậy mày coi lại bình luận đầu tiên của mày đi . rồi mày biết mày nói ai . tao đã nói rồi vs như mày tao xin lỗi phải dùng từ ngữ như này để nói thôi . chứ người khác hoặc con chó của nhà tao tao cũng rất đàng hoàng đó,0.0,224,mai hà_vậy mày coi lại bình_luận đầu_tiên của mày đi . rồi mày biết mày nói ai . tao đã nói rồi với như mày tao xin_lỗi phải dùng từ_ngữ như này để nói thôi . chứ người khác hoặc con chó của nhà tao tao cũng rất đàng_hoàng đó
Cái lol má mày không cho thẻ đỏ,2.0,31,cái lol má mày không cho thẻ_đỏ
"đúng rồi. Fan tkg rách mới mất nhấn thức, còn đ’ nào tự nhận thì cứ vào mà nói :))",1.0,82,"đúng rồi . fan tkg rách mới mất nhấn thức , còn đ ’ nào tự nhận thì cứ vào mà nói : ) )"
Coi mạng người như cỏ rác.,1.0,26,coi mạng người như cỏ rác .
Đàn bà dễ có mấy tay_dinh thự của nữ đội trưởng đội chống buôn lậu,1.0,66,đàn_bà dễ có mấy tay_dinh thự của nữ đội_trưởng đội chống buôn_lậu
"Lên núi làm hảo hán, cướp của quan tham chia cho dân nghèo. Về đầu thú là tội chết.",1.0,83,"lên núi làm hảo hán , cướp của quan tham chia cho dân_nghèo . về đầu_thú là tội chết ."
bắc được chặc tay,1.0,17,bắc được chặc tay
nãy giờ dắk con nó ib chửi t quá trời,1.0,37,nãy_giờ dắk con nó inbox chửi t quá trời
Thà bợ đít cs chứ ko bợ đít lủ chó chúng mày,2.0,54,thà bợ_đít cs chứ không bợ_đít lủ chó chúng_mày
=))) chơi với bạn là lấy 3m/1 buổi share ?,0.0,42,= ) ) ) chơi với bạn là lấy 3m / 1 buổi share ?
Đỗ Xuyên. Bình thuận kìa.,0.0,25,đỗ xuyên . bình thuận kìa .
Gà thì chịu,1.0,11,gà thì chịu
Mẹ cái thằng não chó.... dân ta nghèo mới mới làm vậy! Địt mẹ mày biết cái lồn gì mà phán? Pape ngày càng xàm lồn,2.0,113,mẹ cái thằng não chó ... . dân ta nghèo mới mới làm vậy ! địt_mẹ mày biết cái lồn gì mà phán ? pape ngày_càng xàm lồn
Bóng già,2.0,8,bóng già
Bọn này nó lừa mấy thằng muốn ăn ko trời quả báo,1.0,48,bọn này nó lừa mấy thằng muốn ăn_không trời quả_báo
🤣🤣🤣,0.0,3,🤣 🤣 🤣
Quả báo sớm den voi tui mày,0.0,27,quả_báo sớm den voi tui mày
"Là một fan cứng 200 năm của anh mực, tôi thấy lối lên đồ nước mắt + lá chắn đi với mọi kèo thực sự rất mạnh, dù ai có nói gì tôi vẫn ủng hộ anh ta, cố lên anh mực",0.0,162,"là một fan cứng 200 năm của anh mực , tôi thấy lối lên đồ nước_mắt + lá_chắn đi với mọi kèo thực_sự rất mạnh , dù ai có nói gì tôi vẫn ủng_hộ anh ta , cố lên anh mực"
bức xúc cái gì. Việc chẳng có lớn nếu nó không đăng bài nốc rượu... Bị mn chửi là sống bẩn vs thó 1 2 cạch mặt thì còn xem đằng này 7.8 người thì ăn chắc cái nhân cách r.,1.0,170,bức_xúc cái gì . việc chẳng có lớn nếu nó không đăng bài nốc rượu ... bị mọi người chửi là sống bẩn với thó 1 2 cạch mặt thì còn xem đằng này 7.8 người thì ăn chắc cái nhân_cách r .
cái lol má mày thằng chó Qatar cút về quê hương m chăn bò đi. . Nhìn nó bắt lỗi cái mặt đúng đểu Qatar Fuck You Al-Adba,2.0,119,cái lol má mày thằng chó qatar cút về quê_hương m chăn bò đi . . nhìn nó bắt_lỗi cái mặt đúng đểu qatar fuck you al - adba
hahha cay là gì v em Bị chưởi tới trang cá nhân r dell biết nhục nữa,0.0,68,hahha cay là gì v em bị chưởi tới trang cá_nhân r dell biết nhục nữa
Bọn này bắt dc chặt tay nó,2.0,26,bọn này bắt được chặt tay nó
Ac nhơn,1.0,7,ac nhơn
Con này bị thần kinh năng rồi moi người ơi.,2.0,43,con này bị thần_kinh năng rồi moi người ơi .
"ý là giống như m dù ngu tiếng việt nhưng vẫn hơn con lợn hả , cô chưa dạy m ngu thì đừng hay ra vẻ à, đến tên idol viết còn k nên thân, chắc m phải cay lắm nên mới viết sai hết như vậy, thôi trả điện thoại cho mẹ rồi ra tập viết đi :>",1.0,234,"ý là giống như m dù ngu tiếng việt nhưng vẫn hơn con lợn hả , cô chưa dạy m ngu thì đừng hay ra_vẻ à , đến tên idol viết còn không nên_thân , chắc m phải cay lắm nên mới viết sai hết như_vậy , thôi trả điện_thoại cho mẹ rồi ra tập viết đi : >"
Trời.tội nghiệp,0.0,15,trời . tội_nghiệp
Trọng tài chó,2.0,13,trọng_tài chó
bố cái thằng cầm nick ảo ra rep đcu nhà mày,2.0,43,bố cái thằng cầm nick ảo ra rep đcu nhà mày
Nguyễn Nam chửi tụi nó làm gì ôn ơi súc vật mà có hiểu tiếng người đâu,2.0,70,nguyễn nam chửi tụi nó làm gì ôn ơi súc_vật mà có hiểu tiếng người đâu
đâu?? conten gì v.xử lý ngu cay bị hành r đổ thừa và bắt tao khen??? kkkkkk mày đã hài và tao đã cười,1.0,101,đâu ? ? conten gì v . xử_lý ngu cay bị hành r đổ_thừa và bắt tao khen ? ? ? kkkkkk mày đã hài và tao đã cười
Con chó đã cảnh báo mà cứ mê trai khg để ý.,1.0,43,con chó đã cảnh_báo mà cứ mê trai khg để_ý .
"Đủ trình k ???? Ảo tưởng thiểu năng, xấu còn đóng vai ác nữa ba :)))))",2.0,70,"đủ trình không ? ? ? ? ảo_tưởng_thiểu_năng , xấu còn đóng vai ác nữa ba : ) ) ) ) )"
"Anh Nhi đúng sai ? T nói ko đúng hay gì, nó trộm xe ngta xịt sơn rồi nói của nó, t kêu nó ra CA xem xe của ai. Sai chỗ nào ?",0.0,124,"anh nhi đúng sai ? t nói không đúng hay gì , nó trộm xe ngta xịt sơn rồi nói của nó , t kêu nó ra ca xem xe của ai . sai chỗ nào ?"
2 thằng đều bẩn tính nhưng th q nó out trình th mực Nói r ngu thì câm,2.0,69,2 thằng đều bẩn tính nhưng th q nó out trình th mực nói r ngu thì câm
Đág yêu thật sự,0.0,15,đág yêu thật_sự
Hoàng Hiệp KH ĐC SÓC E NHÉ,0.0,26,hoàng hiệp kh được sóc e nhé
Ở quê vùng sâu vùng xa chỉ có mỗi cái TV xem vtv nên dân vẫn tin yêu đãng lắm!,0.0,78,ở quê vùng_sâu vùng_xa chỉ có mỗi cái tv xem vtv nên dân vẫn tin_yêu đãng lắm !
Loại mày ngu hết phần xúc vật... Mày nghĩ lỗi vì phạm Là Tội phạm à ? Tài sản của công dân là Cứt à... Mô hôi máu thịt mới có được cái phương tiện.... Đó nhé,2.0,157,loại mày ngu hết phần xúc vật ... mày nghĩ lỗi vì phạm là tội_phạm à ? tài_sản của công_dân là cứt à ... mô hôi máu_thịt mới có được cái phương_tiện ... . đó nhé
Đị mẹ mày,2.0,9,đị mẹ mày
https://www.facebook.com/iigiz3 nick fake thôi nick của nó đây cơ,0.0,65,nick fake thôi nick của nó đây cơ
Nhường chị đấy cho em đi,0.0,24,nhường chị đấy cho em đi
loạn cực,1.0,8,loạn cực
So cái con mẹ m,2.0,15,so cái con_mẹ m
Mẹ tao lạy,1.0,10,mẹ tao lạy
You look like sh*t,2.0,18,you look like sh * t
"Làm như ở dưới gầm giường người ta mà nói, ad nói chuyện ngu vđ",1.0,63,"làm như ở dưới gầm giường người_ta mà nói , admin nói_chuyện ngu vđ"
abe ngầu lòi,0.0,12,abe ngầu lòi
Ok Haha k dám dùng acc chính mà dùng acc clone sủa hả em traiii . Đủ chất là làm chó của rác 5 củ rồi đó,2.0,104,ok haha không dám dùng acc chính mà dùng acc clone sủa hả em traiii . đủ chất là làm chó của rác 5 củ rồi đó
Mong rằng những công dân Việt Nam đang ở bên Nhật Bản học tập và lao động luôn giữ được sức khỏe tốt. Và đồng thời chúc cho Nhật Bản nhanh chóng vượt qua đại nạn lần này ❤,0.0,171,mong rằng những công_dân việt_nam đang ở bên nhật bản học_tập và lao_động luôn giữ được sức_khỏe tốt . và đồng_thời chúc cho nhật bản nhanh_chóng vượt qua đại_nạn lần này ❤
Biết là Nhật cũng có người này người kia nhưng chú bao nhiêu tuổi rồi mà hành động ấu trĩ như thế 😖😖😖,1.0,101,biết là nhật cũng có người này người kia nhưng chú bao_nhiêu tuổi rồi mà hành_động ấu_trĩ như thế 😖 😖 😖
có ai hỏi rank gì à =))))))) tự hào mực con rank ct à hahahah,0.0,61,có ai hỏi rank gì à = ) ) ) ) ) ) ) tự_hào mực con rank ct à hahahah
Ở nhà với a Chip già :(,0.0,23,ở nhà với a chip già : (
Ngọc Như chắc là sẽ bíu ty phun lắm đâyyy,0.0,41,ngọc như chắc là sẽ bíu ty phun lắm đâyyy
Cái đm,1.0,6,cái đm
Nhục hơn cả chó,2.0,15,nhục hơn cả chó
M mù ak,1.0,7,m mù_ak
Lũ khốn nạn chúng mày sẽ phải trả giá thôi,2.0,42,lũ khốn_nạn chúng_mày sẽ phải trả_giá thôi
Cho nó ngáp cho nó chừa Cho mày tin cs nhe con,1.0,46,cho nó ngáp cho nó chừa cho mày tin cs nhe con
Bay nick haha,0.0,13,bay nick haha
Toan Le ngài cái đcmm ah,2.0,24,toan le ngài cái đcmm ah
có thật là rank dct k v đánh cái rank bk thôi mà trông áp lực thế,0.0,65,có thật là rank dct không v đánh cái rank bk thôi mà trông áp_lực thế
Đéo làm even nho nhỏ giải nghiệp đi abe :)),1.0,43,đéo làm even nho_nhỏ giải_nghiệp đi abe : ) )
Công an vào cuộc chắc sớm bắt đc thôi giờ chạy sao cho thoát? Bắt ca bọn luôn,0.0,77,công_an vào_cuộc chắc sớm bắt được thôi giờ chạy sao cho thoát ? bắt ca bọn luôn
gì vậy má nó có thật là nó bán cho báo lá cải nó tung rồi chứ đâu rãnh tung chùa cho bà xem miễn phí vậy. Chắc ba ghi âm làm nhạc cùng nhau rồi khịa nói tung lên thôi. Nó mà làm vậy ai dám làm việc chung với nó. Bình Gold tặng nó bài diss chưa sợ ak,0.0,249,gì vậy má nó có thật là nó bán cho báo lá_cải nó tung rồi chứ đâu rãnh tung chùa cho bà xem miễn_phí vậy . chắc ba ghi_âm làm nhạc cùng nhau rồi khịa nói tung lên thôi . nó mà làm vậy ai dám làm_việc chung với nó . bình gold tặng nó bài diss chưa sợ ak
Rồi kiện chưa,0.0,13,rồi kiện chưa
Lên top chỉ qua được ng ta ủng hộ sau vụ việc thg KICM nhạc dell hay chổ nào,1.0,76,lên top chỉ qua được ng ta ủng_hộ sau vụ_việc thg kicm nhạc dell hay chổ nào
Quang Huy thế nghe j là giáo viên tiểu học chưa,0.0,47,quang huy thế nghe gì là giáo_viên tiểu_học chưa
Sr cái lol mẹ mày,2.0,17,sr cái lol mẹ mày
Bạn cố chấp và đang phá nền bóng đá vn,0.0,38,bạn cố_chấp và đang phá nền bóng_đá vn
Trọng tài như cái đầu b**,2.0,25,trọng_tài như cái đầu b * *
hẳn đi tù :)) nói câu như cái gì cũng biết,0.0,42,hẳn đi tù : ) ) nói câu như cái gì cũng biết
"Mày chửi LQ xong bị thằng âm binh 11 nó lừa cho hơn trăm triệu, nhục mặt, gậy mày đập vào mặt mày ,đáng đời, chửi người ta làm sao mày gánh hết.",2.0,144,"mày chửi lq xong bị thằng âm_binh 11 nó lừa cho hơn trăm triệu , nhục mặt , gậy mày đập vào mặt_mày , đáng_đời , chửi người_ta làm_sao mày gánh hết ."
đcm. phạt! phạt cái loz. cáu!!!,1.0,31,đcm . phạt ! phạt cái loz . cáu ! ! !
 giải trí điên =)))),0.0,20,giải_trí điên = ) ) ) )
Chỗ xe này riêng tiền hút xăng cũng nuôi được bố mẹ rồi,0.0,55,chỗ xe này riêng tiền hút xăng cũng nuôi được bố_mẹ rồi
"anh yêu em, cưới ah đi",0.0,22,"anh yêu em , cưới ah đi"
Đại cao thủ bú win mới đúng chứ hết thời cái đầu buồi,1.0,53,đại_cao_thủ bú win mới đúng chứ hết thời cái đầu buồi
còn mình không đồng ý khi bảo bộ đội là chính quyền,0.0,51,còn mình không đồng_ý khi bảo bộ_đội là chính_quyền
"tớ khởi nghiệp bán giày Authentic , bạn nào có nhu cầu mang giày real đi chơi Tết ib mình nha Duh Thrift Store",0.0,110,"tớ khởi_nghiệp bán giày authentic , bạn nào có nhu_cầu mang giày real đi chơi tết inbox mình nha duh thrift store"
"đáng, thua là đáng :)))",0.0,23,"đáng , thua là đáng : ) ) )"
Lo ăn lo cướp tối đa thì lãnh đạo gì,1.0,36,lo ăn lo cướp tối_đa thì lãnh_đạo gì
"Đĩ mẹ nhung, lựa đi em",2.0,22,"đĩ mẹ nhung , lựa đi em"
Cần info Áo.,0.0,12,cần info áo .
Đập tai nghe đập cù chỏ đây rồiiii :>,0.0,37,đập tai_nghe đập cù chỏ đây rồiiii : >
Dờ.... đéo phải đờ nghe chưa thằng hl :3,2.0,40,dờ ... . đéo phải đờ nghe chưa thằng hl : 3
Cmm mù à,1.0,8,cmm mù à
từ khi nào đụ người ta rồi bỏ được tung hô nhỉ :))) Victim blaming vừa thôi ước gì đầu mấy fan rách nó sáng chứ không phải là đít,1.0,129,từ khi nào đụ người_ta rồi bỏ được tung_hô nhỉ : ) ) ) victim blaming vừa thôi ước gì đầu mấy fan rách nó sáng chứ không phải là đít
Đm dlv bơi hết vào đây,1.0,22,đm dlv bơi hết vào đây
Tội cho chồng cô ấy,0.0,19,tội cho chồng cô ấy
Quan vn chúng nó tham vl...địt con mẹ lũ quan tham,2.0,50,quan vn chúng_nó tham vl ... địt con_mẹ lũ quan tham
đến lúc vr tung ra hàng loạt tật xấu thg rách thì nó mới khiếp chứ h nó còn khinh thường lắm,1.0,92,đến lúc vr tung ra hàng_loạt tật xấu thg rách thì nó mới khiếp chứ h nó còn khinh_thường lắm
kêu thằng rẻ jack idol m chịu trách nhiệm vì k bao đi xong anh t chịu trách nhiệm cho,1.0,85,kêu thằng rẻ jack idol m chịu trách_nhiệm vì không bao đi xong anh t chịu trách_nhiệm cho
trình m đến đâu ?,0.0,17,trình m đến đâu ?
Gái mẹ n,2.0,8,gái mẹ n
H content là z ha mn . Kiểu xem khá ức chế khi chiêu hụt là chửi thề hò hét vcl=),0.0,81,h content là z ha mọi người . kiểu xem khá ức_chế khi chiêu hụt là chửi thề hò_hét vcl = )
má coi y chang như nó nhìn mình nó chửi vậy. lol,1.0,48,má coi y chang như nó nhìn mình nó chửi vậy . lol
giữ xe thu tiền mà mày nói vậy nghe sao được,0.0,44,giữ xe thu tiền mà mày nói vậy nghe sao được
Anh Duck sao mà nó liên mồm được nhỉ =)),0.0,40,anh duck sao mà nó liên mồm được nhỉ = ) )
"Làm như ở dưới gầm giường người ta mà nói, ad nói chuyện ngu vđ",1.0,63,"làm như ở dưới gầm giường người_ta mà nói , admin nói_chuyện ngu vđ"
Dm... bạn ở đâu mà hỏi câu dốt vậy.... ở vn .... công an... làm gì cũng được.,1.0,77,dm ... bạn ở đâu mà hỏi câu dốt_vậy ... . ở vn ... . công_an ... làm gì cũng được .
Bắt xong xl chắc tao đập chetme mày quáaa =)),2.0,45,bắt xong xl chắc tao đập chetme mày quáaa = ) )
phò cũng là 1 nghề chân chính đấy đm thằng ad,2.0,45,phò cũng là 1 nghề chân_chính đấy đm thằng admin
"Bị chửi nhiều quá xong bày đặt trả vờ đăng stt ""nghĩ content gì tiếp đây"" :)) người ta diễn để tạo content không nói. Đây cư xử như 1 con chó ngu, nói toàn Xưng Bố với mày, người ta thì Anh-em, trông chẳng tôn trọng ai cả. Nhân cách thối",2.0,237,"bị chửi nhiều quá xong bày_đặt trả vờ đăng stt "" nghĩ content gì tiếp đây "" : ) ) người_ta diễn để tạo content không nói . đây cư_xử như 1 con chó ngu , nói toàn xưng bố với mày , người_ta thì anh - em , trông chẳng tôn_trọng ai cả . nhân_cách thối"
Sorry con cak,1.0,13,sorry con cak
Tởm l dmm,1.0,9,tởm l dmm
Đm cú vl,1.0,8,đm cú vl
Dẹo dẹo cho cố,1.0,14,dẹo dẹo cho cố
ngu lol cay quài dị kkkk. nhục lol,1.0,34,ngu lol cay quài dị kkkk . nhục lol
Nguyễn chả bù chỗ bạn hành xe máy còn đắt hơn cả ô tô =)))),0.0,59,nguyễn chả_bù chỗ bạn hành xe_máy còn đắt hơn cả ô_tô = ) ) ) )
Lỗi cái lok,1.0,11,lỗi cái lok
vậy mày vô đây sủa làm cc gì tml,2.0,32,vậy mày vô đây sủa làm cc gì tml
"Đù dại ghê, bọn đấy ngày nào nó cũng lên Phường xiên cho nó 1 cái, đuợc tiếng luôn, vào khám mấy anh chị cũng thương, xiên hết mọi thằng trên Phường luôn cho nó Sum",1.0,164,"đù dại ghê , bọn đấy ngày nào nó cũng lên phường xiên cho nó 1 cái , đuợc tiếng luôn , vào khám mấy anh_chị cũng thương , xiên hết mọi thằng trên phường luôn cho nó sum"
Mã cha cụ mày,2.0,13,mã cha cụ mày
"Nó đi 2 xe 4 thằng, trộm cướp giống người vậy...",1.0,48,"nó đi 2 xe 4 thằng , trộm_cướp giống người vậy ..."
Mời Dì Hai (ca sỹ Tuấn Phong) đi Anh Chị ❤️❤️,0.0,45,mời dì hai ( ca_sỹ tuấn phong ) đi anh_chị ❤ ️ ❤ ️
Thấy trai là tớn lên,0.0,20,thấy trai là tớn lên
Xứ sở chộm cướp,0.0,15,xứ_sở chộm cướp
Ra tay nhanh lẹ thiệt,0.0,21,ra_tay nhanh lẹ thiệt
Sorry Việt Nam =)))?? FAKE?,0.0,27,sorry việt nam = ) ) ) ? ? fake ?
Dân Hà tĩnh công nhận lắm đệ tử của Ducangter thật,0.0,50,dân hà_tĩnh công_nhận lắm đệ_tử của ducangter thật
"Lời thật lòng gửi bạn : Rất thương và nể những người lao động chân chính như bạn.Nhưng loại hình bạn kinh doanh, mặt hàng cũng có rất nhiều người làm.Vì vậy bạn cứ làm việc nghiêm túc tự nhiên sẽ không còn những chuyện bực dọc và công việc sẽ tiếp tục thận lợi.✊",0.0,262,"lời thật lòng gửi bạn : rất thương và nể những người lao_động chân_chính như bạn . nhưng loại_hình bạn kinh_doanh , mặt_hàng cũng có rất nhiều người_làm . vì_vậy bạn cứ làm_việc nghiêm_túc tự_nhiên sẽ không còn những chuyện bực_dọc và công_việc sẽ tiếp_tục thận lợi . ✊"
Đang khoe đú trend mà nhớ nhung gì dở đây má ><,0.0,47,đang khoe đú trend mà nhớ_nhung gì dở_đây má > <
 thế còn cái sự thật vụ chối bỏ con thì sao ạ:lll,0.0,49,thế còn cái sự_thật vụ chối_bỏ con thì sao ạ : lll
thì lũ rẻ jack cấp 1 ở đâu chả giống nhau,1.0,41,thì lũ rẻ jack cấp 1 ở đâu chả giống nhau
"ở nhà live không sợ nhục, chứ ra đường để nhta chỉ chỉ trỏ trỏ có khóc như cho’ không=))",1.0,88,"ở nhà live không sợ nhục , chứ ra đường để nhta chỉ chỉ_trỏ trỏ có khóc như cho ’ không = ) )"
Hữu Khánh ờ chắc số khung xe để trưng,0.0,37,hữu khánh ờ chắc số khung xe để trưng
vé máy bay giảm mn đi du lịch Châu Âu nhiều nhỉ :))),0.0,52,vé máy_bay giảm mọi người đi du_lịch châu âu nhiều nhỉ : ) ) )
"Ông tập trung đánh trụ là win r , còn ngựa ngựa quay qua combo con LB",0.0,69,"ông tập_trung đánh trụ là win r , còn ngựa ngựa quay qua combo con lb"
Ủng hộ công ty ủng hộ Jack,0.0,26,ủng_hộ công_ty ủng_hộ jack
Con chó có biểu hiện lạ .. nó đã phát hiện ra điều gì đó,0.0,56,con chó có biểu_hiện lạ . . nó đã phát_hiện ra_điều gì đó
cay chưa thằng đầu tôm :)),1.0,26,cay chưa thằng đầu tôm : ) )
Ủa tưởng a nghỉ,0.0,15,ủa tưởng a nghỉ
Bị đấm gãy cmn răng,1.0,19,bị đấm gãy cmn răng
Chấn bé đù =))),1.0,15,chấn bé đù = ) ) )
Quỳnh Trang đọc máu t nó sôi sục sục,0.0,36,quỳnh trang đọc máu t nó sôi_sục sục
Có tiền mà xài không dc cũng zay... 😂😂,0.0,38,có tiền mà xài không được cũng zay ... 😂 😂
tính tiền cho thầy :v,0.0,21,tính tiền cho thầy : v
Xã hội bồng bềnh.,1.0,17,xã_hội bồng_bềnh .
Sorry? Cmm,1.0,10,sorry ? cmm
Bắc kì bắc kỳ bắc kỳ lêu lêu :)),2.0,32,bắc kì bắc kỳ bắc kỳ lêu lêu : ) )
Cực kì khuyết tật,1.0,17,cực_kì khuyết_tật
Đm thằng trọng tài,2.0,18,đm thằng trọng_tài
Admin ban bỏ những thằng câu like chúc năm mới giúp với. Dị ứng bọn này vl,2.0,74,admin ban bỏ những thằng câu like chúc năm mới giúp với . dị_ứng bọn này vl
Ra đường nhớ cằm theo não,1.0,25,ra đường nhớ cằm theo não
Cô nghỉ livestream 3 ngày là biết cô nhìn thấy gì rồi luôn :)),0.0,62,cô nghỉ livestream 3 ngày là biết cô nhìn thấy gì rồi luôn : ) )
Sory con me may,2.0,15,sory con me may
V: ai đó giải thích cho em cái gì ló ra đằng sau kia,0.0,52,v : ai đó giải_thích cho em cái gì ló ra đằng sau kia
Xin lỗi cái địt thằng cụ mài,2.0,28,xin_lỗi cái địt thằng cụ mài
Roi thang be con song k e toi qua vay,0.0,37,roi thang be con song không e toi qua vay
Mọi người thấy ông thua ngoo do không chịu đánh nhà còn tôi thấy 3 Q ra đất,1.0,75,mọi người thấy ông thua ngoo do không chịu đánh nhà còn tôi thấy 3 q ra đất
Nhạc lần này của ổng m.n phải nghe nhiều mới hay 😅,0.0,50,nhạc lần này của ổng m . n phải nghe nhiều mới hay 😅
thằng k b’ nhận tkg là tkg fan rách vậy thôi!,2.0,45,thằng không b ’ nhận tkg là tkg fan rách vậy thôi !
"Mấy thằng cho để,",2.0,17,"mấy thằng cho để ,"
"Bà nầy nói chuyện ko có văn hoá , ko biết xấu hổ",1.0,48,"bà nầy nói_chuyện không có văn_hoá , không biết xấu_hổ"
Bắt đc đập chết me chung no di,2.0,30,bắt được đập chết me chung no_di
não chó thì câm đi,1.0,18,não chó thì câm đi
"May Cha  H O an Tro. Cap.  Ranh c. Di ngoi le.  Nhieu chuyen.  Do   Cai Thu , do tam than",2.0,89,"may cha h o an tro . cap . ranh c . di_ngoi le . nhieu chuyen . do cai thu , do tam_than"
Bắt như mắt mù! Ông xem lại xem những tình huống ông bắt đi! Ông là trọng tài phai công bằng! Ông cũng đi lên từ cầu thủ đấy! Bắt như thế ông nên nghỉ đi! Gây bức xúc cho dân tình,1.0,179,bắt như mắt mù ! ông xem_lại xem những tình_huống ông bắt đi ! ông là trọng_tài phai công_bằng ! ông cũng đi lên từ cầu_thủ đấy ! bắt như thế ông nên nghỉ đi ! gây bức_xúc cho dân_tình
Cũng ủng hộ ông trouie từ đầu tới cuôia,0.0,39,cũng ủng_hộ ông trouie từ đầu tới cuôia
ngu lol bị vả dél biet nhục.kkkkk cay thoi cay quá phải vào fb chửi. đúng trẻ rranh,1.0,83,ngu lol bị vả dél biet nhục . kkkkk cay thoi cay quá phải vào fb chửi . đúng trẻ rranh
Keu con linh cá lóc về vn đi c hiếu đập vô mặt nó,1.0,49,keu con linh cá_lóc về vn đi c hiếu đập vô mặt nó
BỌN LINH CẢU ĐẦY ĐƯỜNG,2.0,22,bọn linh cảu đầy đường
Thối nát lắm r,1.0,14,thối_nát lắm r
5 nghin do cai dau buoi toan mom,1.0,32,5 nghin do cai dau buoi toan mom
bú win à,1.0,8,bú win à
"Tội nghiệp em bán xôi,đm thứ trâu bò cũng không bền đâu sẽ có quả báo",2.0,69,"tội_nghiệp em bán xôi , đm thứ trâu_bò cũng không bền đâu sẽ có quả_báo"
Xấu vlol,1.0,8,xấu vlol
Má đọc tn mà máu chó chứ tr,1.0,27,má đọc tn mà máu_chó chứ tr
Anh Việt ăn bưởi k,0.0,18,anh việt ăn bưởi không
Người Mê Viết rồi liên quan gì đến mà vô cmt ghét thì chặn đi ai mượn xem,0.0,73,người mê viết rồi liên_quan gì đến mà vô cmt ghét thì chặn đi ai mượn xem
"vãi lôn, cái kèo rank bk lỏ cũng up là shao anh",1.0,47,"vãi lôn , cái kèo rank bk lỏ cũng up là shao anh"
Đu càng sang cali đi thằng con roi phản động,2.0,44,đu càng sang cali đi thằng con roi phản_động
"m đi kêu thằng virus ra mặt đối chất hộ tao cái, chứ đúng quá sao xóa clip rồi trốn luôn ko chịu phản hồi khi ngta liên hệ ,m đọc cái thông báo cty nó mà m ko hiểu hả ? Nhận thức m để rớt đũn quần hay gì",1.0,203,"m đi kêu thằng virus ra_mặt đối_chất hộ tao cái , chứ đúng quá sao xóa_clip rồi trốn luôn không chịu phản_hồi khi ngta liên_hệ , m đọc cái thông_báo cty nó mà m không hiểu hả ? nhận_thức m để rớt đũn quần hay gì"
Tạm giam mà còn lên fb ns phét đc nể cái pháp luận thật,1.0,55,tạm giam mà còn lên fb nói_phét được nể cái pháp luận thật
Bắc kỳ cũng là người vn mà nó chửi như có sách con này k bỏ qua cho nó được,1.0,75,bắc kỳ cũng là người vn mà nó chửi như có sách con này không bỏ_qua cho nó được
"phú bà ơi anh yêu em , em lấy anh đi",0.0,36,"phú bà ơi anh yêu em , em lấy anh đi"
Haaaaaaaaaaaaaaaaa.,0.0,19,haaaaaaaaaaaaaaaaa .
Não chó,1.0,7,não chó
Dàn cảnh. Có ăn chia nên lộng hành...,0.0,37,dàn_cảnh . có_ăn_chia nên lộng_hành ...
May thang nay roi cung phai tra gia dat thoi,0.0,44,may thang nay roi cung phai tra gia dat thoi
Như thằng trẩu :)) bảo sao cái đầu mãi đéo lớn,1.0,46,như thằng trẩu : ) ) bảo sao cái đầu mãi đéo lớn
Phong Nguyen zị đó he,0.0,21,phong nguyen zị đó he
"Hiệp Đinh m muốn đi hiến máu giúp họ, nhưg khi hiến rồi mới biết bị nhiễm thì sao hả thằng bàn phím , đầu to mà óc cứ như củ cứt 🤗🤗🤗",1.0,132,"hiệp đinh m muốn đi hiến máu giúp họ , nhưg khi hiến rồi mới biết bị nhiễm thì sao hả thằng bàn_phím , đầu to mà óc cứ như củ cứt 🤗 🤗 🤗"
"Xe mới bị xử phạt, nó méo thèm quan tâm. Đám dân đen như mình dám ý kiến",0.0,72,"xe mới bị xử_phạt , nó méo thèm quan_tâm . đám dân đen như mình dám ý_kiến"
"Ae bình tĩnh, acc fake",0.0,22,"anh_em bình_tĩnh , acc fake"
Ok Haha :))) bố 1989 đấy conn zai ạ . Bọn không có nhân cách thì cứ phải chửi thôi,1.0,82,ok haha : ) ) ) bố 1989 đấy conn zai ạ . bọn không có_nhân_cách thì cứ phải chửi thôi
Fuck mẹ m,2.0,9,fuck mẹ m
Feed tụt lz xàm cứt,1.0,19,feed tụt lz xàm cứt
Nó khóc là vì lũ xủ nó( đồng bon) vẫn còn ngồi trên kia phán xét sinh mang nó,1.0,77,nó khóc là vì lũ xủ nó ( đồng bon ) vẫn còn ngồi trên kia phán_xét sinh mang nó
Máy bọn này chặt tay nó lun àk,2.0,30,máy bọn này chặt tay nó lun àk
Bác Trần Dần năm nay bác cũng già đi nhiều rồi.Bác cố gắng giữ gìn sức khỏe để vượt qua mua dịch này❤️❤️❤️,0.0,106,bác trần dần năm nay bác cũng già đi nhiều rồi . bác cố_gắng giữ_gìn sức_khỏe để vượt qua mua dịch này ❤ ️ ❤ ️ ❤ ️
Nguyễn Quang Minh óc ch.o,1.0,25,nguyễn quang minh óc ch . o
Xin lỗi Việt Nam ? Muộn rồi,0.0,27,xin_lỗi việt_nam ? muộn rồi
thằng ad này não bị delay 3 năm à :)),1.0,37,thằng admin này não bị delay 3 năm à : ) )
ViruSs vừa lên bài chửi thẳng mặt Jack lun rồi nhé quả này căng phết rồi đấy Link bài đây https://fecabookk.com/posts/id=10065010324009568,0.0,138,viruss vừa lên bài chửi thẳng mặt jack lun rồi nhé quả này căng phết rồi đấy link bài đây
"Éc, ko cần tiêm hockmon mà cũng nữ tính vậy luôn.",0.0,49,"éc , không cần tiêm hockmon mà cũng nữ_tính vậy luôn ."
Bọn cặn bả xã hội,2.0,17,bọn cặn bả xã_hội
Công bằng chỗ nào:)?,0.0,20,công_bằng chỗ nào : ) ?
So máu lz đitba thằng bị thận này,2.0,33,so máu lz đitba thằng bị thận này
Sorry cái loll,1.0,14,sorry cái loll
"ít lên tiếng cl, chuyện gì nó chả lôi công ty ra nói, bản chất rẻ Rách",1.0,70,"ít lên_tiếng cl , chuyện gì nó chả lôi công_ty ra nói , bản_chất rẻ rách"
Chống tham nhũng ở ViêtNam như kiểu con Mèo ăn miếng mỡ thì bắt được còn Còn cọp ăn con hươu thì đeoa bắt đc,1.0,108,chống tham_nhũng ở viêtnam như kiểu con mèo ăn miếng mỡ thì bắt được còn còn cọp ăn con hươu thì đeoa bắt được
Mấy người bịt khẩu trang tốt nhất là đề phòng,0.0,45,mấy người bịt khẩu_trang tốt nhất là đề_phòng
Best cà khịa =)),0.0,16,best cà_khịa = ) )
Tui vẫn ủng họ cổ vũ hlv trường vs cả đội vn,0.0,44,tui vẫn ủng họ cổ_vũ hlv trường với cả đội vn
qua nó chơi 2 game thua cả 2 . Duo vs th 1-8 game sau 1-7 . Nó jg âm 1 mạng cả 2 game =)) trình k có ảnh cay,1.0,108,qua nó chơi 2 game thua cả 2 . duo với th 1 - 8 game sau 1 - 7 . nó jg âm 1 mạng cả 2 game = ) ) trình không có ảnh cay
"còn live đó , xem thử đi =))",0.0,28,"còn live đó , xem thử đi = ) )"
đã phạt chúng tôi rồi bg con xin lỗi,0.0,36,đã phạt chúng_tôi rồi bg con xin_lỗi
Xã hội h nhiều thể loại thượng đẳng hay đánh hội đồng kẻ yếu,1.0,60,xã_hội h nhiều thể_loại thượng_đẳng hay đánh hội_đồng kẻ yếu
Đcmm đi chết đi:)),2.0,18,đcmm đi chết đi : ) )
xàm lồn,1.0,7,xàm lồn
 ảnh cay =))))),0.0,15,ảnh cay = ) ) ) ) )
đm bọn trung quốc chó,2.0,21,đm bọn trung quốc chó
Quốc Thắng bảo sao top mình lúc nào cũng yếu,0.0,44,quốc thắng bảo sao top mình lúc_nào cũng yếu
tao cười ia ve may troussier a xl,1.0,33,tao cười ia ve_may troussier a xl
Dân InDo thì m nge làm lol gì??? K thích thì câm họng lại ok chưa lên đây sủa làm cc gì.,1.0,98,dân indo thì m nge làm lol gì ? ? ? không thích thì câm_họng lại ok chưa lên đây sủa làm cc gì .
chẳng phải thiên đường người ta di chuyển bằng cách cưỡi mây hay sao ? lẽ ra họ chỉ xây cầu bằng xốp thôi.... nhưng vì lương tâm của người kongsan nên họ cho vào thêm bê tông và ít cốt thép đấy ! bà con ở thiên đường cứ học cái tính càm ràm vớ vẫn của bọn giãy chết !,1.0,267,chẳng phải thiên_đường người_ta di_chuyển bằng cách cưỡi mây hay sao ? lẽ_ra họ chỉ xây cầu bằng xốp thôi ... . nhưng vì lương_tâm của người kongsan nên họ cho vào thêm bê_tông và ít cốt thép đấy ! bà_con ở thiên_đường cứ học cái tính càm ràm vớ vẫn của bọn giãy_chết !
"miệng thối rẻ rách, câm đi thằng ngu",2.0,36,"miệng thối rẻ rách , câm đi thằng ngu"
"Thật sự từ lúc chưa có drama tôi đã thấy th này nó cứ đơ đơ thế nào ý, trông nó đánh như mấy th vàng rách mà cũng lên live. Cách nói chuyện thì như cái th thiểu năng, đ ngửi nổi",2.0,177,"thật_sự từ lúc chưa có drama tôi đã thấy th này nó cứ đơ đơ thế_nào ý , trông nó đánh như mấy th vàng rách mà cũng lên live . cách nói_chuyện thì như cái th_thiểu_năng , đ ngửi nổi"
cố lênn tâm sự nhà single mom haha,0.0,34,cố lênn tâm_sự nhà single mom haha
Xin cái địt bà nhà mày,2.0,22,xin cái địt bà nhà mày
Đúng là tàn ác hơn loại con trùng . K có gì tả nổi . Mong cơ quang ra luật trộm cấp xe bị chung thân,2.0,100,đúng là tàn_ác hơn loại con trùng . không có gì tả nổi . mong cơ quang ra luật trộm cấp xe bị chung_thân
Láo,1.0,3,láo
Cắt con cặc m ra rồi tụi t còn thể suy nghĩ,2.0,43,cắt con cặc m ra rồi tụi t còn thể suy_nghĩ
Xem ma tuc oi mau. Co 2 hop xoi no no long nao no an giut. No an 2 goi xoi do no trao mau,1.0,89,xem ma tuc oi mau . co 2 hop xoi no no long nao no an giut . no an 2 goi xoi do no trao mau
Jack nuôi cmay đồng nào mà cmay bảo phảu bồi thường cho idol của chúng m thế haha,1.0,81,jack nuôi cmay đồng nào mà cmay bảo phảu bồi_thường cho idol của chúng m thế haha
Không phải tụi nó sợ mà tụi nó thù dai. Vì tụi nó là lũ sức sinh.,2.0,79,không phải tụi nó sợ mà tụi nó thù dai . vì tụi nó là lũ sức_sinh .
Cút đi,1.0,6,cút đi
Đừng có mơ nữa đóng thêm tiền giữ xe nữa,0.0,40,đừng có mơ nữa đóng thêm tiền giữ xe nữa
Dlv sủa hộ ?,1.0,12,dlv sủa hộ ?
đcm sound effect đỉnh vc,0.0,24,đcm sound effect đỉnh vc
Con này đang tụng kinh hay đag đọc ráp vậy trời,0.0,47,con này đang tụng kinh hay đag đọc ráp_vậy trời
Diện Trần có con rồi mà như thằng trẩu :)),2.0,42,diện trần có con rồi mà như thằng trẩu : ) )
Yeu nhau ko bao giờ được dụ nha anh . Nhưng mà phải Liếm lôn nha a 🤣🤣🤣🤣🤣🤣,1.0,73,yeu nhau không bao_giờ được dụ nha anh . nhưng mà phải liếm lôn nha a 🤣 🤣 🤣 🤣 🤣 🤣
"3 thanh niên sức dài vai rộng, k làm mà đi ăn trộm xe của cô gái",1.0,64,"3 thanh_niên sức dài vai rộng , không làm mà đi ăn_trộm xe của cô gái"
Giống giọng mèo xi măng vậy,0.0,27,giống giọng mèo xi_măng_vậy
Dm lũ quan tham bán nước.,2.0,28,dm lũ quan tham bán_nước .
Ủa mày làm chi dị rồi mày nói xin lỗi ủa mày xin lỗi rồi tỉ số có gỡ lại đc ko,1.0,78,ủa mày làm_chi dị rồi mày nói xin_lỗi ủa mày xin_lỗi rồi tỉ_số có gỡ lại được không
Đồng bọn phối hợp !,0.0,19,đồng_bọn phối_hợp !
Khổ cho cô gái bán xôi,0.0,22,khổ cho cô gái bán xôi
Sa thải HLV này ngay và luôn,1.0,28,sa_thải hlv này ngay và luôn
Con nay dien nang qua,2.0,21,con nay dien nang qua
mấy cái thứ bắt chước trộm hình của người khác như mày muôn đời nát. Kinh tởm. Người ta đăng từ hôm qua thì mày ăn cắp hình rồi comment lại câu view hả mày? Tưởng vậy hay ho nhưng ko ai ngu như mày để mày qua mặt đâu.,2.0,217,mấy cái thứ bắt_chước trộm hình của người khác như mày muôn_đời nát . kinh_tởm . người_ta đăng từ hôm_qua thì mày ăn_cắp hình rồi comment lại câu view hả mày ? tưởng vậy hay_ho nhưng không ai ngu như mày để mày qua_mặt đâu .
"Phương Dung Nguyễn chị chơi vậy, ai đ* chị",1.0,42,"phương dung nguyễn chị chơi vậy , ai đ * chị"
"em thấy chị cũng còn tươi á, hay ra cho a tứn phối giống rồi chị tự nuôi con 1 mình đi chị",0.0,90,"em thấy chị cũng còn tươi á , hay ra cho a tứn phối giống rồi chị tự nuôi con 1 mình đi chị"
Bọn này bắt được nên bắn chết,1.0,29,bọn này bắt được nên bắn chết
BeKia dùng kungphu muray v mà mắt trong tài để đâu vậy,0.0,54,bekia dùng kungphu muray v mà mắt trong tài để đâu_vậy
dàn cảnh rất nhuần nhuyễn.,0.0,26,dàn_cảnh rất nhuần_nhuyễn .
Sory cái đm mày,2.0,15,sory cái đm mày
Lê Đức Minh đến giờ vẫn thành công mà ?,0.0,39,lê đức minh đến giờ vẫn thành_công mà ?
Thơ Tỷ,0.0,6,thơ tỷ
Ns thật đừng buồn do ông ngu vãi lzz,1.0,36,nói thật đừng buồn do ông ngu vãi lzz
Hết thời,1.0,8,hết thời
"Không phải tự nhiên bỏ công ty rồi làm vẻ tội nghiệp được đàn anh và bên faptv cứu xong giờ hỏi xem họ có coi ra gì ko, bỏ vợ bỏ con, khinh thường đàn anh, làm màu trên sân khấu bao nhiêu show bị khán giả chê, dính bản quyền gần nhất là ido… Xem thêm",0.0,250,"không phải tự_nhiên bỏ công_ty rồi làm vẻ tội_nghiệp được đàn_anh và bên faptv cứu xong giờ hỏi xem họ có coi ra gì ko , bỏ vợ bỏ con , khinh_thường đàn_anh , làm màu trên sân_khấu bao_nhiêu show bị khán_giả chê , dính bản_quyền gần nhất là ido … xem thêm"
Ông biến khỏi Việt Nam chúng tôi đi đồ HLV đầu bò trả hiểu gì về bóng đá Việt Nam,1.0,81,ông biến khỏi việt_nam chúng_tôi đi đồ hlv đầu_bò trả hiểu gì về bóng_đá việt_nam
thầy lồn,2.0,8,thầy lồn
Nhét con kia vào quan tài giùm tao cái. Clm nó,2.0,46,nhét con kia vào quan_tài giùm tao cái . clm nó
thằng bạc rách bú của ai chụp z,2.0,31,thằng bạc rách bú của ai chụp z
Kai dit lon mẹ nhà mày trọng tài lôn,2.0,36,kai dit lon mẹ nhà mày trọng_tài lôn
Anh chính thức thành kẻ thù không đội trời chung của đám dâm lợn viên. Hihi,1.0,75,anh chính_thức thành kẻ_thù không đội trời chung của đám dâm lợn viên . hihi
"Chúng nó giỏi thế mà không lấy của nhà giàu,lại đi lừa nhà nghèo nhỉ",0.0,68,"chúng_nó giỏi thế_mà không lấy của nhà giàu , lại đi lừa nhà nghèo nhỉ"
 why cái lồn mẹ mày,2.0,19,why cái lồn mẹ mày
độ bad trip 😞,0.0,13,độ bad trip 😞
spam kinh quá Mạnh chưa j lôi bố mẹ ra rồi hả Ruồi Mạnh biết phát sáng,1.0,70,spam kinh quá mạnh chưa gì lôi bố_mẹ ra rồi hả ruồi mạnh biết phát sáng
"Chó cắn áo rách,khổ thật",1.0,24,"chó cắn áo rách , khổ thật"
"m bênh con nhỏ cmt, con đó bênh rách thì khác đéo j m bênh rách nhỉ? ko bt đứa nào ko có não. Đã ngu thì nín",2.0,108,"m bênh con nhỏ cmt , con đó bênh rách thì khác đéo gì m bênh rách nhỉ ? không bình_thường đứa nào không có não . đã ngu thì nín"
Viet nam mà !,0.0,13,viet nam mà !
Đánh ngu bỏ mẹ ra :))),1.0,22,đánh ngu bỏ_mẹ ra : ) ) )
Cường học ANND là hiểu rồi. dm đám côn đồ tụi mày là tay sai cho cái lũ lảnh đạo bán nước đây mà,2.0,96,cường học annd là hiểu rồi . dm đám côn_đồ tụi mày là tay_sai cho cái lũ lảnh đạo bán_nước đây mà
Kda toàn âm mà úp lên khoe tự tin vl:)),0.0,39,kda toàn âm mà úp lên khoe tự_tin vl : ) )
@Sơn Hoàng học hành đi má~ về nhà r cày view nha ;),0.0,51,hoàng học_hành đi má ~ về nhà r cày view nha ; )
Xa La Công Tử share về các page,0.0,31,xa la công_tử share về các page
Xong,0.0,4,xong
Nhìn anh rất giống gờ đờ ra gon,0.0,31,nhìn anh rất giống gờ đờ ra gon
Cởi thì cởi mẹ ra không thì mặc mẹ vào 🙃,1.0,40,cởi thì cởi mẹ ra không thì mặc mẹ vào 🙃
"giết người đền mạng ,bố tù chung thân , tk lớp 6 đi cải tạo đến năm 18 thì cx đi tù chung thân nốt",1.0,98,"giết người đền_mạng , bố tù chung_thân , tk lớp 6 đi cải_tạo đến năm 18 thì cũng đi tù chung_thân nốt"
Trần Văn Tuấn .dòng họ thằng đó làm trong ngành...,1.0,50,trần văn tuấn . dòng_họ thằng đó làm trong ngành ...
Một  phút  bóc  đồng  bằng  cả  đời  bóc  cức  😂,1.0,48,một phút bóc đồng_bằng cả đời bóc cức 😂
Sorry con kẹc,1.0,13,sorry con kẹc
Xl có tay sao ko bắt,0.0,20,xl có tay sao không bắt
Gà mà oai vcc,1.0,13,gà mà oai vcc
Ad ngu như 1 con chó....xh nước nào mà ko có cướp giật.....chẳng qua là kéo giảm chứ làm cc j hết tuyệt đối.....mày ăn cức nên não mày ko phát triển hả ad!!!,2.0,157,admin ngu như 1 con chó ... . xh nước nào mà không có cướp_giật ... . . chẳng_qua là kéo_giảm chứ làm cc gì hết tuyệt_đối ... . . mày ăn cức nên não mày không phát_triển hả ad ! ! !
ĐẦU BUỒI!,1.0,9,đầu buồi !
Bitch's cunt,2.0,12,bitch ' s cunt
Mày cút đi thằng chó,2.0,20,mày cút đi thằng chó
"Đạo đức con người xuống cấp trầm trọng lắm rồi, thấy xã hội này buồn quá.",1.0,73,"đạo_đức con_người xuống_cấp trầm_trọng lắm rồi , thấy xã_hội này buồn quá ."
Yêu vs cả đương :)),0.0,19,yêu với cả đương : ) )
 why củ loz nhà m à ?,2.0,21,why củ loz nhà m à ?
Xã hội cong vòng,1.0,16,xã_hội cong vòng
Chắc Tiệp nghĩ Tiệp là hạng Thượng đẳng :)),1.0,43,chắc tiệp nghĩ tiệp là hạng thượng_đẳng : ) )
"Bắc năm, trung, tây 1 nhà",0.0,25,"bắc năm , trung , tây 1 nhà"
Lối đá xà lơ thì có chứ kiểm soát. Kiểm dc cái lồng mẹ nhà ông,1.0,62,lối đá xà lơ thì có chứ kiểm_soát . kiểm được cái lồng mẹ nhà ông
Trư Bát Giới ngọc trinh dáng ngon mà cái mặt t thề nhìn tắt nứng,1.0,64,trư bát giới ngọc trinh dáng ngon mà cái mặt t_thề nhìn tắt_nứng
Đù mé,1.0,5,đù mé
Tú said : cái lol j vậy abe,1.0,27,tú said : cái lol gì vậy abe
tôi mong chúa hãy đưa cả gia đình ông đi chết hết,2.0,49,tôi mong chúa hãy đưa cả gia_đình ông đi chết hết
Thế cơ á,0.0,8,thế cơ_á
"Thằng chó, nghĩ mẹ mày đi",2.0,25,"thằng chó , nghĩ mẹ mày đi"
câm cái mồm vào,1.0,15,câm cái mồm vào
Thăng đit lao nên lam quan chăng thê.cho va cho,2.0,47,thăng đit lao nên lam quan chăng thê . cho va cho
"Phải gọi phòng csgt là độ phá hủy tài sản của dân ,dân đóng tiền bãi mà nó để xe dân ngoài mưa nắng như vậy.",1.0,108,"phải gọi phòng csgt là độ phá_hủy tài_sản của dân , dân đóng tiền bãi mà nó để xe dân ngoài mưa_nắng như_vậy ."
Lam sao ma co the tha loi duoc cho nhung  nguoi an noi vo hoc thuc nhu the nay. Bo tay.,1.0,87,lam sao ma co the tha loi duoc cho nhung nguoi an noi vo hoc thuc nhu the nay . bo tay .
VỢ JACK5TR BẾN TRE,0.0,18,vợ jack5tr bến_tre
Ông là lỗi nhục nhã của gia đình ông,1.0,36,ông là lỗi nhục_nhã của gia_đình ông
Chửi thằng nguyễn sin đi chị thằng này ác lắm. Hình như mũi chị Hiếu hơi lệch á.,1.0,80,chửi thằng nguyễn sin đi chị thằng này ác lắm . hình_như mũi chị hiếu hơi lệch á .
"Giống mấy thằng fan NTN. Chê thằng NTN làm video thiếu ý thức xong nó nhảy vào bảo "" có bằng ngta không mà nói"" clm =))",1.0,119,"giống mấy thằng fan ntn . chê thằng như thế_nào làm video thiếu ý_thức xong nó nhảy vào bảo "" có bằng ngta không mà nói "" clm = ) )"
Thành phố an toàn lắm mà,0.0,24,thành_phố an_toàn lắm mà
"Cô chuyển giới từ xưa mà nhìn cô không nghĩ là người chuyển giới luôn, xuất sắc <3",0.0,82,"cô chuyển giới từ xưa mà nhìn cô không nghĩ là người chuyển giới luôn , xuất_sắc < 3"
Bài học cho sau này ....thận trọng ko bao giờ thừa .,0.0,52,bài_học cho sau_này ... . thận_trọng không bao_giờ thừa .
Khó chịu vl,1.0,11,khó_chịu vl
Chơi ngu thì có gì mà phải cay ko có thực lực ko gì phải buồn cả,1.0,64,chơi ngu thì có gì mà phải cay không có thực_lực không gì phải buồn cả
thailand mua nhiêu dị?,0.0,22,thailand mua nhiêu dị ?
Bùn lắm lun,0.0,11,bùn lắm lun
jack rẻ rách bỏ vợ bỏ von uisss jack ăn cứt đá bô,2.0,49,jack rẻ rách bỏ vợ bỏ von uisss jack ăn cứt đá bô
Đánh ngu bm ra,1.0,14,đánh ngu bm ra
2 cái lỗ mũi to zậy mà vẫn thấy ngột ngạt là sao nhỉ🙄🙄,1.0,54,2 cái lỗ mũi to zậy mà vẫn thấy ngột_ngạt là sao nhỉ 🙄 🙄
Xin l.ồ.n mẹ mày à,2.0,18,xin l . ồ . n mẹ mày à
"đúng là lũ trẻ trâu Nam kỳ, chả ra thể thống gì",2.0,47,"đúng là lũ trẻ trâu nam kỳ , chả ra thể_thống gì"
Bắt chưa 3 thằng nhen mấy c.a,0.0,29,bắt chưa 3 thằng nhen mấy c . a
Ông đi về pháp mẹ đi,1.0,20,ông đi về pháp mẹ đi
"Ủa a, bắt kỉu zì thế... :))",0.0,27,"ủa a , bắt kỉu zì thế ... : ) )"
Người bán chúng nó cũng ko tha,0.0,30,người bán chúng_nó cũng không tha
Tấm đầu tìm mãi mới thấy anh chả =)),0.0,36,tấm đầu tìm mãi mới thấy anh chả = ) )
Cái loại mặt lồn thì mãi mãi là kí sỉ lâu thôi tk db,2.0,52,cái loại mặt lồn thì mãi_mãi là kí sỉ lâu thôi tk db
cực kì thuyết phục abe,0.0,22,cực_kì thuyết_phục abe
Con mẹ kia bị qq gì ghê v ? Dẹo thấy gớm,2.0,40,con_mẹ kia bị qq gì ghê v ? dẹo thấy gớm
Tiền bợ dái của thằng đăng bài là 2 xị. Nó đi ỉa xin vào bóc cứt ăn nữa để được trường sinh bất tử. Địt mẹ m thằng đăng bài!,2.0,124,tiền bợ dái của thằng đăng bài là 2 xị . nó đi ỉa xin vào bóc cứt ăn nữa để được trường sinh bất_tử . địt_mẹ m thằng đăng bài !
"Óc của thằng ad dc cấu tạo từ cức các loại động vật....bởi ngta chửi ngu như cức...,",2.0,84,"óc của thằng admin được cấu_tạo từ cức các loại động_vật ... . bởi ngta chửi ngu như cức ... ,"
"Nguyễn An Huy vâng a đẹp trai như lệ rơi ạ, đẹp như ma chết trôi, mắt lé môi trề. -10đ ạ ko ai dám đẹp như a. T có nói t đẹp hay gì mà cần m sủa v ? Chê t xấu coi chứ sau này con m lại giống t á chớ",1.0,198,"nguyễn an huy vâng a đẹp_trai như lệ rơi ạ , đẹp như ma chết_trôi , mắt lé môi trề . - 10đ ạ không ai dám đẹp như a . t có nói t đẹp hay gì mà cần m sủa v ? chê t xấu coi chứ sau_này con m lại_giống t_á chớ"
xem bình luận phía dưới chửi đầy ra là hiểu. xem cả cái cách solo thua người khác bị hành là thấy nhục rồi :)))) toxic + la hét = óc chó kkkkk,1.0,142,xem bình_luận phía dưới chửi đầy ra là hiểu . xem cả cái cách solo thua người khác bị hành là thấy nhục rồi : ) ) ) ) toxic + la_hét = óc chó kkkkk
Nát hết rồi,1.0,11,nát hết rồi
"Mồ tổ cha mày. Đăng mà cũng lược bỏ đi chi tiết: Cty hổ trợ 1thùng number one, bình đựng nước đá. Nhưng anh này...tham thêm 1chút là đòi 10 thùng number one. Đừg ngu mà tỏ nguy hiểm nha ad",2.0,188,"mồ tổ cha mày . đăng mà cũng lược bỏ đi chi_tiết : cty hổ trợ 1thùng number one , bình đựng nước_đá . nhưng anh này ... tham thêm 1chút là đòi 10 thùng number one . đừg ngu mà tỏ nguy_hiểm_nha_admin"
"kẻ nào giỏi phá , ăn chơi , mất dạy , lưu manh , đều là bằng cấp lảnh đạo Việt Nam!",2.0,83,"kẻ nào giỏi phá , ăn_chơi , mất_dạy , lưu_manh , đều là bằng_cấp lảnh đạo việt nam !"
"Gọi làm gì ? Nó láo thật , nhưng rõ là chửi đúng , thằng kia đúng là ngu mà !",2.0,77,"gọi làm gì ? nó láo thật , nhưng rõ là chửi đúng , thằng kia đúng là ngu mà !"
Cờ giáo hội....tượng trưng cho hòa bình vs công lý. Ko biết sao,0.0,63,cờ giáo_hội ... . tượng_trưng cho hòa bình với công_lý . không biết sao
Cho chừa tôi mê trai,1.0,20,cho chừa tôi mê trai
Vu Quynh Huong vãi lol,1.0,22,vu quynh huong vãi lol
ngu,1.0,3,ngu
"Chị nói đúng quá. Trời mưa còn tắc đường nữa. Đi ô tô thì còn lâu mới thoát, chứ đi xe máy thì tí là lách đc rồi =))",0.0,116,"chị nói đúng quá . trời mưa còn tắc đường nữa . đi ô_tô thì còn lâu mới thoát , chứ đi xe_máy thì tí là lách được rồi = ) )"
Dcmm . Khốn nạn . Chó cắn áo rách,2.0,33,dcmm . khốn_nạn . chó cắn áo rách
Đấm trộng tài một cái cho đã cái tay,1.0,36,đấm trộng tài một cái cho đã cái tay
K thoát.camera đầy đường.nghiệp vụ túm đầu hết,0.0,46,không thoát . camera đầy đường . nghiệp_vụ túm đầu hết
"Hoàng Văn nếu là nhà tài trợ thưởng thì ko mất thuế,nhưng sợ ko biết có tới tay mấy e đc ko nè",0.0,94,"hoàng văn nếu là nhà tài_trợ thưởng thì không mất thuế , nhưng sợ không biết có tới tay mấy e được không nè"
Gay to vl :))),1.0,14,gay to vl : ) ) )
Mực óc c đk ae,2.0,14,mực óc c đk anh_em
Chừa cái tội nhây,0.0,17,chừa cái tội nhây
ủa là con gái là con trai không được chửi hả. T chỉ tưởng không được đánh con gái thôi chứ,0.0,90,ủa là con_gái là con_trai không được chửi hả . t chỉ tưởng không được đánh con_gái thôi chứ
Cầu trung văn - mễ trì,0.0,25,cầu trung văn - mễ trì
Top 1 mn êyy ở nhà xem giải mn êyy,0.0,34,top 1 mọi người êyy ở nhà xem giải mọi người êyy
aatrox nó gàaa :)),1.0,18,aatrox nó gàaa : ) )
Thầy ơi có cô kiếm thầy nè :)),0.0,30,thầy ơi có cô kiếm thầy nè : ) )
Ủa làm sao thấy bị gì đâu,0.0,25,ủa làm_sao thấy bị gì đâu
"Chúng mày là con hoang, còn bọn tao là con nhà nước, mày hiểu chứ",2.0,65,"chúng_mày là con_hoang , còn bọn tao là con nhà_nước , mày hiểu chứ"
Biến con mẹ mày đi thằng lol. Fuck,2.0,34,biến con_mẹ mày đi thằng lol . fuck
Con nay tamthan nangkhung batron,2.0,32,con nay tamthan nangkhung batron
"Đ*t con mẹ. Đang ăn cơm nghe đến đoạn bôi c** mũi,c** mèo Đức Phan ạ :)))",2.0,73,"đ * t con_mẹ . đang ăn cơm nghe đến đoạn bôi c * * mũi , c * * mèo đức phan ạ : ) ) )"
Nói thật.. pháp luật phải thật mạnh tay cho những kẻ này. Theo thái lan trộm một chiếc xe phải ở tù chung thân...,1.0,113,nói thật . . pháp_luật phải thật mạnh_tay cho những kẻ này . theo thái lan trộm một chiếc xe phải ở tù chung_thân ...
Hiền dữ chưa,0.0,12,hiền dữ chưa
"Bọn này bắt đc cứ cho chătj cmn hai tay đi , ko cần sử lội làm j cả",1.0,67,"bọn này bắt được cứ cho chătj cmn hai tay đi , không cần sử lội làm gì cả"
Sống mấy chục năm đi làm conttent bẩn để người ta ẩu lên đìa cả họ =]] mấy đồng bạc lẻ có đáng không?,1.0,101,sống mấy chục năm đi làm conttent bẩn để người_ta ẩu lên đìa cả họ = ] ] mấy đồng_bạc lẻ có đáng không ?
trầm cảm vì làm fan của đóm có bóng đèn ở đít à mà thôi không trêu ban ! ;)))),1.0,78,trầm_cảm vì làm fan của đóm có bóng đèn ở đít à mà thôi không trêu ban ! ; ) ) ) )
xin lỗi rồi Việt Nam có thắng đc ko,0.0,35,xin_lỗi rồi việt nam có thắng được không
Woh Wh chia buồn cùng gia đình súc vật nhạc giật giật của rác 5 củ bỏ con,2.0,73,woh wh chia buồn cùng gia_đình súc_vật nhạc giật giật của rác 5 củ bỏ con
Chửi cái l linh cá lon,2.0,22,chửi cái l linh cá lon
Co kg chi,0.0,9,co kg chi
Tao chịu status này đó AD tụi dlv nghe nhột ko tụi bây kaka,1.0,59,tao chịu status này đó admin tụi dlv nghe nhột không tụi bây kaka
Toan đựng bọn ngu phá hại lên làm quan nên dân nuôn đời vất vả nếu ko nhôt bơt cái bọn ngu ấy lai,2.0,97,toan đựng bọn ngu phá_hại lên làm quan nên dân nuôn đời vất_vả nếu không nhôt bơt cái bọn ngu ấy lai
Xin Vĩnh Biệt :))),0.0,18,xin vĩnh_biệt : ) ) )
"Chúng tao không cần mày xin lỗi,. Mày nên làm trọng tài cho hội bóng của người khuyết tật khiếm thị( mù ) đó",1.0,108,"chúng_tao không cần mày xin_lỗi , . mày nên làm trọng_tài cho hội bóng của người khuyết_tật khiếm_thị ( mù ) đó"
Địt cụ trọng tài nhé,2.0,20,địt cụ trọng_tài nhé
Pham Yen Nhi,0.0,12,pham yen nhi
nó chơi luật rừng thì mình chơi luật rừng! mạng đổi mạng! đéo phải nói nhiều! Bức xúc làm cc gì,1.0,95,nó chơi luật_rừng thì mình chơi luật_rừng ! mạng đổi mạng ! đéo phải nói nhiều ! bức_xúc làm cc gì
3 thằng chó,2.0,11,3 thằng chó
Bán cả mấy năm mới sắm dc cái xe .đm bọn trộm cắp,2.0,49,bán cả mấy năm mới sắm được cái xe . đm bọn trộm_cắp
"cay lỏ dái chưa, jack ngu",2.0,25,"cay lỏ dái chưa , jack ngu"
Anh bom đâu nhở không cà khịa nữa à :)),0.0,39,anh bom đâu nhở không cà_khịa nữa à : ) )
"cũng là tự nói mòm là liên hệ thôi chứ chưa chắc đã liên hệ đâu mà tự hào, mà còn phải là liên hệ ntn nữa",0.0,105,"cũng là tự nói mòm là liên_hệ thôi chứ chưa chắc đã liên_hệ đâu mà tự_hào , mà còn phải là liên_hệ như thế_nào nữa"
Cút về nước đi,1.0,14,cút về nước đi
"cái loại m chỉ được cái mỏm thôi, có gan gây sự zới thằng b t được mòa lại đéo có gan đưa địa chỉ thật à? Nt thì lươn lẹo? Nhục mặt mấy đứa zân xh trong nam vcl",2.0,160,"cái loại m chỉ được_cái mỏm thôi , có gan gây_sự zới thằng b t được mòa lại đéo có gan đưa địa_chỉ thật à ? nt thì lươn_lẹo ? nhục mặt mấy đứa zân xh trong nam vcl"
"bớt nổ đi , xạo l có gì hay, đừng phá nửa",1.0,41,"bớt nổ đi , xạo l có gì hay , đừng phá_nửa"
Yên Chii dcm đã nói câu này biết xinh quá trời quá đất r,0.0,56,yên chii dcm đã nói câu này biết xinh quá trời quá đất r
"Muộn rồi không cần xin lỗi ok,thứ như ông chúng tôi không cần câu xin lỗi",0.0,73,"muộn rồi không cần xin_lỗi ok , thứ như ông chúng_tôi không cần_câu xin_lỗi"
"mtp mượn tác phẩm GD, sky sì ke",1.0,35,"mtp mượn tác_phẩm gd , sky sì ke"
Cho em lên fan cứng cái anh êy😘😘,0.0,32,cho em lên fan cứng cái anh êy 😘 😘
Tính ra liên minh có mấy khứa này vui phết nhỉ,0.0,46,tính ra liên_minh có mấy khứa này vui phết nhỉ
Xin cc,1.0,6,xin cc
thôi cháu. sủa cái đel gì sủa dai thế .chú del rảnh nhé .chú mắc ngủ vs mẹ cháu ròii. cút dc rồi cháu ạ :))),2.0,108,thôi cháu . sủa cái đel gì sủa dai thế . chú del rảnh nhé . chú mắc ngủ với mẹ cháu ròii . cút được rồi cháu ạ : ) ) )
khổ thân cmt ko ai like cho lên top,0.0,35,khổ_thân cmt không ai like cho lên top
"ngta thường nói người Việt nói đường làm nẻo, và đây cũng là minh chứng cho câu nói ấy",0.0,86,"ngta thường nói người việt nói đường làm nẻo , và đây cũng là minh chứng cho câu nói ấy"
Giống LỆ RƠI ở việt nam kkk,0.0,27,giống lệ rơi ở việt nam kkk
"t thích em quyền ghét mực vì mực nó tôi cao quá, mà coi xong clip đó tội mực ghét thang quyền bẩn tính vcl",2.0,106,"t thích em quyền ghét mực vì mực nó tôi cao quá , mà coi xong clip đó tội mực ghét thang quyền bẩn tính vcl"
đòi lại công bằng bằng cách bỏ con và chu cấp cho 5tr,1.0,53,đòi lại công_bằng bằng cách bỏ con và chu_cấp cho 5tr
xin cái buồi nhà mày ý bắt như cặc,2.0,34,xin cái buồi nhà mày ý bắt như cặc
liên quan gì? Quan trọng tang vật là tài sản của ngta,0.0,53,liên_quan gì ? quan_trọng tang_vật là tài_sản của ngta
Thg này giả đấy mn,0.0,18,thg này giả đấy mọi người
Con ngu cha cũng lú rồi cả lũ vô gông,2.0,37,con ngu cha cũng lú rồi cả lũ vô gông
Thằng già kia đứng cười chứ :(,1.0,30,thằng già kia đứng cười chứ : (
Tài sản của dân như thế này đây,0.0,31,tài_sản của dân như thế này đây
"6k/1000 Follow Facebook, ai mua ib mình nha cân gdtg, cảm ơn mọi người ạ",0.0,72,"6k / 1000 follow facebook , ai mua inbox mình nha cân gdtg , cảm_ơn mọi người ạ"
"ĐỘI HÌNH TUYỆT VỜI. 1 NGUYỄN PHILIP, 2 H T TÀI, 3 DUY MẠNH, 4 VIỆT ANH, 5 TIẾN DŨNG, 6 VĂN THANH, 7 HÙNG DŨNG, 8 HOÀNG ĐỨC, 9 QUANG HẢI, 10 CÔNG PHƯỢNG, 11 NHÂM MẠNH DŨNG.",0.0,171,"đội_hình tuyệt_vời . 1 nguyễn philip , 2 h t tài , 3 duy mạnh , 4 việt anh , 5 tiến dũng , 6 văn thanh , 7 hùng_dũng , 8 hoàng đức , 9 quang hải , 10 công phượng , 11 nhâm mạnh dũng ."
Phê quá Ae,0.0,10,phê quá anh_em
"Xin cái con cặc,cút mẹ mày đi",1.0,29,"xin cái con cặc , cút mẹ mày đi"
Ong noi nay khung khung ngao da ma,1.0,34,ong noi nay khung khung_ngao da ma
Tối nay tầng 7 của gaming house có người ở rồi :))),0.0,51,tối nay tầng 7 của gaming house có người ở rồi : ) ) )
Nay live kênh mới hả a3,0.0,23,nay live kênh mới hả a3
Chị nói hay thế,0.0,15,chị nói hay thế
Trần Long hahahaha,0.0,18,trần long hahahaha
Khẩu nghiệp quá. Con cháu nghe xấu hổ chết.,1.0,43,khẩu nghiệp quá . con_cháu nghe xấu_hổ chết .
"Con chó nó phản ứng là hiểu rồi, nên đề phòng",0.0,45,"con chó nó phản_ứng là hiểu rồi , nên đề_phòng"
Dlv dlv dlv 1 ổ kinh tởm thối tha hèn hạ dm nó khoá cmt k thì zô chửi cm nó r,2.0,77,dlv dlv dlv 1 ổ kinh_tởm thối_tha hèn_hạ dm nó khoá cmt không thì zô chửi cm nó r
Nghĩ là vừa đó lol Trọng tài,1.0,28,nghĩ là vừa đó lol trọng_tài
cày thuê rank bk cc j mà kda như lz z ba,1.0,40,cày thuê rank bk cc gì mà kda như lz z ba
Lỗi ccc,1.0,7,lỗi ccc
Đánh 3 acc up kc mà acc nào rank này cũng gặp =))))) kẹt rank gì ghê dữ vậy,0.0,75,đánh 3 acc up kc mà acc nào rank này cũng gặp = ) ) ) ) ) kẹt rank gì ghê dữ_vậy
Ngu như 1 con dog,1.0,17,ngu như 1 con dog
ngu thì thua,1.0,12,ngu thì thua
ranh con vắt mũi chưa sạch,2.0,26,ranh_con vắt mũi chưa sạch
Trước khi làm gì cũng nên lắp não vào rồi làm gì thì làm chứ. Để não thành hoá thạch à,1.0,86,trước khi làm gì cũng_nên lắp não vào rồi làm gì thì làm chứ . để não thành hoá_thạch à
má =))) tao là 4 thg còn lại t chửi thối mẹ m đầu,1.0,49,má = ) ) ) tao là 4 thg còn lại t chửi thối mẹ m đầu
còn bỏ con nữa thế thì chịu rồi,1.0,31,còn bỏ con nữa thế_thì chịu rồi
"Cai lol me tui may nhìn đi , tui mày nhin cho ki anh ba chỉ làm dc một lần nv thôi , dc chưa , cđm tui mày",2.0,106,"cai lol me tui may nhìn đi , tui mày nhin cho ki anh ba_chỉ làm được một lần nv thôi , được chưa , cđm tui mày"
Chị em mà,0.0,9,chị_em mà
Rên rên nghe kinh vl :)),0.0,24,rên rên nghe kinh vl : ) )
Trần Thị Ngọc Anh nếu ngược lại thì sao con mặt lòn.nếu nó biết bị bệnh rồi đi hiến thì sao.😊,1.0,93,trần thị ngọc anh nếu ngược_lại thì sao con mặt lòn . nếu nó biết bị bệnh rồi đi hiến thì sao . 😊
"Đcmmm thằng svh này, mặt mày nhìn hãm loll quá mày cút ngay khỏi đất nước tao",2.0,77,"đcmmm thằng svh này , mặt_mày nhìn hãm loll quá mày cút ngay khỏi đất_nước tao"
xin lỗi cái gì mày bắt như cứt,1.0,30,xin_lỗi cái gì mày bắt như cứt
Thầy em là phải hơn. Nhưng ngu hơn ă🤧,1.0,37,thầy em là phải hơn . nhưng ngu hơn ă 🤧
Trời ơi! Thương em thì lên tiếng để bảo em ấy và pháp luật xử lý nghiêm minh làm bài học cho toàn xã hội.,0.0,105,trời ơi ! thương em thì lên_tiếng để bảo em ấy và pháp_luật xử_lý nghiêm_minh làm bài_học cho toàn xã_hội .
Tới công chiện ó chớ xin lỗi,0.0,28,tới công chiện ó chớ xin_lỗi
O lại đi vn có tiện nhiều lam ngồi đở ăn cả đời ko ht dau,0.0,57,o lại đi vn có tiện nhiều lam ngồi đở ăn cả đời không ht dau
"Nguyễn An Huy mắt m lé à nhóc, mở mắt to ra tìm cmt đi con, thằng đần độn ngu si",2.0,80,"nguyễn an huy mắt m lé à nhóc , mở_mắt to ra tìm cmt đi con , thằng đần_độn ngu_si"
Đây mí là fb thật nhé ae,0.0,24,đây mí là fb thật nhé anh_em
Xin lỗi cái địt con mẹ mày,2.0,26,xin_lỗi cái địt con_mẹ mày
Phạm Minh Tuấn cày vew nhiều quá mà. Nghe 1 lần là bt như nào r,0.0,63,phạm minh tuấn cày vew nhiều quá mà . nghe 1 lần là bình_thường như nào r
Tú đã sẵn sàng,0.0,14,tú đã sẵn_sàng
nó ăn lương của nhà nước chưa no nó còn ăn cướp nữa mới đầy túi,1.0,63,nó ăn lương của nhà_nước chưa no nó còn ăn_cướp nữa mới đầy túi
Chửi xong rồi khóc như chó năn nỉ công đồng,1.0,43,chửi xong rồi khóc như chó năn_nỉ công đồng
Bùi Nga Quỳnh Anh chán chị :(,0.0,29,bùi nga quỳnh anh chán chị : (
Lũ chó chết. Đkm loạn mẹ nó rồi. Xh như lồn,2.0,43,lũ chó chết . đkm loạn mẹ nó rồi . xh như lồn
"Thứ này t thề bắt được, phải bẻ tay hoặc chân nó, k bao giờ t có lòng từ bi với loại này",2.0,88,"thứ này t_thề bắt được , phải bẻ tay hoặc chân nó , không bao_giờ t có lòng từ_bi với loại này"
câm cái mồm thối của mày vàoooo,1.0,31,câm cái mồm thối của mày vàoooo
đít xanh đít đỏ ăn ns lấc cấc,2.0,29,đít xanh đít đỏ ăn_nói lấc_cấc
má mày,1.0,6,má mày
"quan cs ở xứ thiên đường thuộc bài kinh luôn ,mở mồm là "" ơn đảng ,ơn chính phủ..."" còn thằng quan tư bổn giãy hoài ko chết cũng thuộc bài luôn nhưng bài của nó là "" tôi xin chịu trách nhiệm ,tôi xin từ chức... """,1.0,212,"quan cs ở xứ thiên_đường thuộc bài kinh luôn , mở mồm là "" ơn đảng , ơn chính_phủ ... "" còn thằng quan tư bổn giãy hoài không chết cũng thuộc bài luôn nhưng bài của nó là "" tôi xin chịu trách_nhiệm , tôi xin từ_chức ... """
Duy Trinh nói vậy củng chưa đúng hãy xem lại cách cô gái này đứng nói chuyện với hai thanh niên nhiều lần sẽ nhận ra có cái gì rất lạ mà cô gái bình thường tiếp chuyện sẽ không có,0.0,179,duy trinh nói vậy củng chưa đúng hãy xem_lại cách cô gái này đứng nói_chuyện với hai thanh_niên nhiều lần sẽ nhận ra có cái gì rất lạ mà cô gái bình_thường tiếp_chuyện sẽ không có
nó ngu còn m cỡ nào,1.0,19,nó ngu còn m cỡ nào
xin con cac,1.0,11,xin con cac
đó là sự tinh tế kèm theo một chút vãi loz.,1.0,43,đó là sự tinh_tế kèm theo một_chút vãi loz .
"vi russ chỉ là con vi rút thôi mà, nó ko cư xử như con người được",2.0,65,"vi russ chỉ là con vi rút thôi mà , nó không cư_xử như con_người được"
Hãy biến đi đến Indonesia mà không thằng nỗi thì làm sao mà đói tham dự world cup 2026 được chứ tôi sợ là có không ăn nổi thái Lan,1.0,130,hãy biến đi đến indonesia mà không thằng nỗi thì làm_sao mà đói tham_dự world_cup 2026 được chứ tôi sợ là có không ăn nổi thái_lan
Đề nghị công an xử thẳng tay. Đồ ác độc quá mình muốn sống mà không cho người ta sống xử chạm cả 3,2.0,98,đề_nghị công_an xử thẳng_tay . đồ ác_độc quá mình muốn sống mà không cho người_ta sống xử chạm cả 3
Đớp cho lắm vào,1.0,15,đớp cho lắm vào
Tươi dị hả thầy yêu,0.0,19,tươi dị hả thầy yêu
"Ông chỉ đáng sách giày cho ông Chung,Ở pâc",1.0,42,"ông chỉ đáng sách giày cho ông chung , ở pâc"
Tưởng mèo simmy không ghê vãi,0.0,29,tưởng mèo simmy không ghê_vãi
"Thằng ml nào đang tạo acc spam vậy. Cho ăn, cho học làm chuyện tào lao.",2.0,71,"thằng ml nào đang tạo acc spam vậy . cho ăn , cho học làm chuyện tào_lao ."
thử lai trym đánh rank thách đấu đi a,0.0,37,thử lai trym đánh rank thách đấu đi a
" lam con trai giống đàn bà vậy ,đống cut nào cung thay dấu răng ,hoi sao xã hội này di xuong vi nhung thanh phan nhu vay",1.0,120,"lam con_trai giống đàn_bà vậy , đống cut nào cung thay dấu răng , hoi sao xã_hội này di_xuong vi nhung thanh phan nhu vay"
page gỉa à,0.0,10,page gỉa à
cay lắm mà del làm gi dc t nhục lắm.kkkkk,1.0,41,cay lắm mà del làm gi được t nhục lắm . kkkkk
Đừng để ném gạch vào mặt m,1.0,26,đừng để ném gạch vào mặt m
làm tí bóng bàn cho khuây khỏa đi,0.0,33,làm tí bóng_bàn cho khuây khỏa đi
Bọn súc sinh,2.0,12,bọn súc_sinh
Hãy nghe những gì ad nói và hãy ỉa vào những gì ad bost,1.0,55,hãy nghe những gì admin nói và hãy ỉa vào những gì admin bost
đóm nó sáng ở đít chứ k sáng ở đầu b ạ,1.0,38,đóm nó sáng ở đít chứ không sáng ở đầu b ạ
Đời này còn nhiều cái ngu.,1.0,26,đời này còn nhiều cái ngu .
Trên bờ: tao chửi đấy mày làm đéo gì được tao :v,1.0,48,trên bờ : tao chửi đấy mày làm đéo gì được tao : v
Bọn này nên cho vào tù,1.0,22,bọn này nên cho vào tù
Chú nghe rồi. Tin tức Việt-Nam chú cập nhật từng giờ. Thư giỏi.Có theo dõi và ưu tư về tình hình đất nước là đáng khen.,0.0,119,chú nghe rồi . tin_tức việt - nam chú cập_nhật từng giờ . thư giỏi . có theo_dõi và ưu_tư về tình_hình đất_nước là đáng khen .
Nó tới đây để giết ng chứ có phải kinh doanh mẹ j. Mấy thằng bù nhìn nhận tiền ngập bản họng cỏng rắn cắn gà nhà. Cả lũ cũng ko có kết cục j tốt dc,2.0,147,nó tới đây để giết ng chứ có phải kinh_doanh mẹ j . mấy thằng bù_nhìn_nhận tiền ngập bản họng cỏng rắn cắn gà nhà . cả lũ cũng không có kết_cục gì tốt được
Bạn nữ bị ai bóp cổ à?,0.0,22,bạn nữ bị ai bóp_cổ à ?
Chị có chim không .... sao nhìn gớm gớm....,1.0,43,chị có chim không ... . sao nhìn gớm gớm ... .
Cô Trần Thị Nga bị nhà cầm tiền Việt Nam bắt tù đày chỉ có một tội duy nhất đó là....!,1.0,86,cô trần thị nga bị nhà cầm tiền việt nam bắt tù_đày chỉ có một tội duy_nhất đó là ... . !
Một trận đấu mà nhiều người Đông Nam Á xem trên truyền hình mà lại thuê ông trọng tài nghiệp dư vào bắt trận đang xem nhất Đông Nam Á giữa Việt Nam gặp Thái Lan.. Ông trọng tài người Quatas..mà U23 Quatas..thua Việt Nam ở giai u23 Châu Á.. Giờ là lúc ông ấy lên tiếng,0.0,267,một trận_đấu mà nhiều người đông nam á xem trên truyền_hình mà_lại thuê ông trọng_tài nghiệp_dư vào bắt trận đang xem nhất đông nam á giữa việt nam gặp thái lan . . ông trọng_tài người quatas . . mà u23 quatas . . thua việt nam ở giai u23 châu á . . giờ là lúc ông ấy lên_tiếng
Một  phút  bóc  đồng  bằng  cả  đời  bóc  cức  😂,1.0,48,một phút bóc đồng_bằng cả đời bóc cức 😂
Đụ me ngu còn ghi xàm . Nó lấp đất đầy cái đồng tháp mười chứ làm thinh cái c**.,2.0,80,đụ me ngu còn ghi xàm . nó lấp đất đầy cái đồng tháp mười chứ làm_thinh cái c * * .
Trời ơi kg ai xấu bằng con quỉ cái miệng rộng. Mở miệng ra dơ dái mất dạy. Nhà khổ thấy mẹ chắc đeo ba vàng giả chứ gì.,2.0,119,trời ơi kg ai xấu bằng con quỉ cái miệng rộng . mở_miệng ra dơ dái mất_dạy . nhà khổ thấy mẹ chắc đeo ba vàng giả chứ gì .
Tài Nguyễn còn non và xanh lứm 🤣,0.0,32,tài nguyễn còn non và xanh lứm 🤣
"chả ra thể thống gì, người vô học nói chuyện đúng thiểu năng",2.0,60,"chả ra thể_thống gì , người vô_học nói_chuyện đúng_thiểu_năng"
"k phải tôi cao mà nói thẳng là thằng gia trưởng, con gái nào vớ phải thằng này muôn kiếp ở dưới bếp không lên nổi nhà trên. Nó chỉ đi làm công nhân thôi, không bao giờ làm sếp được, không bao giờ nhận sai.",1.0,205,"không phải tôi cao mà nói_thẳng là thằng gia_trưởng , con_gái nào vớ phải thằng này muôn kiếp ở dưới bếp không lên nổi nhà trên . nó chỉ đi làm công_nhân thôi , không bao_giờ làm sếp được , không bao_giờ nhận sai ."
Quá khứ của ma vương,0.0,20,quá_khứ của ma_vương
Nói mấy người nghèo cho chết đói. V trc đó gửi đồ về cho minh hiếu làm từ thiện dell gì,1.0,87,nói mấy người nghèo cho chết đói . v trc đó gửi đồ về cho minh hiếu làm từ_thiện dell gì
L** mày cho chó nó còn không Liếm nữa có đâu mà mày đưa lộn cho người ta ăn con thú vật đầu thai,2.0,96,l * * mày cho chó nó còn không liếm nữa có đâu mà mày đưa lộn cho người_ta ăn con thú_vật đầu_thai
buồn thật,0.0,9,buồn thật
Xl qq,1.0,5,xl qq
Thương cô gái,0.0,13,thương cô gái
Cái đám chết chạy đấy thì nó ghét cs đến xương tuỷ còn gửi tiền về? Gửi đc bn khi làm nail culi lo cuộc sống chưa xong dư dả quá ha :)) còn Việt kiều thành đạt kiếm tiền còn gửi về tổ quốc thì chắc chắn ko có time mà lên fb share 3 cái tin rồi chửi ch,2.0,251,cái đám chết chạy đấy thì nó ghét cs đến xương_tuỷ còn gửi tiền về ? gửi được bạn khi làm nail culi lo cuộc_sống chưa xong dư_dả quá ha : ) ) còn việt_kiều thành_đạt kiếm tiền còn gửi về tổ_quốc thì chắc_chắn không có time mà lên fb share 3 cái tin rồi chửi ch
ngầu quá anh ơi,0.0,15,ngầu quá anh ơi
Người tốt nhiệt tình quá dễ bị lừa !,0.0,36,người tốt nhiệt_tình quá dễ bị lừa !
Nguyen Nhan ba cha con cái mặt ác hết sức ác,2.0,44,nguyen nhan ba cha con_cái mặt ác hết_sức ác
 mày có cặp mắt chỉ để cho có đủ bộ phận thôi ah,1.0,48,mày có cặp mắt chỉ để cho có đủ bộ_phận thôi ah
 đánh rank vàng còn bị bón hành cho ngập mồm.. Hecerim đi rừng 2/17 xong bảo đi trái lean.. nếu là trình DCT thật sự thì cho dù có đi đâu vẫn hành đc bọn rank thấp.. thằng này cày từ BK1 xuống Vàng thì có á :)))),1.0,212,đánh rank vàng còn bị bón hành cho ngập mồm . . hecerim đi rừng 2 / 17 xong bảo đi trái lean . . nếu là trình dct thật_sự thì cho_dù có đi đâu vẫn hành được bọn rank thấp . . thằng này cày từ bk1 xuống vàng thì có á : ) ) ) )
"Đang họp nhưng kín, éo cho phóng viên vào. ĐM.",1.0,46,"đang họp nhưng kín , éo cho phóng_viên vào . đm ."
" m buồn cười nhỉ, idol chúng m làm sai xong bắt ngta phải đi tìm idol chúng m :)))",0.0,82,"m buồn_cười nhỉ , idol chúng m làm sai xong bắt ngta phải đi tìm idol chúng m : ) ) )"
Fake ae,0.0,7,fake anh_em
Địt cụ mày trọng tại như lồn ý,2.0,30,địt cụ mày trọng tại như lồn ý
Bắt được mấy thằng này đem đập đầu khỏi giải đi đâu đúng là quá khốn nạn,2.0,72,bắt được mấy thằng này đem đập đầu khỏi giải đi đâu đúng là quá khốn_nạn
Gần 30t rồi mà vẫn hãm địt mẹ mày đẻ ra đau lồn,2.0,47,gần 30t rồi mà vẫn hãm địt_mẹ mày đẻ ra đau lồn
Minh hiếu nói chuyện duyên dáng quá,0.0,35,minh hiếu nói_chuyện duyên_dáng quá
Miền trung tao là nhất miền tây miền nam như cc,2.0,47,miền trung tao là nhất miền tây miền nam như cc
Lúc nó đi ngược chiều nó tông cho rồi kêu chó vàng giúp. Quyền lợi thì muốn mà còn pháp luật thì k muốn tuân thủ,2.0,112,lúc nó đi ngược chiều nó tông cho rồi kêu chó vàng giúp . quyền_lợi thì muốn mà còn pháp_luật thì không muốn tuân_thủ
Cố vấn cấp cao cho đàn c hó,1.0,27,cố_vấn cấp cao cho đàn c hó
Đánh ngu thì chết chứ cay j,1.0,27,đánh ngu thì chết chứ cay gì
xin loi cc,1.0,10,xin loi cc
Đm,1.0,2,đm
Suc vat là có thật,1.0,18,suc vat là có thật
"má nó vào đọc vnexpress toàn lũ bợ đít cho chúng nó ko,chúc mừng đồ,lạy mấy cô hồn.",2.0,83,"má nó vào đọc vnexpress toàn lũ bợ_đít cho chúng_nó ko , chúc_mừng đồ , lạy mấy cô_hồn ."
"t tưởng bọn m đòi bình đẳng giới, đòi nữ quyền thì bọn t cx có quyền nói lại m. Thế mà đụng vô lại kêu ""thằng đàn bà""..haizz thì ra đàn bà TRONG MẮT MÀY là nơi tụ họp những cái xấu à, tiêu chuẩn kép ít thôi",0.0,206,"t tưởng bọn m đòi bình_đẳng giới , đòi nữ quyền thì bọn t cũng có quyền nói lại m . thế_mà đụng vô_lại kêu "" thằng đàn_bà "" . . haizz thì ra đàn_bà trong mắt mày là nơi tụ_họp những cái xấu à , tiêu_chuẩn kép ít thôi"
Tham nhũng kỳ diệu :3,1.0,21,tham_nhũng kỳ_diệu : 3
Đhs nói ngu vl :))),1.0,19,đhs nói ngu vl : ) ) )
Sory cái con mẹ nhà mày,2.0,23,sory cái con_mẹ nhà mày
Nay thang này ac qa..ngta bán xôi cug lay..,0.0,43,nay thang này ac qa . . ngta bán xôi cug lay . .
Tùng Xhaka Arsenal đi rồi a tùng ạ,0.0,34,tùng xhaka arsenal đi rồi a tùng ạ
Xin lỗi vì thích em vào thời điểm anh k có gì trong tay,0.0,55,xin_lỗi vì thích em vào thời_điểm anh không có gì trong tay
Dân chống nhưng quan chức không chống,0.0,37,dân chống nhưng quan_chức không chống
Nhà bán hàng vòng quanh toàn thờ ơ,0.0,34,nhà bán hàng vòng_quanh toàn thờ_ơ
"K muốn game, k muốn phim, k nhạc và cũng không thể ngủ một mớ hỗn độn cảm giác khó chịu",0.0,87,"không muốn game , không muốn phim , không nhạc và cũng không_thể ngủ một mớ hỗn_độn cảm_giác khó_chịu"
khổ thân anh tôi 🤣,0.0,18,khổ_thân anh tôi 🤣
Đúng rồi.Chứ k phải do mấy thằng bụng bầu rước giặc về diệt chủng đồng bào đâu,2.0,78,đúng rồi . chứ không phải do mấy thằng bụng bầu rước giặc về diệt chủng đồng_bào đâu
"Nguyễn Lê Vĩnh Hưng dell biết so sánh lứa cầu thủ năm 2022 với lứa cầu thủ năm nay à đồ nguu. Lứa 2022 cũng từng thất bại bị chửi nhiều vch rồi, và lứa 2022 cũng nhiều ngôi sao gánh team nữa nha đồ nguuu",1.0,203,"nguyễn lê vĩnh hưng dell biết so_sánh lứa cầu_thủ năm 2022 với lứa cầu_thủ năm nay à đồ nguu . lứa 2022 cũng từng thất_bại bị chửi nhiều vch rồi , và lứa 2022 cũng nhiều ngôi_sao gánh team nữa nha_đồ nguuu"
bị tâm thần vẫn có thể có học vị TS nhé. Cám ơn TS Vũ Tiến Lộc đã mang lại niềm tin cho cộng đồng bệnh nhân tâm thần.,0.0,137,bị tâm_thần vẫn có_thể có học_vị ts nhé . cám_ơn ts vũ tiến lộc đã mang lại niềm tin cho cộng_đồng_bệnh_nhân_tâm_thần .
xin lỗi cái gì ???,0.0,18,xin_lỗi cái gì ? ? ?
Xin lỗi mà song à,0.0,17,xin_lỗi mà song à
"chia buồn cùng gia đình kid xanh cỏ hết , sv nghèo hèn muôn đời nát",2.0,67,"chia buồn cùng gia_đình kid xanh cỏ hết , sv nghèo_hèn muôn_đời nát"
Thương cho vk tôi,0.0,17,thương cho vk tôi
"Khốn nạn thật, báo ứng sẽ đến sớm với lũ ham ăn nhác làm chuyên đi lừa đảo ăn cướp của người khác",2.0,97,"khốn_nạn thật , báo_ứng sẽ đến sớm với lũ ham ăn nhác làm chuyên đi lừa_đảo ăn_cướp của người khác"
 chữ nghĩa không tới đâu,0.0,24,chữ_nghĩa không tới đâu
anh em có phúc cùng hưởng có họa tự chịu hehe ,0.0,46,anh_em có phúc cùng hưởng có họa tự chịu hehe
idol Tiger mau về Việt Nam với chúng cháu nha. thấy rất quý bác.,0.0,64,idol tiger mau về việt_nam với chúng cháu nha . thấy rất quý bác .
nó chơi luật rừng thì mình chơi luật rừng! mạng đổi mạng! đéo phải nói nhiều! Bức xúc làm cc gì,1.0,95,nó chơi luật_rừng thì mình chơi luật_rừng ! mạng đổi mạng ! đéo phải nói nhiều ! bức_xúc làm cc gì
Vĩn biệt cụ:)),0.0,14,vĩn biệt cụ : ) )
Bố thằng Trâu Dê Nổ,2.0,19,bố thằng trâu dê nổ
Bạn nữ mà rên thì :)),0.0,21,bạn nữ mà rên thì : ) )
thế mày nghĩ nó quan tâm đến việc mày vội hay ko vội à. ngu v k l :v,1.0,68,thế mày nghĩ nó quan_tâm đến việc mày vội hay không vội à . ngu v không l : v
"Đm đánh thì ngu, mồm thì tinh tướng, thua là khóc lóc đổ lỗi, trông m đần vcl ra",2.0,80,"đm đánh thì ngu , mồm thì tinh_tướng , thua là khóc_lóc đổ lỗi , trông m đần vcl ra"
Anh Sẽ Đến 100 củ to quá,0.0,24,anh sẽ đến 100 củ to quá
Sủa hay lắm ad,1.0,16,sủa hay lắm admin
tình yêu hãy nói về nhism korea,0.0,31,tình_yêu hãy nói về nhism korea
caitlyn mà nó lên giảm hồi máu thì ko có chuyện hồi đến tận 1k8 máu như kia đâu,0.0,79,caitlyn mà nó lên giảm hồi máu thì không có chuyện hồi đến tận 1k8 máu như kia đâu
Chị 3 cho e 200 triệu đi làm chymmm đi huhuh,0.0,44,chị 3 cho e 200 triệu đi làm chymmm đi huhuh
"Đm nứng lòn ghê dị hà, ngta đánh đôi 3 đi đánh đôi heo, dừa lòn 🤣",1.0,65,"đm nứng lòn ghê dị hà , ngta đánh_đôi 3 đi đánh_đôi heo , dừa lòn 🤣"
tôi với bạn làm kèo không mà bảo tôi clone,0.0,42,tôi với bạn làm kèo không mà bảo tôi clone
Qua tan nhan,1.0,12,qua tan nhan
Mẹo m bé,1.0,8,mẹo m bé
Giàu thật đấy .. nhưng đầu không có não..khinh,1.0,46,giàu thật đấy . . nhưng đầu không có não . . khinh
chị này lấy văn mẫu ở đâu vậy,0.0,29,chị này lấy văn mẫu ở đâu_vậy
okee a ưii,0.0,10,okee a ưii
"cái đmm nhé ad, đừng có vơ đũa cả nắm, ăn cứt cả đống nhé con. 4.5 tr Đảng viên k phải ai cũng xấu mà để m nói cái giọng của loại chó đấy. cái page chó bẩn ngu si này. m ra xem ngoài xã hội đầy Đảng viên vẫn nai lưng đi làm để nuôi đầy cái giống đéo ph",2.0,252,"cái đmm nhé ad , đừng có vơ đũa_cả nắm , ăn cứt cả đống nhé con . 4.5 tr đảng_viên không phải ai cũng xấu mà để m nói cái giọng của loại chó đấy . cái page chó bẩn ngu_si này . m ra xem ngoài xã_hội đầy đảng_viên vẫn nai_lưng đi làm để nuôi đầy cái giống đéo ph"
m là đứa mõm chó ăn cức,2.0,23,m là đứa mõm chó ăn cức
bóng già chuyển giới. CÔ CÔ nghe mắc ỉa. súc vật lũ bongs chó tởm lợm,2.0,69,bóng già chuyển giới . cô cô nghe mắc ỉa . súc_vật lũ bongs chó tởm_lợm
cái bọn cướp ngày thì muốn làm gì chẳng được,2.0,44,cái bọn cướp ngày thì muốn làm gì chẳng được
Người nhật mà còn có thể loại ko não này thì bảo sao VN lại ko ..chán dell muốn nói,1.0,83,người nhật mà còn có_thể_loại không não này thì bảo sao vn lại không . . chán dell muốn nói
Xe phải có thêm khoá đĩa hoặc xích dây dài nó lấy cũng còn lâu,0.0,62,xe phải có thêm khoá đĩa hoặc xích dây dài nó lấy cũng còn lâu
Việt Nam sướng lắm ai ơi-chỉ cần trộm cướp no nê ấm lòng-Không làm mà cũng có ăn- 1 lần trộm cướp bằng 3 năm làm “ tự hào quá vn ơi “,0.0,133,việt nam sướng lắm ai ơi - chỉ cần trộm_cướp no_nê ấm lòng - không làm mà cũng có_ăn - 1 lần trộm_cướp bằng 3 năm làm “ tự_hào quá vn ơi “
"﻿Từng được giúp không lấy một đồng, giờ Jack quên hết ơn nghĩa sao? Tóm tắt livestream mới nhất: https://tinhotnew.com/viruss-livestream-moi-nhat",0.0,145,"﻿ từng được giúp không lấy một đồng , giờ jack quên hết ơn_nghĩa sao ? tóm_tắt livestream mới nhất :"
"là chó,cặn bã nhất của xã hội thì đúng hơn",2.0,42,"là chó , cặn_bã nhất của xã_hội thì đúng hơn"
Quá hay cho mấy anh Hàn Quốc,0.0,28,quá hay cho mấy anh hàn_quốc
Lu căn bả,2.0,9,lu căn bả
"Thằng chó, không biết xấu hổ",2.0,28,"thằng chó , không biết xấu_hổ"
Mày vì usd ma ban linh hon,1.0,26,mày vì usd ma_ban linh hon
Acc fake ae,0.0,11,acc fake anh_em
Thành Nguyễn mong PL can thiệp và xử lý triệt để để đòi lại công bằng cho cháu,0.0,78,thành nguyễn mong pl can_thiệp và xử_lý triệt_để để đòi lại công_bằng cho cháu
không chú nào quỳ bố nó xuống nước cho ổng dẫm lên lưng bước qua...như vậy có thể mau lên chức hay sớm được chiếu cố hơn! quan nhà sản có khác...bị khuyết tật!,1.0,159,không chú nào quỳ bố nó xuống_nước cho ổng dẫm lên lưng bước qua ... như_vậy có_thể mau lên chức hay sớm được chiếu_cố hơn ! quan nhà sản có khác ... bị khuyết_tật !
Cai mat nha tien tri Tran Dan.nhin giong cai phau cau ga cong nghiep wa mn oi,2.0,77,cai mat nha tien tri tran dan . nhin giong cai phau cau ga cong nghiep wa mọi người oi
bắt sai còn xin lỗi dùm nó,1.0,26,bắt sai còn xin_lỗi dùm nó
xin địt mẹ m,2.0,12,xin địt_mẹ m
Nguyễn Quốc An thứ học trò lồn,2.0,30,nguyễn quốc an thứ học_trò lồn
Sang hết đây :)),0.0,16,sang hết đây : ) )
Nấu nổi canh chua như cái bả lồn vậy ai dám ăn. Tao nói hả cái mặt của mày nhìn như trái hủ qua,2.0,95,nấu nổi canh chua như cái bả lồn vậy ai dám ăn . tao nói hả cái mặt của mày nhìn như trái hủ qua
"ủa alo bắt kiểu gì vậy ông trọng tài , hám tiền đến mức đó?",0.0,59,"ủa alo bắt kiểu gì vậy ông trọng_tài , hám tiền đến mức đó ?"
Hong Vann Thì anh tôi mà 🤣🤣,0.0,27,hong vann thì anh tôi mà 🤣 🤣
đkm đứa nào bảo idol trần dần t mắc covid đấy :v,1.0,55,đkm đứa nào bảo idol trần dần t mắc covid đấy : v
Ông chủ cà phê TRUNG NGUYÊN lúc này,0.0,35,ông chủ cà_phê trung_nguyên lúc này
"Lại sủi, đúng quy trình rồi đấy",0.0,31,"lại sủi , đúng quy_trình rồi đấy"
Vô văn hoá vl nè =)))),1.0,22,vô văn_hoá vl nè = ) ) ) )
Woh Wh đễ sức ăn giỗ bà già mầy Dắk con à,2.0,41,woh wh đễ sức ăn giỗ bà_già mầy dắk con à
Suốt ngày đi làm ô xin như con chó bên mỹ mà bị đá dập mu 2 lần rồi nên đi đái cũng khó sợ nó nhức,1.0,98,suốt ngày đi làm ô xin như con chó bên mỹ mà bị đá dập mu 2 lần rồi nên đi đái cũng khó sợ nó nhức
Trọng tài kiểu gì thủ môn ra nửa sân bắt bóng.. Luật mới trong bóng đá mà ông trọng tài này đưa ra sao,0.0,102,trọng_tài kiểu gì thủ_môn ra nửa sân bắt bóng . . luật mới trong bóng_đá mà ông trọng_tài này đưa ra sao
"Chỗ sân đá bóng có người không, mà sao không ai can thiệp,3 cha con tan ác đó vậy trời, ỷ mình có tiền xem mạng người như là rát",1.0,128,"chỗ sân đá bóng có người không , mà sao không ai can_thiệp , 3 cha con tan ác đó vậy trời , ỷ mình có tiền xem mạng người như là rát"
Nguyễn Mạnh im nào con tinh trùng bé nhỏ của bố con sắp dc sống r sống nhớ làm người nha chứ làm dum dum thì động vậ đơn bào làm đc rồi tiến hóa làm chi uổng,1.0,157,nguyễn mạnh im nào con tinh_trùng bé_nhỏ của bố con sắp được sống r sống nhớ làm người nha chứ làm dum dum thì động vậ đơn_bào làm được rồi tiến_hóa làm_chi uổng
Biến đi thằng âm binh,1.0,21,biến đi thằng âm_binh
Mat lon linh ca loc nay choi xuong lam,2.0,38,mat lon linh ca loc nay choi xuong lam
"Mong nhà tiên tri  luôn luôn khỏe mạnh, tránh được dịch bệnh.",0.0,61,"mong nhà tiên_tri luôn_luôn khỏe_mạnh , tránh được dịch_bệnh ."
Thằng óc chó thường có fans óc chó theo sau :))),2.0,48,thằng óc chó thường có fans óc chó theo sau : ) ) )
Ngu vc cố đánh làm đ j,1.0,22,ngu vc cố đánh làm đ gì
Mặt chuột kẹp ngu như bò,2.0,24,mặt chuột kẹp ngu như bò
Trần Sang ổ cc,1.0,14,trần sang ổ cc
Giờ mày xin lỗi thì cũng muộn rồi,0.0,33,giờ mày xin_lỗi thì cũng muộn rồi
"Bọn khốn nạn không có đạo đức nó còn vào tận nhà nó lừa đảo cướp bóc, ở ngoài đường có là gì",2.0,92,"bọn khốn_nạn không có đạo_đức nó còn vào tận nhà nó lừa_đảo cướp_bóc , ở ngoài đường có là gì"
Cuộc sống ai lường trc điều gì :((,0.0,34,cuộc_sống ai lường trc điều gì : ( (
Ok Haha đừng nhé em,0.0,19,ok haha đừng nhé em
Chị 3 ơi trã tiền cho cô minh hiều kìa,0.0,38,chị 3 ơi trã tiền cho cô minh hiều kìa
Đume có mắt như mù à tiền là cái loz gì mà thik chơi thì dell công bằng ở đấy mà xàm loz hay gì ăn tiền cho đã rồi quay qua xin lỗi ủa vậy có não ko vậy hay não vứt cho c.h.ó gặm roiif,2.0,184,đume có mắt như mù à tiền là cái loz gì mà thik chơi thì dell công_bằng ở đấy mà xàm loz hay gì ăn_tiền cho đã rồi quay qua xin_lỗi ủa vậy có não không vậy hay não vứt cho c . h . ó gặm roiif
Giống thằng cha warwick đánh ngu live bên hàn ngày xưa,1.0,54,giống thằng_cha warwick đánh ngu live bên hàn ngày_xưa
Gài bẫy,0.0,7,gài bẫy
Tàn bạo quá,1.0,11,tàn_bạo quá
trung bình + của mấy cái thể loại hông thèm suy ngỉ nào đấy trước khi cmt =)) trên wall fb đăng đạo lý như thật để tạo lớp mặt nạ nào đấy =)) cái loại 2 mặt nhìn tởm vl thề =)),2.0,176,trung_bình + của mấy cái thể_loại hông thèm suy ngỉ nào đấy trước khi cmt = ) ) trên wall fb đăng đạo_lý như thật để tạo lớp mặt_nạ nào đấy = ) ) cái loại 2 mặt nhìn tởm vl thề = ) )
Bảo sao bị bắt dân nó đánh chết cũng đáng,1.0,41,bảo sao bị bắt dân nó đánh chết cũng đáng
HLV OC CHO!,2.0,11,hlv oc cho !
Đủ cách lừa,0.0,11,đủ cách lừa
Đjt mịa thằng Trâu dê,2.0,21,đjt mịa thằng trâu dê
ờ ờ sủa cho cố vào mà đéo biết lũ nam kì chúng m đều từ bọn t mà ra đo cu,2.0,73,ờ ờ sủa cho cố vào mà đéo biết lũ nam kì chúng m đều từ bọn t mà ra đo cu
"Chiếm đoạt tiền dân thôi. Giờ toàn thề thốt chơi chữ. ""tặng quà"" chứ không phải là hối lộ. Thằng cựu bộ trưởng đổ thằng thứ trưởng, thằng thứ trưởng đổ thằng bộ trưởng. Một lũ lãnh đạo mà thua thằng giang hồ ra tòa hay những người chân chính bị bắt vì ""chống phá chế độ""",1.0,270,"chiếm_đoạt tiền dân thôi . giờ toàn thề_thốt chơi_chữ . "" tặng quà "" chứ không phải là hối_lộ . thằng cựu bộ_trưởng đổ thằng thứ_trưởng , thằng thứ_trưởng đổ thằng bộ_trưởng . một lũ lãnh_đạo mà thua thằng giang_hồ ra tòa hay những người chân_chính bị bắt vì "" chống_phá chế_độ """
vì cả người cầm quyền của đất nước còn khốn nạn thì dân có là gì,2.0,64,vì cả người cầm_quyền của đất_nước còn khốn_nạn thì dân có là gì
So cái địt mẹ mày bắt vậy thì về bắt tôm bắt tép đi,2.0,51,so cái địt_mẹ mày bắt_vậy thì về bắt tôm bắt tép đi
sao cái vụ bỏ con chưa thấy lên tiếng,0.0,37,sao cái vụ bỏ con chưa thấy lên_tiếng
con cu m nha,1.0,12,con cu m nha
tuyển thủ top thách đấu bảo lỗi Cỡ ông chắc chưa đc đụng nó nữa mà chê,0.0,70,tuyển_thủ top thách đấu bảo lỗi cỡ ông chắc chưa được đụng nó nữa mà chê
trước đó nữa ô ơi?,0.0,18,trước đó nữa ô ơi ?
Ở Việt Nam chỉ có độ tày và độ phùng thôi nhá,0.0,45,ở việt nam chỉ có độ tày và độ phùng thôi nhá
Đĩ mẹ nó lại hỏng mạng🙂,1.0,23,đĩ mẹ nó lại hỏng mạng 🙂
Cô ba vàng ngọc nghe mắt cười vc đồ thứ nước rửa cầu tiêu mà tưởng mình là sân siêu bột kết.Nói chuyện đéo biết nhục tí nào?Cô Ba Vàng Mã hahahaha,2.0,146,cô ba vàng_ngọc nghe mắt cười vc đồ thứ nước rửa cầu_tiêu mà tưởng mình là sân siêu bột kết . nói_chuyện đéo biết nhục tí nào ? cô ba vàng_mã hahahaha
Thằng làm nghề giáo dục cuồng like .,1.0,36,thằng làm nghề giáo_dục cuồng like .
hhhh t buồn cười thật nhìn t dóng mượn đt mẹ như m ko nhỉ hhh,0.0,61,hhhh t buồn_cười thật nhìn t dóng mượn đt mẹ như m không nhỉ hhh
Trẻ trâu đóng film hài hả 🙂,1.0,27,trẻ trâu đóng film hài hả 🙂
uôi a à :)),0.0,11,uôi a à : ) )
Đ.m thằng ad lại dùng IE rồi =))),1.0,33,đ . m thằng admin lại dùng ie rồi = ) ) )
Đứng đầu mẫu nghi thiên hạ,0.0,26,đứng đầu mẫu nghi thiên_hạ
"sợ ghê thử nói coi nghe chút đi nào, xem ai đó lên hầu toà ko nhé ,",0.0,67,"sợ ghê thử nói coi nghe chút đi nào , xem ai đó lên hầu toà không nhé ,"
Do chú đánh ngu anti có làm j đâu cũng đổ thừa đc,1.0,49,do chú đánh ngu anti có làm gì đâu cũng đổ_thừa được
rên như con chó,1.0,15,rên như con chó
Mày đi ăn cứt đi chứ sủa chi hoài z,2.0,35,mày đi ăn cứt đi chứ sủa chi hoài z
Tuyệt ạ,0.0,7,tuyệt ạ
"Tân cùng của sự khốn nạn, giỏi ra mà cướp ngân hàng, mấy chục tiền lẻ mà cũng gọi là đi cướp, hèn hạ thế",2.0,104,"tân cùng của sự khốn_nạn , giỏi ra mà cướp ngân_hàng , mấy chục tiền_lẻ mà cũng gọi là đi cướp , hèn_hạ_thế"
"Ảnh đầu thì chụp tên, thằng quyền nó dân Miền Bắc, ảnh thứ 2 có chữ zậy nhưng lại đ có ảnh nền của nó =)) bố cắt cái ảnh khác ghép vào. bố thằng đần độn. Loại ĐCT rách của mày ngu lắm =)) xuống rank vàng 2/17 kêu làm game khó hơn bla bla rồi trái lane ""v",2.0,254,"ảnh đầu thì chụp tên , thằng quyền nó dân miền bắc , ảnh thứ 2 có chữ zậy nhưng lại đ có ảnh nền của nó = ) ) bố cắt cái ảnh khác ghép vào . bố thằng đần_độn . loại đct rách của mày ngu lắm = ) ) xuống rank vàng 2 / 17 kêu làm game khó hơn bla bla rồi trái lane "" v"
Nhìn mặt ông bà là biết rồi. Mong pháp luật xử nặng tay vào,1.0,59,nhìn mặt ông_bà là biết rồi . mong pháp_luật xử nặng_tay vào
https://www.facebook.com/iigiz3 fb này mới real này mấy ông =)),0.0,63,fb này mới real này mấy ông = ) )
Bạn nữ giọng tuyệt vời đấy kk,0.0,29,bạn nữ giọng tuyệt_vời đấy kk
"Ở nhà giúp mẹ giúp cha , cực kì thuyết phục mã cha chúng mày",2.0,60,"ở nhà giúp mẹ giúp cha , cực_kì thuyết_phục mã cha chúng_mày"
Mày bắt kiểu gì đấy? Có bằng cấp gì không đấy?,0.0,46,mày bắt kiểu gì đấy ? có bằng_cấp gì không đấy ?
Xin đéo:)),1.0,10,xin đéo : ) )
Bùn nhở,0.0,7,bùn nhở
"Tụi mày tuổi lồn, nói thế cho nó vuông",2.0,38,"tụi mày tuổi lồn , nói thế cho nó vuông"
"loại chó, vậy mày phải ra làm 1 lần mới biết, loại máy gặp đầu tạo đánh đo",2.0,74,"loại chó , vậy mày phải ra làm 1 lần mới biết , loại máy gặp đầu tạo đánh đo"
Địt mẹ lũ chó bán nước,2.0,22,địt_mẹ lũ chó bán_nước
Ông đang phát mát đội tuyển việt nam rồi,0.0,40,ông đang phát mát đội_tuyển việt nam rồi
MiMi Nguyen z cho an toàn nhe cưng,0.0,34,mimi nguyen z cho an_toàn nhe cưng
Mấy thằng hàn nó k sang nó vả cho nhỉ,0.0,37,mấy thằng hàn nó không sang nó vả cho nhỉ
Cảnh giác không có mê trai gặp là sắp lại buôn chuyện mất cảnh giác mát là bài học,0.0,82,cảnh_giác không có mê trai gặp là sắp lại buôn chuyện mất cảnh_giác mát là bài_học
"Thằng AD này, mày điên à",2.0,24,"thằng admin này , mày điên à"
Hương Quỳnh,0.0,11,hương quỳnh
Đeo xong lại kéo xuống,0.0,22,đeo xong lại kéo xuống
Ủa tưởng đủ 10k like gì đó bỏ game rồi sao giờ vẫn ytb nha ?,0.0,60,ủa tưởng đủ 10k like gì đó bỏ game rồi sao giờ vẫn ytb nha ?
Cày view video này đê mn cho lên top trending nào 🤪,0.0,51,cày view video này đê mọi người cho lên top trending nào 🤪
 dog boy,1.0,8,dog boy
Dm trọng tài Dm trọng tài Dm trọng tài,2.0,38,dm trọng_tài dm trọng_tài dm trọng_tài
Cà khịa đi xíu thầy vô chửi cm🤦,1.0,31,cà_khịa đi xíu thầy vô chửi cm 🤦
"coi như xong các cầu thủ không nên vui mừng quá sớm không khéo lại xôi hỏng bỏng không (lũ chúng nó tiền của nạn nhân chất độc da cam,trẻ em tàn tật,đồng bào lũ lụt,tiền trợ cấp xh",1.0,180,"coi như xong các cầu_thủ không nên vui_mừng quá sớm không_khéo lại xôi hỏng bỏng không ( lũ chúng_nó tiền của nạn_nhân chất_độc da_cam , trẻ_em tàn_tật , đồng_bào lũ_lụt , tiền trợ_cấp xh"
"Clm đanha bạc , chát sẽ lol, chịu rồi .",1.0,39,"clm đanha bạc , chát sẽ lol , chịu rồi ."
Sai 1 li đi một acc,0.0,19,sai 1 li đi một acc
"Đm nứng lòn ghê dị hà, ngta đánh đôi 3 đi đánh đôi heo, dừa lòn 🤣",1.0,65,"đm nứng lòn ghê dị hà , ngta đánh_đôi 3 đi đánh_đôi heo , dừa lòn 🤣"
"thuốc mê thì gây mê , thầy thì gây nứng 😀",1.0,41,"thuốc_mê thì gây_mê , thầy thì gây nứng 😀"
"Và,xe máy đả đi",0.0,15,"và , xe_máy đả đi"
Nhìn hãm lol quá,1.0,16,nhìn hãm lol quá
phuc phung tri giống cá giồ táp cứt chứ cá lóc đâu ra ^^,1.0,56,phuc phung tri giống cá giồ táp cứt chứ cá_lóc đâu ra ^ ^
Chó cắn áo rách dm nó cái xã hội này người thật thà thường bị thiệt thòi còn ke chôm cấp thì nho nho ngoài pháp luật sao những thể loại đấy ko bệnh tật ốm đau chết me nó hết đi,2.0,176,chó cắn áo rách dm nó cái xã_hội này người thật_thà thường bị thiệt_thòi còn ke chôm cấp thì nho nho ngoài pháp_luật sao những thể_loại đấy không bệnh_tật ốm_đau chết me nó hết đi
Tưởng xin lỗi là được à,0.0,23,tưởng xin_lỗi là được à
Tôi hiểu cảm giác lúc đó .,0.0,26,tôi hiểu cảm_giác lúc đó .
add e muốn mua cái này mua ở đâu ạ.,0.0,35,add e muốn mua cái này mua ở đâu ạ .
Chuyên môn đổ thừa,1.0,18,chuyên_môn đổ_thừa
Hoàng Minh Sơn Đức Hiếu mic bên kia chắc là tk nào đấy vừa chơi vừa chịch hsao ấy,0.0,81,hoàng minh sơn đức hiếu mic bên kia chắc là tk nào đấy vừa chơi vừa chịch hsao ấy
Biến mẹ mày đi,2.0,14,biến mẹ mày đi
Sry cc,1.0,6,sry cc
"Ca để làm bồ nhìn, pháp luật thì ko nghiêm minh",0.0,47,"ca để làm bồ nhìn , pháp_luật thì không nghiêm_minh"
Taooo đi top thì cái game nó dễ quá nên t đi rừng cho nó vui hiểu chưa m muốn lên rank thì câm cái mồm vào người ta còn gánh cho t nghe t cũng dell có tâm trạng đánh và t cũng éo muốn thằng em t gánh m m hiểu chưa,0.0,213,taooo đi top thì cái game nó dễ quá nên t đi rừng cho nó vui hiểu chưa m muốn lên rank thì câm cái mồm vào người_ta còn gánh cho t nghe t cũng dell có tâm_trạng đánh và t cũng éo muốn thằng em t gánh m m hiểu chưa
Người ta vi phạm thì người chịu trách nhiệm về mức phạt đưa ra chứ phương tiện hư ai chịu trách nhiệm ko hiểu,0.0,109,người_ta vi_phạm thì người chịu trách_nhiệm về mức phạt đưa ra chứ phương_tiện hư ai chịu trách_nhiệm không hiểu
di ngôn cuối cùng của thg đạo nhạc,0.0,34,di_ngôn cuối_cùng của thg đạo nhạc
Mình không ai theo đuổi nè hỡi các bạn thích cô gái có nhiều người theo đuổi :)),0.0,80,mình không ai theo_đuổi nè hỡi các bạn thích cô gái có nhiều người theo_đuổi : ) )
"Dkm phat ,noi nhu c",2.0,19,"dkm phat , noi nhu c"
Ngoc Chu đme đang ăn sáng 🙂,1.0,27,ngoc chu đme đang ăn sáng 🙂
Thang khung,2.0,11,thang khung
"TÂM THẦN CÓ THẦN LINH HƯỚNG DẪN ,DÁM LÀM .CHẾT NHÁT THÌ LÀM CHÓ ĐI ,LÀM NÔ LỆ ĐI .ÔNG TRỜI ĐANG RÂY ,LỰA LỘC AI LÀ CON ÔNG TRỜI TÀI ĐỨC VĂN VÕ TỪ BI BÁC ÁI RA LẢNH ĐẠO QUỐC GIA .AI LÀM ĐƯỢC ? TÔI VÀ ANH CHỊ .HÃY HANH ĐỘNG .TOÀN NGƯỜI VN NHÌN CHON LỰA ĐỦ TIÊU CHUẨN RA LÀM TỔNG THỐNG THAY ĐỔI CHẾ ĐỘ CSVN.",1.0,304,"tâm_thần có thần_linh hướng_dẫn , dám làm . chết nhát thì làm chó đi , làm nô_lệ đi . ông trời đang rây , lựa lộc ai là con ông trời tài_đức văn_võ từ_bi bác_ái ra lảnh đạo quốc_gia . ai làm được ? tôi và anh_chị . hãy hanh động . toàn người vn nhìn chon lựa đủ tiêu_chuẩn ra làm tổng_thống thay_đổi chế_độ csvn ."
so ba mày clm chó chết,2.0,22,so ba mày clm chó_chết
Yeu nhau ko bao giờ được dụ nha anh . Nhưng mà phải Liếm lôn nha a 🤣🤣🤣🤣🤣🤣,1.0,73,yeu nhau không bao_giờ được dụ nha anh . nhưng mà phải liếm lôn nha a 🤣 🤣 🤣 🤣 🤣 🤣
"Phương Dung Nguyễn chị chơi vậy, ai đ* chị",1.0,42,"phương dung nguyễn chị chơi vậy , ai đ * chị"
Là sao mình K hiểu sao cô gái ấy bỏ chay,0.0,40,là sao mình không hiểu sao cô gái ấy bỏ chay
Clm mày,2.0,7,clm mày
Cả sư đoàn anh ưii:v,0.0,20,cả sư_đoàn anh ưii : v
chết cụ mày đi,2.0,14,chết cụ mày đi
Fake nha trang cá nhân ổng bị sập rồi,0.0,37,fake nha trang cá_nhân ổng bị sập rồi
Minh Công nói thật bây gio tui ghét bọn hàn như ghét cức,1.0,56,minh công nói thật bây gio tui ghét bọn hàn như ghét cức
Nói gì thì nói ci kia k bít nta mà S đứng sát lmjv . Ai biu dựng xe k rút chìa khoá .,0.0,85,nói gì thì nói ci kia không bít nta mà s đứng sát lmjv . ai biu dựng xe không rút chìa_khoá .
":)) Con bố Phước nói đc mà đ làm được à, ngta khinh cho đấy",1.0,59,": ) ) con bố phước nói được mà đ làm được à , ngta khinh cho đấy"
Lỗi lầm cc,1.0,10,lỗi_lầm cc
người ta nguu chắc m ngáo nhỉ ? Fan ruồi sáng đỡ bô cho Rách 5 triệu,1.0,68,người_ta nguu chắc m ngáo nhỉ ? fan ruồi sáng đỡ bô cho rách 5 triệu
Vcl aatrox dùng chiêu trật hết xong đánh thường chết adc,0.0,56,vcl aatrox dùng chiêu trật hết xong đánh thường chết adc
Nhà dột từ nóc,1.0,14,nhà dột từ nóc
Ko khiên xin lỗi,0.0,16,không khiên xin_lỗi
Chắc Tiệp nghĩ Tiệp là hạng Thượng đẳng :)),1.0,43,chắc tiệp nghĩ tiệp là hạng thượng_đẳng : ) )
so so lốn cài,1.0,13,so so lốn cài
Đm dlv bơi hết vào đây,1.0,22,đm dlv bơi hết vào đây
Anh Trung Giả Kim 😂,0.0,19,anh trung giả kim 😂
T cày 1 đêm ct lên td cmnl đánh mãi 1 chỗ mà vẫn ancut được thêm cái m0m~ để cno ỉa vào đầu k thấy nhục,1.0,103,t cày 1 đêm ct lên td cmnl đánh mãi 1 chỗ mà vẫn ancut được thêm cái m0m ~ để cno ỉa vào đầu không thấy nhục
me may du,2.0,9,me may du
Nguyễn Việt Hưng https://www.facebook.com/iigiz3 Mời ae,0.0,55,nguyễn việt hưng mời anh_em
Sin lỗi ccccc,1.0,13,sin lỗi ccccc
Tiên tri gi gọi là tri thần kinh,1.0,32,tiên_tri gi gọi là tri thần_kinh
Lao gia KHUNG tien tri cai con C.,2.0,33,lao gia khung tien tri cai con c .
"Lộc đéo cmt là bác đc yên r. Lộc cmt cái bác \""lên\"" nóc nhà bắt con gà... Bãi đéo nào cũng có dấu răng của L :))",1.0,113,"lộc đéo cmt là bác được yên r . lộc cmt cái bác \ "" lên \ "" nóc nhà bắt con gà ... bãi đéo nào cũng có dấu răng của l : ) )"
Vinh Phan :)))))))))))) chán,0.0,28,vinh phan : ) ) ) ) ) ) ) ) ) ) ) ) chán
Địch mẹ,1.0,7,địch mẹ
có cl mà bồi thường,1.0,19,có cl mà bồi_thường
kệ cha chúng mày mọi việc đã có ĐẺNG và đám BÒ ĐỎ ÓC BÒ nó lo.,2.0,62,kệ cha chúng_mày mọi việc đã có đẻng và đám bò đỏ óc bò nó lo .
cái địt con mẹ m,2.0,16,cái địt con_mẹ m
chui ra khỏi hang rồi à,0.0,23,chui ra khỏi hang rồi à
 địt con mẹ mày,2.0,15,địt con_mẹ mày
nhìn thằng nguyễn mạnh nó cmt là hiểu fan dách nó như nào rồi =)) toàn lũ trẩu,1.0,78,nhìn thằng nguyễn mạnh nó cmt là hiểu fan dách nó như nào rồi = ) ) toàn lũ trẩu
Ho tran xuong,0.0,13,ho tran xuong
Con linh cá lóc xấu người lại xấu nết chưa ai có cái mồm xấu như con đó,2.0,71,con linh cá_lóc xấu người lại xấu nết chưa ai có cái mồm xấu như con đó
Việt Nam phải như Thái Lan cướp xe máy bằng tội cướp ngân hàng có như vậy Việt Nam mới ổn,0.0,89,việt nam phải như thái lan cướp xe_máy bằng tội cướp ngân_hàng có như vậy việt nam mới ổn
Bọn này mà bắt đc đâ mù bép chúng nó đi,1.0,39,bọn này mà bắt được đâ mù bép chúng_nó đi
"ngày xưa chưa làm lại map, ảnh pick con tướng op xong win mấy kèo tởm, xong ảnh bảo ảnh one champ cao thủ, nhưng ko có tư duy. cứ đè 1 lane đi thẳng mặc kệ tất cả",0.0,162,"ngày_xưa chưa làm lại map , ảnh pick con tướng op xong win mấy kèo tởm , xong ảnh bảo ảnh one champ cao_thủ , nhưng không có tư_duy . cứ đè 1 lane đi thẳng mặc_kệ tất_cả"
Thằng chó mày cút khỏi đất nước tao đi thằng chó đẻ,2.0,51,thằng chó mày cút khỏi đất_nước tao đi thằng chó_đẻ
Những vụ thế này c an không vào cuộc điều tra,0.0,45,những vụ thế này c an không vào_cuộc điều_tra
đúng trình tự là lên mạng viết stt chửi đổng,0.0,44,đúng trình_tự là lên mạng viết stt chửi_đổng
Sao thằng ku này chơi hay gào thét rồi nghiến răng nghiến lợi vậy nhỉ,0.0,69,sao thằng ku này chơi hay gào_thét rồi nghiến răng nghiến lợi vậy nhỉ
Xào lăn cũng ngon anh ạ :)),0.0,27,xào lăn cũng ngon anh ạ : ) )
Cực kì cái con mã mẹ tụi mày chứ thuyết phục 🤬,2.0,46,cực_kì cái con mã mẹ tụi mày chứ thuyết_phục 🤬
Tầm nhìn ko có,0.0,14,tầm nhìn không có
Vô cái đb,1.0,9,vô cái đb
Tổ Sư Bố Con Thần Kinh :))),2.0,27,tổ_sư bố con thần_kinh : ) ) )
"Hiến máu phải chờ xét nghiệm có kqua rồi mới đưa máu vào sử dụng. Đất nước văn minh, giống loài thượng đẳng đấy các bạn ạ 😢😢",1.0,124,"hiến máu phải chờ xét_nghiệm có kqua rồi mới đưa máu vào sử_dụng . đất_nước văn_minh , giống loài thượng đẳng đấy các bạn ạ 😢 😢"
con cháu tay rửa chén đi chê bai người dũa móng tay !,1.0,53,con_cháu tay rửa chén đi chê_bai người dũa móng tay !
Địt con mẹ. Mày ko bằng 1 con chó . mày quá thiên vị với tuyển vn chúng tôi. Tôi cầu nguyện mày chết sớm,2.0,104,địt con_mẹ . mày không bằng 1 con chó . mày quá thiên_vị với tuyển vn chúng_tôi . tôi cầu_nguyện mày chết sớm
Bro Cter Main ờ hớ hờ đi eim vì 5ty rất thích=),0.0,47,bro cter main ờ hớ hờ đi eim vì 5ty rất thích = )
Mốt hẹn vậy cho sang nè Tram Le Diệp Linh,0.0,41,mốt hẹn_vậy cho sang nè tram le diệp linh
như thằng bệnh,2.0,14,như thằng bệnh
cái trình đct 275đ =)) tự hào qá,0.0,32,cái trình đct 275đ = ) ) tự_hào qá
Theo luật thì có nhưng thực tế cũng có mà có cái nịt,0.0,52,theo luật thì có nhưng thực_tế cũng có mà có cái nịt
nhưng kg lỗi j vẫn vẽ ra lỗi kg bắt lạt được lại quay ra xl thế dân sai có cho dân xl kg nhỉ,0.0,92,nhưng kg lỗi gì vẫn vẽ ra lỗi kg bắt lạt được lại quay ra xl thế dân sai có cho dân xl kg nhỉ
"Hiểu pê đê nhục, miệng sửa như chó, đầu ngu như bò, bạn thân bóng vàng mã dơ kkkk",2.0,91,"hiểu pê đê nhục , miệng sửa như chó , đầu ngu như bò , bạn thân bóng vàng_mã dơ kkkk"
Nhảm nhí. Mày kiếm đâu ra cái tờ giấy này rồi vu khốg thế,1.0,68,nhảm_nhí . mày kiếm đâu ra cái tờ giấy này rồi vu khốg_thế
Ủa mày vừa thổi còi vừa chơi post face à?!,1.0,42,ủa mày vừa thổi còi vừa chơi post face à ? !
Đume m con đũy già trọng tài như cc ngta,2.0,40,đume m con đũy già trọng_tài như cc ngta
nói mày ngu là thiếu tôn trọng thằng ngu mực,2.0,44,nói mày ngu là thiếu tôn_trọng thằng ngu mực
Bao ChiMiinh AnhNy Thảo ng ba ria:,0.0,34,bao chimiinh anhny thảo ng ba ria :
thằng ngu,2.0,9,thằng ngu
Trong Nam trộm cắp nhan nhạn sợ thật,1.0,36,trong nam trộm_cắp nhan nhạn sợ thật
So so con mẹ mi nờ thằng chó,2.0,28,so so con_mẹ mi nờ thằng chó
rồi nào lên hầu toà để biết đường hóng nè,0.0,41,rồi nào lên hầu toà để biết đường hóng nè
Cướp bốc VN chổ nào cũng có,0.0,27,cướp bốc vn chổ nào cũng có
Như 1 con bò động đực clm =))),1.0,30,như 1 con bò động_đực clm = ) ) )
"anti ví dụ ngu, bị bắt bài câm họng",1.0,35,"anti ví_dụ ngu , bị bắt bài câm_họng"
QuocAnh Tr được,0.0,15,quocanh tr được
"Thịnn Truon sao t liên tưởng tới m nhỉ ""fl đi đừng tiếc """,0.0,57,"thịnn truon sao t liên_tưởng tới m nhỉ "" fl đi đừng tiếc """
Tỉ phú nào đấy tẩy chay đồ vô học,2.0,33,tỉ_phú nào đấy tẩy_chay đồ vô_học
Con này hết thuốt chửa chữa rồi xin lỗi . Thua cạn lợi,2.0,54,con này hết thuốt chửa chữa rồi xin_lỗi . thua cạn lợi
Chắc mấy thằng lìn này vô hỏi xôi ngon kg thì kg biết thấy e cũng ngon .cô bán xôi mờ lem chảy nước miếng và cái kết đắng lòng,0.0,126,chắc mấy thằng lìn này vô hỏi xôi ngon kg thì kg biết thấy e cũng ngon . cô bán xôi mờ lem chảy nước_miếng và cái kết đắng lòng
Nick giả đấy mmg,0.0,16,nick giả đấy mmg
Đã quá muộn rồi,0.0,15,đã quá muộn rồi
Vc,1.0,2,vc
câm mõm vào,1.0,11,câm mõm vào
vcl bôi cứt mũi,1.0,15,vcl bôi cứt mũi
"Thằng vô danh tiểu tốt này chấp nó làm gì, cho vài tệ nói cái đéo gì nó cũng nói, có khi bảo nó chửi bố nó nó cũng chửi. Kệ nó đi! Bao giờ là quan chức hẵng hay !",2.0,162,"thằng vô_danh tiểu tốt này chấp nó làm gì , cho vài tệ nói cái đéo gì nó cũng nói , có khi bảo nó chửi bố nó nó cũng chửi . kệ nó đi ! bao_giờ là quan_chức hẵng hay !"
Dàn cảnh cướp xe máy manh động quá,0.0,34,dàn_cảnh cướp xe_máy manh_động quá
Đưa a Độ về bắt ít gà Tày làm khô gà bán cho các ông đấy,0.0,56,đưa a độ về bắt ít gà tày làm khô gà bán cho các ông đấy
"công kích cá nhân khác đóng góp ý kiến, m xem mới đầu t chả có chửi hay xúc phạm m cả mà m xúc phạm t trước nhé đó là công kích cá nhân đấy",0.0,139,"công_kích cá_nhân khác đóng_góp_ý_kiến , m xem mới_đầu t chả có chửi hay xúc_phạm m cả mà m xúc_phạm t trước nhé đó là công_kích cá_nhân đấy"
Vãi cứt,1.0,7,vãi cứt
Tội nghiệp em gái Rút kinh nghiệm lần sau chống trộm + xích chiếc xe lại nhé,0.0,76,tội_nghiệp em_gái rút kinh_nghiệm lần sau chống trộm + xích chiếc xe lại nhé
mỗi lần CÁAAAAAAA là má tui cười lộn ruột =]],0.0,45,mỗi lần cáaaaaaaa là má tui cười lộn_ruột = ] ]
Trộm cắp hoành hành,1.0,19,trộm_cắp hoành_hành
sủa câu ngứa dái thật sự =))),1.0,29,sủa câu ngứa dái thật_sự = ) ) )
sale cc à thầy 😆😆,1.0,17,sale cc à thầy 😆 😆
Ko biết tâm sự cùng ai :)),0.0,26,không biết tâm_sự cùng ai : ) )
tao coi con quỷ mặt rỗ trần đoàn mà tao tức lồng ngực tao ak,2.0,60,tao coi con quỷ mặt rỗ trần đoàn mà tao tức lồng_ngực tao ak
Mê trai nhe con,1.0,15,mê trai nhe con
Pham Nguyen Viet Dung thằng này hề điên,1.0,39,pham nguyen viet dung thằng này hề điên
Đưa cho lũ ngu cầm đầu là hư đường hư bột hết,2.0,45,đưa cho lũ ngu cầm_đầu là hư đường hư bột hết
Bắt đc đánh chết lại phải đi tò,1.0,31,bắt được đánh chết lại phải đi tò
"k ai hỏi nhưng thích trả lời, đúng mực con",0.0,42,"không ai hỏi nhưng thích trả_lời , đúng_mực con"
T. Huỳnh đây,0.0,12,t . huỳnh_đây
cả công ty với thằng giách ng.u vai..,2.0,37,cả công_ty với thằng giách ng . u vai . .
Cướp của ng nghèo. Cặn bã xã hội,2.0,32,cướp của ng nghèo . cặn_bã xã_hội
Lũ chó đẻ,2.0,9,lũ chó_đẻ
Cả đất nước việt nam điều biết chỉ có một người một mình trousseaus không biết,0.0,78,cả đất_nước việt nam điều biết chỉ có một người một_mình trousseaus không biết
Ý thức không bằng cả Huấn râu gì. Chán,1.0,38,ý_thức không bằng cả huấn râu gì . chán
Hòn Ngọc VIỄN Đông óc chó ạ :3,2.0,30,hòn ngọc viễn đông óc chó ạ : 3
tiên tri xàm,1.0,12,tiên_tri xàm
Mẹ mấy thằng trộm xe nên chém chết mẹ chúng nó,2.0,46,mẹ mấy thằng trộm xe nên chém chết mẹ chúng_nó
Ngu vaicalon,1.0,12,ngu vaicalon
"jack ngu dell chịu đc, bị g5r, thiên an, kicm, Mr Cường, viruss hại, bị hại 1,2 lần là phải biết chứ, dell hiểu sao mà chơi với thằng nào bị thằng đó hại, thương jack",2.0,166,"jack ngu dell chịu đc , bị g5r , thiên_an , kicm , mr cường , viruss hại , bị hại 1,2 lần là phải biết chứ , dell hiểu sao mà chơi với thằng nào bị thằng đó hại , thương jack"
"bắt được đập chết mẹ hết, như cái lũ trộm chó đo, mới răng đe đc tụi này",2.0,72,"bắt được đập chết mẹ hết , như cái lũ trộm chó đo , mới răng đe được tụi này"
Địt con mẹ mày thằng đầu buồi rẻ rách,2.0,37,địt con_mẹ mày thằng đầu buồi rẻ rách
Hải Yến bố cái con thái lọ,2.0,26,hải_yến bố cái con thái lọ
Xin lỗi cl,1.0,10,xin_lỗi cl
Dan ong hay dan ma co rau vay troi,0.0,34,dan ong hay dan ma co rau vay troi
Chí Bảo nhung chứ chung cc à,1.0,28,chí bảo nhung chứ chung cc à
"Đmm chúng nó cứ giết người kiều này, có ngày người nhà người ta đánh bomm chết cha lũ bác sỹ như mày.!!!",2.0,104,"đmm chúng_nó cứ giết người kiều này , có ngày người_nhà người_ta đánh bomm chết_cha lũ bác_sỹ như mày . ! ! !"
Ông già lại bắt tôi quảng cáo ae ạ. Sói said. :v,0.0,48,ông_già lại bắt tôi quảng_cáo anh_em ạ . sói said . : v
Tao lại buồn cười Tao chấp một thằng ngơ thì tao ngơ theo à chấp 1 thằng ngu thì lại ngu theo còn chấp mày nói chuyện Dưới đít tao thì tao lại = mày rồi,2.0,152,tao lại buồn_cười tao chấp một thằng ngơ thì tao ngơ theo à chấp 1 thằng ngu thì lại ngu theo còn chấp mày nói_chuyện dưới đít tao thì tao lại = mày rồi
nick ảo thì sao bạn ? Nói cho đúng thì thôi chứ nick nào nó đéo là vấn đề ở đây bạn à,0.0,85,nick ảo thì sao bạn ? nói cho đúng thì_thôi chứ nick nào nó đéo là vấn_đề ở đây bạn à
Luật pháp ko nghĩ,0.0,17,luật_pháp không nghĩ
Sẵn đây e nói lun. Hôm bữa e có nhặt được cộng lông ở nhà nghỉ ac nào đánh rơi thì tìm e e cho xin lại 😁,0.0,104,sẵn đây e nói lun . hôm bữa e có nhặt được cộng lông ở nhà_nghỉ ac nào đánh_rơi thì tìm e e cho xin lại 😁
"Tội chị quá, tốt bụng bị nó lừa",0.0,31,"tội chị quá , tốt_bụng bị nó lừa"
Đặng Truờng chia buồn cùng gia đình kid cận huyết trồn lường,2.0,60,đặng truờng chia buồn cùng gia_đình kid_cận huyết trồn lường
Thằng ad lại sủa.,1.0,17,thằng admin lại sủa .
Cô my cho ăn chai sting vô đầu nha thầy,1.0,39,cô my cho ăn chai sting vô đầu nha_thầy
Địt mẹ thg hát nhá !! Lấy ngay cái đít anh độ nói chuyện haizzzz :(((,2.0,69,địt_mẹ thg hát nhá ! ! lấy ngay cái đít anh độ nói_chuyện haizzzz : ( ( (
Thơ hay quá bác ơi triệu like,0.0,29,thơ hay quá bác ơi triệu like
đóm rác cay à,1.0,13,đóm rác cay à
Đệt 2 năm r đã bốc mộ r,0.0,23,đệt 2 năm r đã bốc_mộ r
VUI QUA ONG TRAN DAN THAT DE THUONG !,0.0,37,vui qua ong tran dan that de thuong !
🚬 EM CÓ BÁN 1 SỐ DÒNG THUỐC LÁ THƠM ☕,0.0,37,🚬 em có bán 1 số dòng thuốc_lá thơm ☕
Lỗi cmm mày ăn hối lộ xin lỗi à mày bắt còn thua 1 thằng con nik,2.0,64,lỗi cmm mày ăn hối_lộ xin_lỗi à mày bắt còn thua 1 thằng con nik
Trần dần là cộngg sản nằm vùng bên cali😂,0.0,40,trần dần là cộngg sản nằm_vùng bên cali 😂
Cởi bố ra cho rồi ngứa mắt á🤦‍♀️,1.0,32,cởi bố ra cho rồi ngứa_mắt á 🤦 ‍ ♀ ️
mẹ kiếp xã hội bây giờ éo biết đâu mà lần,1.0,41,mẹ_kiếp xã_hội bây_giờ éo biết_đâu mà lần
sợ bị khui sủa mẹ ra đi còn văn vở,1.0,34,sợ bị khui sủa mẹ ra đi còn văn vở
https://www.facebook.com/profile.php?id=100074232046267 Rip nó anh em,2.0,69,rip nó anh_em
bọn m ra ngoài thì làm được gì? Khác đéo gì cạn bã của xã hội không?,2.0,68,bọn m ra ngoài thì làm được gì ? khác đéo gì cạn bã của xã_hội không ?
"tao đố mày cả đời chạy xe ko vi phạm, bừng bô có ngày úp bô vào mặt.",1.0,68,"tao đố mày cả đời chạy xe không vi_phạm , bừng bô có ngày úp bô vào mặt ."
Bắt dc cứ đập gẫy tay chân tay đi tù về xong lại vẫn đi nv ak,1.0,61,bắt được cứ đập gẫy tay_chân tay đi tù về xong lại vẫn đi nv ak
cút khỏi việt nam,1.0,17,cút khỏi việt_nam
Hay lắm a ơi,0.0,13,hay lắm a ơi
Xe đi rồi xôi ở lại,0.0,19,xe đi rồi xôi ở lại
nó khóc rồi đầy tổ ruồi r,1.0,25,nó khóc rồi đầy tổ ruồi r
Hoàng Yến đâu trêu thế =)))) b chưa xem qcao lẩu phan à,0.0,55,hoàng_yến đâu trêu thế = ) ) ) ) b chưa xem qcao lẩu phan à
Bắt VN cho công bằng vào thì k muốn bay nick,1.0,44,bắt vn cho công_bằng vào thì không muốn bay nick
Có . Mà có cái lon . Đm nó nhé . Đm cả dòng họ ad xạo lozn,2.0,58,có . mà có cái lon . đm nó nhé . đm cả dòng_họ admin xạo lozn
Dã man trắng trợn,1.0,17,dã_man trắng_trợn
nhân sinh có vấn đề,1.0,19,nhân sinh có vấn_đề
ngậm đi em văn còn kém lắm công kích riêng thì ib anh :)) ngứa đít lắm e,1.0,72,ngậm đi em văn còn kém lắm công_kích riêng thì inbox anh : ) ) ngứa đít lắm e
Đang nói chuyện này cái ổng bẻ lái qua chuyện khác mãi :v,0.0,57,đang nói_chuyện này cái ổng bẻ lái qua chuyện khác mãi : v
Mày coi lại não mày load hết được cmt tao chưa rồi hỏi trình độ của tao sau,0.0,75,mày coi lại não mày load hết được cmt tao chưa rồi hỏi trình_độ của tao sau
đường cùng :))). m nhìn mực cho giống đường cùng không hả :)))) bản thân nó muốn vậy m lại bảo đường cùng. loại nịnh dái. :)))))),1.0,129,đường cùng : ) ) ) . m nhìn mực cho giống đường cùng không hả : ) ) ) ) bản_thân nó muốn vậy m lại bảo đường cùng . loại nịnh dái . : ) ) ) ) ) )
Minh Công nói thật bây gio tui ghét bọn hàn như ghét cức,1.0,56,minh công nói thật bây gio tui ghét bọn hàn như ghét cức
Khải Nguyễn khác giá tiền đó anh :((,0.0,36,khải nguyễn khác giá tiền đó anh : ( (
cái đoạn đầu là sao z mn,0.0,24,cái đoạn đầu là sao z mọi người
BaoChau HoangMinh Thái coi t tìm dc gì này,0.0,42,baochau hoangminh thái coi t tìm được gì này
Quả báo sẽ ko chừa 1 ai...đợi đi sẽ đến sớm với mày thôi,1.0,56,quả_báo sẽ không chừa 1 ai ... đợi đi sẽ đến sớm với mày thôi
"Chúng tôi văn minh chúng tôi ko chửi bạn nữa nhưng mong bạn xem lại trận đấu để xem bạn có sai hay là không. Quả thủ môn ra ngoài cho dù không phạm lỗi thì cũng bắt bóng ngoài vòng cấm địa hay quả chạm tay , cầu thủ chúng tôi đã bất lực quỳ trước mặt … Xem thêm",0.0,261,"chúng_tôi văn_minh chúng_tôi không chửi bạn nữa nhưng mong bạn xem lại trận_đấu để xem bạn có sai hay_là không . quả thủ_môn ra ngoài cho_dù không phạm lỗi thì cũng bắt bóng ngoài vòng cấm_địa hay quả chạm tay , cầu_thủ chúng_tôi đã bất_lực quỳ trước mặt … xem thêm"
Không chừa mọi thủ đoạn nào của bọn cướp,0.0,40,không chừa mọi thủ_đoạn nào của bọn cướp
Đánh hay như sion nhập mà không được đi thi đấu xong đi tìm mấy anh châu âu đi đầu tư bị nợ 5 củ tỏi số anh này khổ quá,0.0,119,đánh hay như sion nhập mà không được đi thi_đấu xong đi tìm mấy anh châu âu đi đầu_tư bị nợ 5 củ tỏi số anh này khổ quá
Tiếc hùi hụi vì miếng đất nước kìa,0.0,34,tiếc hùi_hụi vì miếng đất_nước kìa
Bóng gió sao nó hõn thấy ghê đã là người không được may mắn sao không biết tu bớt để an nhàn tâm hồn cứ sân si bởi vậy làm ảnh hưởng đến cộng đồng  người đồng tính đa phần họ hiền lành dễ thương mà sao đám quỹ chửi mất dạy quá conquy già kim ngọc  ngọc hiếu sao không biết nhục mà chương mặt ra,2.0,294,bóng_gió sao nó hõn thấy ghê đã là người không được may_mắn sao không biết tu bớt để an_nhàn tâm_hồn cứ sân si bởi_vậy làm ảnh_hưởng đến cộng_đồng người đồng_tính đa_phần họ hiền_lành dễ_thương mà sao đám quỹ chửi mất_dạy quá conquy già kim ngọc ngọc hiếu sao không biết nhục mà chương mặt ra
Không sao đâu ạ cứ làm đi.làm những gì chúng mày muốn. Luật nhân quả không chừa ai đâu,1.0,86,không sao đâu ạ cứ làm đi . làm những gì chúng_mày muốn . luật nhân_quả không chừa ai đâu
Thằng nào mạnh chẳng muốn ăn thằng khác. VN lúc có quân đội mạnh tí nữa thì nuốt đc thằng Cam kìa :)),1.0,101,thằng nào mạnh chẳng muốn ăn thằng khác . vn lúc có quân_đội mạnh tí nữa thì nuốt được thằng cam kìa : ) )
Một lũ quan liêu tiên sư bố chúng nó,2.0,36,một lũ quan_liêu tiên_sư bố chúng_nó
gọi người lớn tuổi hơn mình là con gà là văn minh dữ chưa? Tkg vô học vô ơn làm tới đi,1.0,86,gọi người lớn_tuổi hơn mình là con gà là văn_minh dữ chưa ? tkg vô_học vô_ơn làm_tới đi
Ông già lấy tiền sữa của tôi đi mua giải rồi anh em ạ - Sói said.,0.0,65,ông_già lấy tiền sữa của tôi đi mua giải rồi anh_em ạ - sói said .
Đu ma lên,2.0,9,đu ma lên
Kịch bản này thì rất đáng sợ.,0.0,29,kịch_bản này thì rất đáng sợ .
Đcm thằng súc vật,2.0,17,đcm thằng súc_vật
Hàng lazada,0.0,11,hàng lazada
Bồi con cạc nó á,1.0,16,bồi con cạc nó á
Chị nói tức cười ghê Chị đẹp lắm,0.0,32,chị nói tức_cười ghê chị đẹp lắm
bố thằng hâm,1.0,12,bố thằng hâm
Dy Dy em thấy nhiều ng khen nè =)))) a đừng quan tâm em review mà nên đi xem thử đi,0.0,83,dy dy em thấy nhiều ng khen nè = ) ) ) ) a đừng quan_tâm em review mà nên đi xem thử đi
Thảo Tròn nhớ đồng bọn qá cơ 🤧 cố gắng thôi nào 💓,0.0,49,thảo tròn nhớ đồng_bọn qá cơ 🤧 cố_gắng thôi nào 💓
mở mồm là độc tài,1.0,17,mở mồm là độc_tài
mày thì hay rùi mở miệng ra thấy thúi quắc,1.0,42,mày thì hay rùi mở_miệng ra thấy thúi quắc
Bất lương quá! Nghèo khổ đi bán xôi Vĩa hè có chiếc xe làm phương tiện đi đứng cũng bị cướp cạn cưởm mất,1.0,104,bất_lương quá ! nghèo_khổ đi bán xôi vĩa hè có chiếc xe làm phương_tiện đi_đứng cũng bị cướp cạn cưởm mất
Xin lỗi cái đ*t m* m*y bắt lỗi thằng thủ môn như l*n,2.0,52,xin_lỗi cái đ * t m * m * y bắt_lỗi thằng thủ_môn như l * n
"Đm cướp j mà ác Vy,",1.0,19,"đm cướp gì mà ác vy ,"
😿,0.0,1,😿
chấp nó làm đ anh mình ơi,1.0,25,chấp nó làm đ anh mình ơi
Người tướng hợp nhất,0.0,20,người tướng hợp_nhất
"Moẹ mấy con đ đồng cảm với người ta thì thôi Cmt hãm vcl,chắc đồng loại với3 con đó",2.0,83,"moẹ mấy con đ đồng_cảm với người_ta thì thôi cmt hãm vcl , chắc đồng_loại với3 con đó"
phuc phung tri giống cá giồ táp cứt chứ cá lóc đâu ra ^^,1.0,56,phuc phung tri giống cá giồ táp cứt chứ cá_lóc đâu ra ^ ^
LÃNH ĐẠO VFF QUÁ BẠC NHƯỢC !,0.0,28,lãnh_đạo vff quá bạc_nhược !
Mắc đ*t quá,1.0,11,mắc đ * t quá
Cái lồn,1.0,7,cái lồn
Bắt đéo đc,1.0,10,bắt đéo được
Nhìn mặt 3 cha con hách dịch ghê !,2.0,34,nhìn mặt 3 cha con hách_dịch ghê !
Me lu cho nha nuoc dau zo coi du me an hoi lo la gioi ko bat het thu nay j,2.0,74,me lu cho nha nuoc dau zo coi du me an hoi lo la gioi không bat het thu nay gì
thằng ad này não bị delay 3 năm à :)),1.0,37,thằng admin này não bị delay 3 năm à : ) )
"Công ty tư cách, thẩm quyền gì đòi người ta phải đến làm việc trực tiếp?? Nghệ sĩ thì phèn, cty thì ngu! Đâm đơn kiện VR đê, để cơ quan chức năng mời lên giải quyết",2.0,164,"công_ty tư_cách , thẩm_quyền gì đòi người_ta phải đến làm_việc trực_tiếp ? ? nghệ_sĩ thì phèn , cty thì ngu ! đâm_đơn kiện vr đê , để cơ_quan_chức_năng mời lên giải_quyết"
Lỗi conkac,1.0,10,lỗi conkac
có trình thì nc em nhé,0.0,22,có trình thì nc em nhé
Xin xin con cẹc. Thằng lồn,2.0,26,xin xin con cẹc . thằng lồn
Người ta khổ rồi còn ko tha,0.0,27,người_ta khổ rồi còn không tha
ô não chubin à ngta đăng bài pr cho kata ô qua kêu bú fame ? Tôi hỏi thật ô học hết c3 chưa v???,1.0,96,ô não chubin à ngta đăng bài pr cho kata ô qua kêu bú fame ? tôi hỏi thật ô học hết c3 chưa v ? ? ?
Bọn cướp xe đâu phải con người đâu mà,1.0,37,bọn cướp xe đâu phải con_người đâu mà
"Tk này ngu vcl xem steam nó đổ thừa cay dái , tạo drama để nổi chứ biết là tk cc nào mà nó nổi vì ngu cũng hay",2.0,110,"tk này ngu vcl xem steam nó đổ_thừa cay dái , tạo drama để nổi chứ biết là tk cc nào mà nó nổi vì ngu cũng hay"
Oke Hasagi chết mọe đi 💀,1.0,24,oke hasagi chết mọe đi 💀
Đem đưa lên cơ sơ xo thẩm quyền THP bốc phân mà ăn :),1.0,53,đem đưa lên cơ sơ xo thẩm_quyền thp bốc phân mà ăn : )
Cậy có tiền muốn đánh ai thì đánh luật phạp ở đâu,0.0,49,cậy có tiền muốn đánh ai thì đánh luật phạp ở đâu
dốt như con súc vật nhận kèo bạch kim vàng rách oai,2.0,51,dốt như con súc_vật nhận kèo bạch_kim vàng rách oai
Hùng Khâu ừ xuống bạc chơi với t này,0.0,36,hùng khâu ừ xuống bạc chơi với t này
Phan Nhuệ Anh ;)) gì vậy má,0.0,27,phan nhuệ anh ; ) ) gì vậy má
CHỈ MONG TRỜI XANH TRÊN CAO SOI THẤU XUI KHIẾN LÃNH ĐẠO TẤT CẢ CÁC NƯỚC TRỪ BỌN TRUNG QUỐC ĐUỔI HẾT BỌN QUAN VÀ CON CHÁU CỦA TẤT CẢ BỌN ĐẢNG VIÊN CS KO TRỪ MỘT AI _ KỂ CẢ HỌ ĐÃ RA KHỎI ĐẢNG RA KHỎI CÁC NƯỚC KO CHO CƯ TRÚ KO CHO NHẬP CẢNH ( KO CHÚNG,1.0,248,chỉ mong trời xanh trên cao soi thấu xui_khiến lãnh_đạo tất_cả các nước trừ bọn trung quốc đuổi hết bọn quan và con_cháu của tất_cả bọn đảng_viên cs không trừ một ai _ kể_cả họ đã ra khỏi đảng ra khỏi các nước không cho cư_trú không cho nhập_cảnh ( không chúng
Cút mẹ mày đi!!!,2.0,16,cút mẹ mày đi ! ! !
Tú cho anh Ba con blue,0.0,22,tú cho anh ba con blue
ổng nói lập kênh mới chứ không nói xóa kênh cũ,0.0,46,ổng nói lập kênh mới chứ không nói xóa_kênh cũ
tính ra đánh nhà là win rồi ngựa ngựa Q Q,1.0,41,tính ra đánh nhà là win rồi ngựa ngựa q q
"suy cho cùng theo m ĐÀN BÀ vẫn là đáy xh nhỉ, nói chuyện suy nghĩ bằng đầu dưới hay sao thở câu nào khắm câu đó thế? loại đầu rỗng như m idol nó cx đúng, đến cả những đức tính cơ bản nhất tạo nên con người idol m còn đéo có thì sủa cái j? nhót",2.0,243,"suy cho_cùng theo m đàn_bà vẫn là đáy xh nhỉ , nói_chuyện suy_nghĩ bằng đầu dưới hay sao thở câu nào khắm câu đó thế ? loại đầu rỗng như m idol nó cũng đúng , đến cả những đức_tính cơ_bản nhất tạo nên con_người idol m còn đéo có thì sủa cái j ? nhót"
Lũ này bắt đc thì khấc nhẹ 2 cọng gân chân rồi thả nó về,1.0,56,lũ này bắt được thì khấc nhẹ 2 cọng gân chân rồi thả nó về
mấy cđ dislike là mấy cđ khùn lồn,2.0,33,mấy cđ dislike là mấy cđ khùn lồn
Cuộc sống mà 😩,0.0,14,cuộc_sống mà 😩
 m học tiếng anh lắm ko bằng mà why đmm,2.0,39,m học tiếng anh lắm không bằng mà why đmm
địt mẹ trọng tài,2.0,16,địt_mẹ trọng_tài
kkk ông nhõi kia chắc 2k5 2k6 sáng vẫn xin mẹ tiền mua xôi cứ vào đây để trình bày,1.0,82,kkk ông nhõi kia chắc 2k5 2k6 sáng vẫn xin mẹ tiền mua xôi cứ vào đây để trình_bày
Xa hoi tồi tệ,1.0,13,xa hoi tồi_tệ
thầy đẹp trai quá mấy đứa,0.0,25,thầy đẹp_trai quá mấy đứa
Trần Thị Ngọc Anh nếu ngược lại thì sao con mặt lòn.nếu nó biết bị bệnh rồi đi hiến thì sao.😊,1.0,93,trần thị ngọc anh nếu ngược_lại thì sao con mặt lòn . nếu nó biết bị bệnh rồi đi hiến thì sao . 😊
Đậu má một xã hội tranh thủ cướp lẫn nhau,1.0,41,đậu má một xã_hội tranh_thủ cướp lẫn nhau
"Khốn nạn, cả nhà nó sẽ bị báo ứng.",2.0,34,"khốn_nạn , cả nhà nó sẽ bị báo_ứng ."
kiện được không kakaka,0.0,22,kiện được không kakaka
 xin lỗi cc bố vote cho pay mẹ facebook,1.0,39,xin_lỗi cc bố vote cho pay mẹ facebook
Sorry con cẹc,1.0,13,sorry con cẹc
luc bao 2 len kc bn tien nhi,0.0,28,luc bao 2 len kc bạn tien nhi
Cực kì thuyết được của ló,0.0,25,cực_kì thuyết được của ló
Bon này không phải con người- nhân quả rồi sẽ đến với bọn mày thôi,2.0,66,bon này không phải con_người - nhân_quả rồi sẽ đến với bọn mày thôi
éo thèm nhé =)),1.0,15,éo thèm nhé = ) )
thằng này nó chơi với tiến bịp hay sao mà nó lại k xanh chín thế ông nhỉ :)),1.0,76,thằng này nó chơi với tiến bịp hay sao mà nó lại không xanh chín thế ông nhỉ : ) )
"còn rác thì chỉ là thằng ăn cháo đá bát lừa thầy phản bạn ,bỏ vợ bỏ con đúng ko nhỉ",2.0,83,"còn rác thì chỉ là thằng ăn cháo đá bát lừa thầy phản bạn , bỏ vợ bỏ con đúng không nhỉ"
Bé Ba vailone:))),1.0,17,bé ba vailone : ) ) )
Loại ni bắt được nhốt tới chết luôn.Ghét nhất thể loại ni,1.0,57,loại ni bắt được nhốt tới chết luôn . ghét nhất thể_loại ni
"Nguyễn Phước uh, thế thì tia cực tím nó có tăng lên thì cũng là lỗi của Mỹ, của Tàu cả nhé, khỏi lôi ra mà chửi Nhà nước nhé, chứ cả VN này có ngừng SX công nghiệp cho các thím ngồi đói rã họng ra cũng dew bớt nóng, bớt cực tím đc đâu :v",1.0,237,"nguyễn phước uh , thế_thì tia cực_tím nó có tăng lên thì cũng là lỗi của mỹ , của tàu cả nhé , khỏi lôi ra mà chửi nhà_nước nhé , chứ cả vn này có ngừng sx công_nghiệp cho các thím ngồi đói rã_họng ra cũng dew bớt nóng , bớt cực tím được đâu : v"
Sorry qq trọng tài bắt như qq ngta v á,1.0,38,sorry qq trọng_tài bắt như qq ngta v á
Khôi Nguyên bảo nó cay nó lại cắn mình bạn ơi cắn sáng giờ,0.0,58,khôi nguyên bảo nó cay nó lại cắn mình bạn ơi cắn sáng giờ
mình sai tè le ra thì bảo miệng đời:)) toxic chúa méo ai bằng,1.0,61,mình sai tè le ra thì bảo miệng đời : ) ) toxic chúa méo ai bằng
Hơn 48 tiếng trôi qua lặng lõe :))),0.0,35,hơn 48 tiếng trôi qua lặng lõe : ) ) )
Khoe puồi,1.0,9,khoe puồi
Bọn siêng ăn nhác làm,1.0,21,bọn siêng ăn nhác làm
Mẹ mày trọng tài,2.0,16,mẹ mày trọng_tài
"đây có phải cái thằng đi cày thuê thua 2/17 xong ngồi chửi khách tụt điểm của khách không ? =)) đánh rank vàng, mình đct gặp ngày rừng bên kia thách đấu à =)) tư duy chiến thuật mà cũng feed được 17 mạng thì giỏi đấy chứ, người bình thường feed thế đ' … Xem thêm",1.0,262,"đây có phải cái thằng đi cày thuê thua 2 / 17 xong ngồi chửi khách tụt điểm của khách không ? = ) ) đánh rank vàng , mình đct gặp ngày rừng bên kia thách_đấu à = ) ) tư_duy chiến_thuật mà cũng feed được 17 mạng thì giỏi đấy chứ , người bình_thường feed thế đ ' … xem thêm"
"Lối dạy con của ông bố không thể chấp nhận,pháp luật nên can thiệp và xử lý luôn cả người bố thì mai ra mới răn đe được các cháu nhỏ hiện tại.vì trong môi trường học hiện nay,có rất nhìu các bặc phụ huynh ko cần biết đúng sai,miễn thấy con mình bị trầy bị xướt là đổ hết lỗi cho bạn học chung lớp,thậm chí muốn oánh luôn cả phụ huynh của em kia.",0.0,345,"lối dạy con của ông bố không_thể chấp_nhận , pháp_luật nên can_thiệp và xử_lý luôn cả người bố thì mai ra mới răn_đe được các cháu nhỏ hiện_tại . vì trong môi_trường_học hiện_nay , có rất nhìu các bặc phụ_huynh không cần biết đúng sai , miễn thấy con mình bị trầy bị xướt là đổ hết lỗi cho bạn học chung lớp , thậm_chí muốn oánh luôn cả phụ_huynh của em kia ."
Trọng tài bắt vậy cho nghỉ việc vĩnh viễn đi FIFA,0.0,49,trọng_tài bắt_vậy cho nghỉ_việc vĩnh_viễn đi fifa
Minh Khang Hà nhận việc,0.0,23,minh khang hà nhận việc
bất đồng chính kiến là tụi thân trung cộng ghép tội VN phản động.... khốn nạn bọn chó+svn,2.0,89,bất_đồng chính_kiến là tụi thân trung cộng ghép tội vn phản_động ... . khốn_nạn bọn chó + svn
Hoàng Ngọc Hòa sũa cc,1.0,21,hoàng ngọc hòa sũa cc
Láo,1.0,3,láo
có bạn ưi :)),0.0,13,có bạn ưi : ) )
"chia buồn cùng gia đình kid cận huyết sua chill lofi thêm sinh động t,ang lễ bà già kid",2.0,87,"chia buồn cùng gia_đình kid_cận huyết sua chill lofi thêm sinh_động t , ang lễ bà_già kid"
xin lỗi cc t nè thg lồn,2.0,23,xin_lỗi cc t nè thg lồn
Gdinh nó có công vs cmang. Còn gdinh ad trốn chui lủi như chó. Thấy nó giàu và béo hơn mình thì ghen tỵ😂😂😂,1.0,106,gdinh nó có công với cmang . còn gdinh admin trốn chui_lủi như chó . thấy nó giàu và béo hơn mình thì ghen tỵ 😂 😂 😂
"Biết là FB fake nhưng vẫn phải chửi Trousier là một kẻ ăn hại bậc nhất thế giới. 6 trận chính thức VN ko kiếm nổi điểm nào, có trânh còn 0 cú sút goal. Biến đi Trousier",1.0,168,"biết là fb fake nhưng vẫn phải chửi trousier là một kẻ ăn_hại bậc nhất thế_giới . 6 trận chính_thức vn không kiếm nổi điểm nào , có trânh còn 0 cú sút_goal . biến đi trousier"
Nguyễn Triệu Thu Thảo mệt lòn 🙂,1.0,31,nguyễn triệu thu thảo mệt lòn 🙂
Ai kêu ngựa,0.0,11,ai kêu ngựa
"Bọn mày thanh niên trai tráng lm ăn đàng hoàng ko chịu, lại thích ăn cắp ăm trộm,mong bọn mày chết sớm đi để xã hội sạch sẽ hơn",2.0,127,"bọn mày thanh_niên trai_tráng lm ăn đàng_hoàng không chịu , lại thích ăn_cắp ăm trộm , mong bọn mày chết sớm đi để xã_hội sạch_sẽ hơn"
về 572 gia định mà đòi đất ....kkkkkk..già mà ngu vl,1.0,52,về 572 gia định mà đòi đất ... . kkkkkk . . già mà ngu vl
ý thức nd đã kém rồi nói gì đến mấy anh bụng phệ,1.0,48,ý_thức nd đã kém rồi nói gì đến mấy anh bụng phệ
Tội mê trai,1.0,11,tội mê trai
"tiếng anh còn sai ngữ pháp, tọc mạch thì hay, ăn nói thì chả ra hệ thống gì mà vẫn muốn đối kháng tưởng mình là nạn nhân!",0.0,121,"tiếng anh còn sai ngữ_pháp , tọc_mạch thì hay , ăn_nói thì chả ra hệ_thống gì mà vẫn muốn đối_kháng tưởng mình là nạn_nhân !"
Nhanh dữ dị bâyyyyyy,0.0,20,nhanh dữ dị bâyyyyyy
Fuck your asss,2.0,14,fuck your asss
Cút cụ mày đi,2.0,13,cút cụ mày đi
má nó đánh lộn đồng minh r,0.0,26,má nó đánh_lộn đồng_minh r
Khung này ổn áp không thầy,0.0,26,khung này ổn_áp không thầy
mọi ng ko đc ăn hiếp anh zách nữa mãi là ruồi phát sáng nhé,1.0,59,mọi ng không được ăn_hiếp anh zách nữa mãi là ruồi phát sáng nhé
Vn tôi đó,0.0,9,vn tôi đó
trả lời lạc đề nhá bác....0 điểm về chổ,0.0,39,trả_lời lạc_đề nhá bác ... . 0 điểm về chổ
Tức nhiêng là tiêng chi dũ chụ chần dần bình an tức nhiêng là miễn nhiễm dới di chùng...,0.0,88,tức nhiêng là tiêng chi dũ chụ chần dần bình_an tức nhiêng là miễn_nhiễm dới di_chùng ...
Trái lane toxic =)))) bú win lên dct,1.0,36,trái lane toxic = ) ) ) ) bú win lên dct
Nếu mà mồm với chân ko hoạt động thì đây là tuyển thủ vn vươn tầm quốc tế rồi,0.0,77,nếu mà mồm với chân_không hoạt_động thì đây là tuyển_thủ vn vươn tầm quốc_tế rồi
Ahihi đồ ngốk 😂😂😂,0.0,17,ahihi đồ ngốk 😂 😂 😂
Bạch kim tự hào ác z =))),0.0,25,bạch_kim tự_hào ác z = ) ) )
Chửi xong rồi khóc như chó năn nỉ công đồng,1.0,43,chửi xong rồi khóc như chó năn_nỉ công đồng
https://www.facebook.com/profile.php?id=100074232046267 fb nó,0.0,61,fb nó
Ngu hay sao kệ mẹ ngta đi mấy đứa sân si nói ngta hãy nhìn tới mình con bay hay quá trình bay bằng ngta ko tuy tau đéo liên quan tới ông này nhưng ghét thể loại ko hơn ai mà hay thích sân si,1.0,190,ngu hay sao kệ mẹ ngta đi mấy đứa sân si nói ngta hãy nhìn tới mình con bay hay quá_trình bay bằng ngta không tuy tau đéo liên_quan tới ông này nhưng ghét thể_loại không hơn ai mà hay thích sân si
Xin concac đmm,2.0,14,xin concac đmm
"Dẹp hết lũ sư quốc doanh đi , vừa là ổ phá hoại đạo pháp vừa là cơ sở của bọn nằm vùng và phá nát văn hoá VN",2.0,108,"dẹp hết lũ sư quốc_doanh đi , vừa là ổ phá_hoại đạo_pháp vừa là cơ_sở của bọn nằm_vùng và phá nát văn_hoá vn"
Nguyễn Văn Huân sống chậm làm đéo j,1.0,35,nguyễn văn huân sống chậm làm đéo gì
khóc chưa bạn,0.0,13,khóc chưa bạn
fai nói 1 điều mày khóc thuê à ad . sẽ sớm thôi mày sẽ bị dờ gáy,1.0,64,fai nói 1 điều mày khóc thuê à admin . sẽ sớm thôi mày sẽ bị dờ gáy
Cave mãi là Cave thôi,1.0,21,cave mãi là cave thôi
Anh chính thức thành kẻ thù không đội trời chung của đám dâm lợn viên. Hihi,1.0,75,anh chính_thức thành kẻ_thù không đội trời chung của đám dâm lợn viên . hihi
Thùng rỗng kêu to là đây chứ đâu =]],1.0,36,thùng rỗng kêu to là đây chứ đâu = ] ]
Đ m bọn phản động này,2.0,21,đ m bọn phản_động này
Hai con súc vật này trước kia đội nhau Lên đầu bây giờ quay lại cắn nhau hả,2.0,75,hai con súc_vật này trước_kia đội nhau lên đầu bây_giờ quay lại cắn nhau hả
Tụi học trò vô văn hóa,2.0,22,tụi học_trò vô văn_hóa
"Đụ mẹ tao giết cả dòng họ , tao phá đất nước của mày rồi tao xin lỗi được không ?",2.0,81,"đụ_mẹ tao giết cả dòng_họ , tao phá đất_nước của mày rồi tao xin_lỗi được không ?"
Sorry con đỉ mẹ mày,2.0,19,sorry con đỉ mẹ mày
Piến,1.0,4,piến
Do thiếu lozz ngọc trinh nên hôm qua tiệp hơi nông nỗi,1.0,54,do thiếu lozz ngọc trinh nên hôm_qua tiệp hơi nông_nỗi
Lời xin lỗi muộn màng,0.0,21,lời xin_lỗi muộn_màng
Dat Ngo Già rồi mà sao ăn nói ngu học thếQ,1.0,42,dat ngo già rồi mà sao ăn_nói ngu học thếq
nghe cái mỏ xl thấy ghét mày đừng nói là chưa bao giờ mày mắc lỗi nha rồi câm cái mồm lại và cút cho tao thằng ngu,2.0,114,nghe cái mỏ xl thấy ghét mày đừng nói là chưa bao_giờ mày mắc lỗi nha rồi câm cái mồm lại và cút cho tao thằng ngu
NGU NGỐC.,1.0,9,ngu_ngốc .
Đúng đóm con nguu như idol đầu bu.ồi giẻ rách của nó vậy :))) xưa nó ở GVR đ có mấy ae giúp đỡ thì nó cũng chỉ là thằng xách nước bổ cam lau dọn ghế cọ nhà vệ sinh trong đấy thôi nhé.,2.0,183,đúng đóm con nguu như idol đầu bu . ồi giẻ rách của nó vậy : ) ) ) xưa nó ở gvr đ có mấy anh_em giúp_đỡ thì nó cũng chỉ là thằng xách nước bổ cam lau dọn ghế cọ nhà vệ_sinh trong đấy thôi nhé .
mày cũng là con tinh trùng mà tinh trùng khuyết tật,2.0,51,mày cũng là con tinh_trùng mà tinh_trùng khuyết_tật
Ở bắc mà như này dân họ đuổi bằng đc luôn,0.0,41,ở bắc mà như này dân họ đuổi bằng được luôn
Nguyễn Trọng Thái xạo lol vừa thôi,1.0,34,nguyễn trọng thái xạo lol vừa thôi
Lời xin lỗi muộ màng,0.0,20,lời xin_lỗi muộ màng
Dũng Đào :)) clm gì z,0.0,21,dũng đào : ) ) clm gì z
"bị hack fb đó, cmt này thấy vô tri lắm b ơi",0.0,43,"bị hack fb đó , cmt này thấy vô_tri lắm b ơi"
Nguyễn Trọng Thái xạo lol vừa thôi,1.0,34,nguyễn trọng thái xạo lol vừa thôi
Ad não ngắn vl... Đó chỉ là fb giả lợi dụng trường hợp con bé mỹ linh kia để câu like page thôi. Ngu lắm ad ạ!!,2.0,111,admin não ngắn vl ... đó chỉ là fb giả lợi_dụng trường_hợp con bé mỹ linh kia để câu like page thôi . ngu lắm admin ạ ! !
Duoc tien minh hieu con đy me,1.0,29,duoc tien minh hieu con đy me
công nhận bạn nịnh dái hay ghê :))),1.0,35,công_nhận bạn nịnh dái hay ghê : ) ) )
"Dm cái giọng con lol, phải em út trong nhà tao tát gãy răng",2.0,59,"dm cái giọng con lol , phải em_út trong nhà_tao tát gãy răng"
Bú fame ít thôi bé ơi!!,0.0,23,bú fame ít thôi bé ơi ! !
"đi bên cạnh , đứng phía sau để ăn chửi chung chứ làm mẹ j :))",1.0,61,"đi bên cạnh , đứng phía sau để ăn chửi chung chứ làm mẹ gì : ) )"
Mẹ mi con chó aen cức,2.0,21,mẹ mi con chó aen cức
Thảo Đào Văn giàu hết r đi làm công để làm gì.tay nhanh hơn não.lướt fb nhớ gắn não vô nha,1.0,90,thảo đào văn giàu hết r đi làm_công để làm gì . tay nhanh hơn não . lướt fb nhớ gắn não vô nha
Hóng mãi cái gala của bác Trần. Rất ok!,0.0,39,hóng mãi cái gala của bác trần . rất ok !
má fong rộng z ma la ngột ngạt me nó,1.0,36,má fong rộng z ma la ngột_ngạt me nó
những con sán dây tuyên giáo,2.0,28,những con sán dây tuyên_giáo
Phàm :)) vlon thanh niên,1.0,24,phàm : ) ) vlon thanh_niên
Tha cho đớp ít c.ứt thôi đã là may rồi. Nó còn đớ.p không còn tý cứ.t nào luôn.,2.0,79,tha cho đớp ít c . ứt thôi đã là may rồi . nó còn đớ . p không còn tý cứ . t nào luôn .
Mún tìm cũng khó kkk,0.0,20,mún tìm cũng khó kkk
Solo ko anh bạch,0.0,16,solo không anh bạch
Ông không bao giờ công bằng,0.0,27,ông không bao_giờ công_bằng
"đúng rồi kiện đi, tôi tin anh Zách sẽ cút",1.0,47,"đúng rồi kiện đi , tôi tin anh zách sẽ cút"
Đúng là xả hội ngày càng phát triển,0.0,35,đúng là xả hội ngày_càng phát_triển
"Sao tụi bây toàn chửi nhau mà ko thấy làm gì hết,cao lông nó chưa hay nói cho vui",1.0,81,"sao tụi bây toàn chửi nhau mà không thấy làm gì hết , cao lông nó chưa hay nói cho vui"
liu liu bị nói cho cứng họng,0.0,28,liu liu bị nói cho cứng_họng
vl phú bà đi lạc đâu đây,0.0,24,vl phú bà đi lạc đâu_đây
Chi ba oi em quy chi qua chi cho em hoc cach giau voi em nghro qua day chi oi,0.0,77,chi ba oi em quy chi qua chi cho em hoc cach giau voi em nghro qua day chi oi
Thằng già mày cút cụ mày đi,2.0,27,thằng già mày cút cụ mày đi
Dù em chỉ có một cái bánh mì,0.0,28,dù em chỉ có một cái bánh_mì
Bọn kia đi đập chết mẹ dân rồi nhé,2.0,34,bọn kia đi đập chết mẹ dân rồi nhé
bạn là nhất đom đóm mãi đỉnh . ĐƯỢC CHƯA,0.0,40,bạn là nhất đom_đóm mãi đỉnh . được chưa
"Sao ông không từ chức đi.cố bám để lấy tiền Việt Nam à, một lối đá quá tệ, cầu thủ không nhiệt huyết ko nghĩ ông muốn tạo ra một đội bóng thế nào,đá bóng gì như đi bộ chuyền kém, thủ kém , công kém, không biết chơi bóng kiểu gì cầu thủ chuyền bóng đã k… Xem thêm",0.0,262,"sao ông không từ_chức đi . cố bám để lấy tiền việt_nam à , một lối đá quá tệ , cầu_thủ không nhiệt_huyết không nghĩ ông muốn tạo ra một đội bóng thế_nào , đá bóng gì như đi bộ chuyền kém , thủ kém , công kém , không biết chơi bóng kiểu gì cầu_thủ chuyền bóng đã k … xem thêm"
Sau vụ phốt này t mới thấy tụi Fan Jack đốt với IQ thấp thật sự Kiểu ngu ngu kiểu gì ấy. T thấy ngại dùm. Mà cũng đúng. Thằng ai đồ nó dốt địt thế kia thì fan nó cũng thiểu năng ko khác gì.,2.0,189,sau vụ phốt này t mới thấy tụi fan jack đốt với iq thấp thật_sự kiểu ngu ngu kiểu gì ấy . t thấy ngại dùm . mà cũng đúng . thằng ai đồ nó dốt địt thế kia thì fan nó cũng thiểu_năng không khác gì .
Sao ko đc z thầy,0.0,16,sao không được z thầy
Khi nào Việt Nam k còn 2 từ ma tuý thì mới hết đc tình trạng này. Giờ trọt nghiện rồi phải đi ăn trộm ăn cướp mới đủ tiền hút hít. Chứ giờ đi phụ hồ k đủ hút hít,0.0,161,khi nào việt nam không còn 2 từ ma_tuý thì mới hết được tình_trạng này . giờ trọt nghiện rồi phải đi ăn_trộm ăn_cướp mới đủ tiền hút_hít . chứ giờ đi phụ hồ không đủ hút_hít
Sory cunt,1.0,9,sory cunt
Đéo tin.chả nhẽ nó để lộ liễu như thế này á hả,1.0,46,đéo tin . chả nhẽ nó để lộ_liễu như thế này á hả
"Á đù bệnh tâm thần mà cho làm trung tá mới hay,hèn gì bọn đảng cs toàn là một lủ tâm thần nhưng hám của.",2.0,104,"á đù bệnh tâm_thần mà cho làm trung_tá mới hay , hèn gì bọn đảng cs toàn là một lủ tâm_thần nhưng hám của ."
địt mẹ mày xin lỗi rồi thay đổi được gì không?,2.0,46,địt_mẹ mày xin_lỗi rồi thay_đổi được gì không ?
"con hàng này ngon quá, t sục 5 phút bắn cmm rồi",1.0,47,"con hàng này ngon quá , t sục 5 phút bắn cmm rồi"
đm may thay gê qá,1.0,17,đm may thay gê qá
Cái mặt ngu trình cũng ngang với cái mặt tưởng v là hay,2.0,55,cái mặt ngu trình cũng ngang với cái mặt tưởng v là hay
"Phạm Thanh Tùng dm t cười , rảnh éo chịu",1.0,40,"phạm thanh tùng dm t cười , rảnh éo chịu"
Oke bột giặt aba sạch tinh tươm,0.0,31,oke bột_giặt aba sạch tinh_tươm
"chắc đéo đến mức ntn, nhưng chuyện ngoáy đồ là có thật.",1.0,55,"chắc đéo đến mức ntn , nhưng chuyện ngoáy đồ là có thật ."
Sao mấy thằng lolll này ác dữ vậy trời,2.0,38,sao mấy thằng lolll này ác dữ_vậy trời
Giết ad đập nhà có cl thua được,1.0,31,giết admin đập nhà có cl thua được
Tuân Nguyễn no lai cay vl ra,1.0,28,tuân nguyễn no lai cay vl ra
Face đcm:),1.0,10,face đcm : )
"Anh trai nóng tánh nhất quả đất, sau khi tỉ số 3-0",0.0,50,"anh_trai nóng tánh nhất quả_đất , sau khi tỉ_số 3 - 0"
Con đàn bà lèo lon,2.0,18,con đàn_bà lèo lon
Này thì trend này🤦‍♀️🤦‍♀️,0.0,25,này thì trend này 🤦 ‍ ♀ ️ 🤦 ‍ ♀ ️
"page này thành phản động ak,dkm toàn post nhảm k",2.0,48,"page này thành phản_động ak , dkm toàn post nhảm không"
Nguyễn Nghĩa mi lúc mô ko nứng,1.0,30,nguyễn nghĩa mi lúc mô không nứng
Ăn mặc như cái đ.buoi,2.0,21,ăn_mặc như cái đ . buoi
lm lồn gì có thời mà hết :)) skill dell trúng bảo team địch tool clm :)),1.0,72,lm lồn gì có thời mà hết : ) ) skill dell trúng bảo team địch tool clm : ) )
Ngu còn bảo thủ,1.0,15,ngu còn bảo_thủ
"phát ngôn cẩn thận chú ạ , thế nào là độc tài ? Cẩn thận không người ta lại nhầm thành bọn khát nước !",0.0,102,"phát_ngôn cẩn_thận chú ạ , thế_nào là độc_tài ? cẩn_thận không người_ta lại nhầm thành bọn khát nước !"
Tưởng đi diễn hài hải ngoại nữa chứ.:)),0.0,39,tưởng đi diễn hài hải ngoại nữa chứ . : ) )
Tin nhắn của thủ tướng đổi ra chắc đc cả tỉ bạc chứ k ít. Lũ lụt đến chân ng dân thấy tin nhắn thủ tướng chắc mừng rơi nc mắt :)))),0.0,131,tin nhắn của thủ_tướng đổi ra chắc được cả tỉ bạc chứ không ít . lũ_lụt đến chân ng dân thấy tin nhắn thủ_tướng chắc mừng rơi nc mắt : ) ) ) )
Ko làm mà đồi có ăn thì có ngày ăn cơm tù,0.0,41,không làm mà đồi có_ăn thì có ngày ăn cơm tù
"Sau công ty Giấy ấp 8, Bình Sơn phát hiện một nam giới treoco trong lô cao su. Hiện cơ quan chức năng đã có mặt tại hiện trường…",0.0,128,"sau công_ty giấy ấp 8 , bình sơn phát_hiện một nam_giới treoco trong lô cao_su . hiện cơ_quan_chức_năng đã có_mặt tại hiện_trường …"
Sorry cái lồn,1.0,13,sorry cái lồn
xử lý đi ngài trọng tài,0.0,23,xử_lý đi ngài trọng_tài
"Suốt ngày ngoài ruộng, chẳg ai qtâm đâu",0.0,39,"suốt ngày ngoài ruộng , chẳg ai qtâm đâu"
Vaidai,1.0,6,vaidai
"da đen trẻ trâu hôi lông, chim cút ",2.0,35,"da đen trẻ trâu hôi lông , chim_cút"
"thì cứ đợi vb tiếp đi, ko tl thì đừng nói ngta sợ nên im",0.0,56,"thì cứ đợi vb tiếp đi , không tl thì đừng nói ngta sợ nên im"
Cái địt mẹ thằng rẻ rách :)),2.0,28,cái địt_mẹ thằng rẻ rách : ) )
"Bạn này nhìn có tố chất, nếu bị câm chắc thành tuyển thủ chuyên nghiệp thành công lắm",0.0,85,"bạn này nhìn có tố_chất , nếu bị câm chắc thành tuyển_thủ chuyên_nghiệp thành_công lắm"
Nguyễn Thanh Cẩm lỗ xoài rộng nhỉ,0.0,33,nguyễn thanh cẩm lỗ xoài rộng nhỉ
Đúng luật là phải đền.gi khi bắt xe dg chạy chu dau phải xe hư.rồi còn giảm một tháng nữa chứ.người ta có một chiếc xe rồi sao đi lam.,0.0,134,đúng luật là phải đền . gi khi bắt xe dg chạy chu dau phải xe hư . rồi còn giảm một tháng nữa chứ . người_ta có một chiếc xe rồi sao đi lam .
"tất ziên,tôi ,tất ziên,,,,",0.0,26,"tất ziên , tôi , tất ziên , , , ,"
Rút kinh nghiệm là lại đc sài nghìn tỷ .,0.0,40,rút kinh_nghiệm là lại được sài nghìn_tỷ .
Sao lại có cả liên quân là thế nào 😳,0.0,36,sao lại có cả liên_quân là thế_nào 😳
CA ra quân kiểm soát rượu bia mạnh mẽ…mà sao ko thấy ra quân trấn áp tội phạm…hay cái chi dễ thì ta làm..,0.0,105,ca ra_quân kiểm_soát rượu_bia mạnh_mẽ … mà sao không thấy ra_quân trấn áp tội_phạm … hay cái chi dễ thì ta làm . .
Tuyển Việt Nam càng thua thì càng tiến bộ,0.0,41,tuyển việt_nam càng thua thì càng tiến_bộ
Đại Ca kata nó gánh còng lưng,0.0,29,đại_ca kata nó gánh còng lưng
Cái miệng vòi bò nhức nhúc,1.0,26,cái miệng vòi bò nhức nhúc
Bọn mày cướp của người ta rồi chúng mày sẽ bị quả báo thôi,2.0,58,bọn mày cướp của người_ta rồi chúng_mày sẽ bị quả_báo thôi
Ba chào cô chú,0.0,14,ba chào cô chú
"Đó là đồng bọn của nó đang giàn cảnh, giả bộ hỏi thăm đặng cho đồng bọn lấy xe",0.0,93,"đó là đồng_bọn của nó đang giàn cảnh , giả_bộ hỏi_thăm đặng cho đồng_bọn lấy xe"
Xin lỗi mà bắt như gì vậy á bắt ko bằng mấy trọng tài mới vô nữa!!!!,0.0,68,xin_lỗi mà bắt như gì vậy á bắt không bằng mấy trọng_tài mới vô nữa ! ! ! !
"Tưởng bố thế nào, chỉ mõm",1.0,25,"tưởng bố thế_nào , chỉ mõm"
Trị Thiên tao kêu hả ? Mắc gì m tl cmt,0.0,38,trị thiên tao kêu hả ? mắc gì m tl cmt
"Hiến máu phải chờ xét nghiệm có kqua rồi mới đưa máu vào sử dụng. Đất nước văn minh, giống loài thượng đẳng đấy các bạn ạ 😢😢",1.0,124,"hiến máu phải chờ xét_nghiệm có kqua rồi mới đưa máu vào sử_dụng . đất_nước văn_minh , giống loài thượng đẳng đấy các bạn ạ 😢 😢"
Ủa thầy có nói lộn hk e thấy thầy mới là người hk làm đc gì mà ???,0.0,66,ủa thầy có nói lộn hk e thấy thầy mới là người hk làm được gì mà ? ? ?
xin cc =)),1.0,10,xin cc = ) )
Tội mê trai hả ad,0.0,17,tội mê trai hả admin
Con nầy tới số chửi đến lũ Bắc kỳ,2.0,33,con nầy tới số chửi đến lũ bắc kỳ
Mẹ mày nó bắt bóng ngoài vòng cấm mà o thẻ đỏ,1.0,45,mẹ mày nó bắt bóng ngoài vòng cấm mà o thẻ_đỏ
việc học rất quan trọng. Về già mà còn suy nghĩ thế này thì hỏng rồi bà chị ơi. Tỉnh táo lên chứ đu idol kiểu này thì chớt,0.0,122,việc học rất quan_trọng . về già mà còn suy_nghĩ thế này thì hỏng rồi bà chị ơi . tỉnh_táo lên chứ đu idol kiểu này thì chớt
Tấu hài cực mạnh từ Abe :>,0.0,26,tấu hài cực mạnh từ abe : >
Mày lên cút khỏi viêt nam,1.0,25,mày lên cút khỏi viêt nam
Diện Trần có con rồi mà như thằng trẩu :)),2.0,42,diện trần có con rồi mà như thằng trẩu : ) )
Thấy con chó ngửi ngửi là nghi nghi rồi,0.0,39,thấy con chó ngửi ngửi là nghi nghi rồi
Kinhh,0.0,5,kinhh
đánh chết cụ mày giờ nhét cụ mày còi vào lỗ đít đi,2.0,50,đánh chết cụ mày giờ nhét cụ mày còi vào lỗ_đít đi
Clm ta đang coi sẽ à?,0.0,21,clm ta đang coi sẽ à ?
Con chó nó biết nó hửi 2 ông đó quài,0.0,36,con chó nó biết nó hửi 2 ông đó quài
Gặp thêm con chó cũng nhiều chuyện theo,2.0,39,gặp thêm con chó cũng nhiều chuyện theo
Acc clon mà mấy bố tin vào cmt như thật hài vl :)),0.0,50,acc clon mà mấy bố tin vào cmt như thật hài vl : ) )
Một thằng thiểu não như may mà cũng làm trọng tài hả! Không biết nhục,1.0,69,một thằng thiểu_não như may mà cũng làm trọng_tài hả ! không biết nhục
Mong pháp luật xử lý nghiêm minh k thì loạn hết,0.0,47,mong pháp_luật xử_lý nghiêm_minh không thì loạn hết
Game cu lon nay=))),2.0,19,game cu lon nay = ) ) )
Tùy gu nghe nhạc của mỗi người thôi. Với lại có lẽ b đã quen với phong cách âm nhạc hồi trước của jack nên bh jack kết hợp với người khác và theo phong cách âm nhạc khác nên có vẻ hơi lạ với người mới nghe,0.0,205,tùy_gu nghe nhạc của mỗi người thôi . với lại có_lẽ b đã quen với phong_cách_âm_nhạc hồi trước của jack nên bh jack kết_hợp với người khác và theo phong_cách_âm_nhạc khác nên có vẻ hơi lạ với người mới nghe
Hay quá tùng ơi !!!!!,0.0,21,hay quá tùng ơi ! ! ! ! !
Xin video vs ông ơi,0.0,19,xin video với ông ơi
vừa cay vừa dốt đăng lên ăn chửi no nê :)),1.0,42,vừa cay vừa dốt đăng lên ăn chửi no_nê : ) )
Ngu mày chết con mẹ mày đi lồn lồn,2.0,34,ngu mày chết con_mẹ mày đi lồn lồn
"Bắt xong rồi mà xin lỗi gì, mất sĩ khí hết cò đâu",0.0,49,"bắt xong rồi mà xin_lỗi gì , mất sĩ_khí hết cò đâu"
Cực kỳ chân chọng :)),0.0,21,cực_kỳ chân chọng : ) )
Cho mình xin số TK mình gửi tiền trước nhé,0.0,42,cho mình xin số tk mình gửi tiền trước nhé
Ăn tết đúng cách,0.0,16,ăn tết đúng cách
Xờ lờ quá,1.0,9,xờ lờ quá
Hải Yến Đ care cmt làm gì??? :))) Ô ai hỏi m à? :)))),1.0,53,hải_yến đ care cmt làm gì ? ? ? : ) ) ) ô ai hỏi m à ? : ) ) ) )
Sau Sing là tới Hàn Quốc . Bằng chứng là thím ngân đã cài cắm 9 điệp viên vào đoá . 😂😂😂,0.0,87,sau sing là tới hàn_quốc . bằng_chứng là thím ngân đã cài cắm 9 điệp_viên vào đoá . 😂 😂 😂
ảoooo,0.0,5,ảoooo
Đéo đở dc)),1.0,11,đéo đở dc ) )
Ngu thì nín,1.0,11,ngu thì nín
"Công an lên làm thủ tướng nên se ra luật có lợi cho bọn công an. Luật sư cái chó gì ở VN. Tòa án nó muốn thì nó mời. Ghét thì nó đuổi chạy như chó. Ngoan ngoãn nghe lời thì Luật sư có cháo húp, không nghe lời nó đánh trào máu như vụ 2 luật sư bị đánh. Ai đánh đây?",1.0,264,"công_an lên làm thủ_tướng nên se ra luật có lợi cho bọn công_an . luật_sư cái chó gì ở vn . tòa_án nó muốn thì nó mời . ghét thì nó đuổi chạy như chó . ngoan_ngoãn nghe lời thì luật_sư có cháo húp , không nghe lời nó đánh trào máu như vụ 2 luật_sư bị đánh . ai đánh đây ?"
Em oi ..con Linh Dai Loan no´co´nhô? lông dai´cua em chua ma em lai lên Xi`Gon`kiêm´no´con nua?..lam`nhu em co bao nhiêu vang`lây ra deo hêt´hay sao vây ???..dzom`giông vang gia?..nhin den thui`lui`ha`..nêu´la vang thiêt thi no se sang´loe`luôn ah em oi cho anh noi nghe ne..em quên cai con Linh Dai Loan di ..no´noi bon CSVN an cut´cua no nêu´ma no ngung goi tiên USD ve thôi..chu no không co noi em an cut´cua no..em co biet Miên Tây bây gio bi nuoc man va khô han khong ne ???..bon Trung Quôc no ngan dong`chây? cua sông Me Kông rôi...dân mien Tay se chet doi´het..em chui? thang Trung Quoc dum anh di em...em dzam chui? khong ne ??..anh so bn Trung công no´den nha em no nhô? sach lông dai´cua em do nha,2.0,707,em oi . . con linh dai loan no ´ co ´ nhô ? lông dai ´ cua em chua ma em lai lên xi ` gon ` kiêm ´ no ´ con nua ? . . lam ` nhu em co bao_nhiêu vang ` lây ra deo hêt ´ hay sao vây ? ? ? . . dzom ` giông vang gia ? . . nhin den thui ` lui ` ha ` . . nêu ´ la vang thiêt thi no se sang ´ loe ` luôn ah em oi cho anh noi nghe ne . . em quên cai con linh dai loan di . . no ´ noi bon csvn an cut ´ cua no nêu ´ ma no ngung goi tiên usd ve thôi . . chu no không co noi em an cut ´ cua no . . em co biet miên tây bây gio bi nuoc man va khô han khong ne ? ? ? . . bon trung quôc no ngan dong ` chây ? cua sông me kông rôi ... dân mien tay se chet doi ´ het . . em chui ? thang trung quoc dum anh di_em ... em dzam chui ? khong ne ? ? . . anh so bạn trung công no ´ den nha em no nhô ? sach lông dai ´ cua em do nha
"Điệu hổ ly Sơn,",0.0,15,"điệu hổ ly sơn ,"
Thu Tuyền Phan hợp nhóm lại các cậu ơi :)))),0.0,44,thu tuyền phan hợp nhóm lại các cậu ơi : ) ) ) )
Nguyễn Thanh Quang đc có í tưởng,0.0,32,nguyễn thanh quang được có í tưởng
dừng là đúng a ơi 😆😆 dừng luôn đi cũng được,0.0,43,dừng là đúng a ơi 😆 😆 dừng luôn đi cũng được
"Thành Lê cái lồn mẹ mày nha con chó koi chừng tao bắt con mẹ mày ra cho chó giao cấu , bắt mẹ mày làm tình liếm cặc mút cặc chó đến khi nào nó bắn tinh , chị e nhà mày thì xếp hàng chờ con chó của tao chơi con mẹ mày xong thì đến lượt ăn cức chó của ta",2.0,252,"thành lê cái lồn mẹ mày nha con chó koi chừng tao bắt con_mẹ mày ra cho chó giao_cấu , bắt mẹ mày làm_tình liếm cặc mút cặc chó đến khi nào nó bắn_tinh , chị e nhà mày thì xếp_hàng chờ con chó của tao chơi con_mẹ mày xong thì đến lượt ăn cức chó của ta"
trường hợp cai éo ji con này.dm nc éo có logic cc ji bị cả cộng đồng nó chửi cho sml cho cm may lun nghiệp,2.0,106,trường_hợp cai éo ji con này . dm nc éo có logic cc ji bị cả cộng_đồng nó chửi cho sml cho cm may lun_nghiệp
Đừng làm sai rồi lại xin lỗi ông trọng tài không có tài và không có lương tâm thì nên từ bỏ đi ông đứng trên sân cỏ mà không thấy ngại ngùng tí nào à,1.0,149,đừng làm sai rồi lại xin_lỗi ông trọng_tài không có tài và không có lương_tâm thì nên từ_bỏ đi ông đứng trên sân_cỏ mà không thấy ngại_ngùng tí nào à
Ôi dm phát biểu vây coi dân nhu đồ ngu chắc,2.0,43,ôi dm phát_biểu vây coi dân nhu đồ ngu chắc
Fuck you Al Adba Saoud Ali,2.0,26,fuck you al adba saoud ali
ra đitme bắt được con ruồi phát sáng r nè ae,2.0,44,ra đitme bắt được con ruồi phát sáng r nè anh_em
Sory cái qq,1.0,11,sory cái qq
"1,1 tr like 6tr view",0.0,20,"1,1 tr like 6tr view"
Chúng mài không thoát khỏi công an đao,1.0,38,chúng mài không thoát khỏi công_an đao
"Ông Tuân ổng cười khà khà , ổng cười quài luôn á. Ta nói chời ơi cô vừa dễ thương còn thật thà nữa",0.0,98,"ông tuân ổng cười khà_khà , ổng cười quài luôn á . ta nói chời ơi cô vừa dễ_thương còn thật_thà nữa"
Mấy thằg óc chó,2.0,15,mấy thằg óc chó
"Thằng chó đẻ Viruss, hãy khả lại bình yên cho anh Jack của tao đi.",2.0,66,"thằng chó_đẻ viruss , hãy khả lại bình_yên cho anh jack của tao đi ."
Nguyệt Ánh bạn ơi:)) tới công chuyện,0.0,36,nguyệt ánh bạn ơi : ) ) tới công_chuyện
cháu còn nhỏ đừng xạo loz theo bố cháu nhé tùng,1.0,47,cháu còn nhỏ đừng xạo loz theo bố cháu nhé tùng
Sống chậm lại được k.tết rồi,0.0,28,sống chậm lại được k . tết rồi
:( v,0.0,4,: ( v
Buồn anh tôi :(,0.0,15,buồn anh tôi : (
nhìn cx xinh nhà cx có vẻ điều kiện mà mất nhận thức vậy?,1.0,57,nhìn cũng xinh nhà cũng có vẻ điều_kiện mà mất nhận_thức vậy ?
Chán cho đời cái gì cũng làm được ko bk thương người j cả muốn có ăn thì đi làm muốn có tiền phải lao động sống mà ko bk lao động tự kiếm ăn cứ ăn trộm cắp hoài có ngày họ vả cho ko còn cái răng rồi chừng đó la với khóc,2.0,219,chán cho đời cái gì cũng làm được không bk thương người gì cả muốn có_ăn thì đi làm muốn có tiền phải lao_động sống mà không bk lao_động tự kiếm_ăn cứ ăn_trộm_cắp hoài có ngày họ vả cho không còn cái răng rồi chừng đó la với khóc
Đume lấy tiền đô đi đường quyền nó cô 💵💵💵,1.0,41,đume lấy tiền đô đi đường quyền nó cô 💵 💵 💵
"Anh kata đánh hay quá, KDA rank thách đấu thế kia thì.... Gì chứ gánh 3 thằng vàng bẩn thì dư sức, nhưng xui cái tự nhiên có thêm 1 thằng đct bẩn nữa vào thì có vẻ hơi quá sức anh kata",1.0,184,"anh kata đánh hay quá , kda rank thách đấu thế kia thì ... . gì chứ gánh 3 thằng vàng bẩn thì dư sức , nhưng xui cái tự_nhiên có thêm 1 thằng đct bẩn nữa vào thì có vẻ hơi quá_sức anh kata"
Xin vd pro,0.0,10,xin vd pro
"Đất nước Qatar mọi rợ đã sinh ra những thằng như mày. Và mày đã mang cái mọi rợ của đất nước mày đi khắp nơi, đến cả trận bóng đá Viet Nam vs Thailand",2.0,150,"đất_nước qatar mọi_rợ đã sinh ra những thằng như mày . và mày đã mang cái mọi_rợ của đất_nước mày đi khắp nơi , đến cả trận bóng_đá viet nam với thailand"
Chúng mày chụp mũ vãi lồn chúng mày còn chưa hiểu ý thằng Cường là sao đã auto chửi nó là thằng bán nước ?,1.0,106,chúng_mày chụp_mũ vãi lồn chúng_mày còn chưa hiểu ý thằng cường là sao đã auto chửi nó là thằng bán_nước ?
"Tao thấy mày giống sát chết đang ngồi quán, con quỷ ơi",2.0,54,"tao thấy mày giống sát chết đang ngồi quán , con quỷ ơi"
"Yogurt ơi cứu lok, có 5ty thôi mà",0.0,33,"yogurt ơi cứu lok , có 5ty thôi mà"
Lỗi cc,1.0,6,lỗi cc
phãn nộ là chó,1.0,14,phãn nộ là chó
địt mẹ lông thì nhiều,2.0,21,địt_mẹ lông thì nhiều
"Mẹ nó,, mấy con thú..",2.0,21,"mẹ nó , , mấy con thú . ."
Thanh Thảo quần què nầy 😪,0.0,25,thanh thảo quần què nầy 😪
Ông phá bao nhiêu đội tuyển câu lạc bộ cũ của ông cùng 1 kịch bản như thế này rồi tới Đội tuyển Việt Nam ông vẫn tiếp tục phá như vậy mà không khá lên được . Con người giống như ông ở Việt Nam chúng tôi gọi là ngu nâu dốt b… Xem thêm,0.0,233,ông phá bao_nhiêu đội_tuyển câu lạc_bộ cũ của ông cùng 1 kịch_bản như thế này rồi tới đội_tuyển việt nam ông vẫn tiếp_tục phá như vậy_mà không khá lên được . con_người giống như ông ở việt_nam chúng_tôi gọi là ngu nâu dốt b … xem thêm
địt con bà m nữa. suốt ngày lằng nhằng. nghỉ thì nghỉ cụ m đi. mấy con chó này. suốt ngày đăng tin hãm lồn,2.0,106,địt con bà m nữa . suốt ngày lằng_nhằng . nghỉ thì nghỉ cụ m đi . mấy con chó này . suốt ngày đăng tin hãm lồn
Tuyền Phạm,0.0,10,tuyền phạm
- là lỗi của chị Nhung nữa :<,0.0,29,- là lỗi của chị nhung nữa : <
"đóm con, à không, đám ruồi con mà như lũ ong á bro, đụng nhẹ là nhạy cảm tới chích bro theo bầy đàn liền",1.0,104,"đóm con , à không , đám ruồi con mà như lũ ong á bro , đụng nhẹ là nhạy_cảm tới chích bro theo bầy đàn liền"
Chó việt cộng lo ăn cứt chó tàu nên đâu quan tâm phù vs chả xa :)),2.0,66,chó việt cộng lo ăn cứt chó tàu nên đâu quan_tâm phù với chả xa : ) )
🙂🙂gửi mấy con bò,2.0,16,🙂 🙂 gửi mấy con bò
xin con cặc đjtme bỏ nghề dùm t =)),1.0,35,xin con cặc đjtme bỏ nghề dùm t = ) )
Cảnh này có lẽ A rầy quá hầy 😂😂,0.0,31,cảnh này có_lẽ a rầy quá hầy 😂 😂
mê cách ảnh hơn thua vs anti,0.0,28,mê cách ảnh hơn thua với anti
cau mong cho e gai do tìm được chiec xe,0.0,39,cau mong cho e gai do tìm được chiec xe
Xin lozz cc chứ xl,1.0,18,xin lozz cc chứ xl
mầy thì,0.0,7,mầy thì
cám ơn ad vì sự thay đổi nhỏ này :'(,0.0,36,cám_ơn admin vì sự thay_đổi nhỏ này : ' (
dm bữa ni đường 3m cũng có CA đứng @@,1.0,37,dm bữa_ni đường 3m cũng có ca đứng @ @
Trend Hàn quốc học mót Việt Nam 🤣🤣🤣,0.0,35,trend hàn quốc học_mót việt nam 🤣 🤣 🤣
nó ngu mà nó muốn làm bố ngta . Đăng cát stt là ngta phải đến gặp nó k bằng : )) cãi nhau vs ruồi đít led toàn k não mệt kinh,1.0,125,nó ngu mà nó muốn làm bố ngta . đăng cát stt là ngta phải đến gặp nó không bằng : ) ) cãi nhau với ruồi đít led toàn không não mệt kinh
con kia bị thần kinh nứng à,2.0,27,con kia bị thần_kinh nứng à
A di da phat,0.0,12,a_di_da phat
miền nam gà ác,2.0,14,miền nam gà_ác
quá vip kkk đúng tuổi lồn,0.0,25,quá vip kkk đúng tuổi lồn
thích nhây cơ :)),0.0,17,thích nhây cơ : ) )
"Làm ăn buôn bán kể cả đàn bà đàn ông, mà ngồi trên xe đeo khẩu trang là phải tỉnh, hoặc ngồi trên xe cho con xuống mua rồi gọi mình ra hỏi phải tỉnh,,",0.0,150,"làm_ăn buôn_bán kể_cả đàn_bà đàn_ông , mà ngồi trên xe đeo khẩu_trang là phải tỉnh , hoặc ngồi trên xe cho con xuống mua rồi gọi mình ra hỏi phải tỉnh , ,"
đã tăng 2 đến 7 thì dân lợi cái lồn mẹ chúng nó à,1.0,49,đã tăng 2 đến 7 thì dân lợi cái lồn mẹ chúng_nó à
nick ổng sập r,0.0,14,nick ổng sập r
Cái con tinh trùng khuyết tật này xaolol mua ko xài được đâu,2.0,60,cái con tinh_trùng khuyết_tật này xaolol mua không xài được đâu
So cl dit conbamay :))),2.0,23,so cl dit conbamay : ) ) )
"Chương trình riết nhảm, bế tắc. Mời bọn tục tỉu, vô văn hóa lên tv.",2.0,67,"chương_trình riết nhảm , bế_tắc . mời bọn tục tỉu , vô văn_hóa lên tv ."
Mấy đưá mõm phật thấy chưa. Đến khi bắt đc đập chết lại bảo ác. Của người ta cày mấy năm.,1.0,89,mấy đưá mõm phật thấy chưa . đến khi bắt được đập chết lại bảo ác . của người_ta cày mấy năm .
 =)) ra CA nào không có bằng chứng không có camera quay lại thì lên bằng mắt nha con lên chứng minh đây là xe đạp của mình à lên CA coi nó tát cho tỉnh ra đấy,0.0,158,= ) ) ra ca nào không có bằng_chứng không có camera quay lại thì lên bằng mắt nha con lên chứng_minh đây là xe_đạp của mình à lên ca coi nó tát cho tỉnh ra đấy
"a rất cảm ơn mấy đứa bợ đít như chú, a e a cảm ơn em nhiều.",1.0,59,"a rất cảm_ơn mấy đứa bợ_đít như chú , a e a cảm_ơn em nhiều ."
"phải thế mới me được mấy thằng lồn vi phạm luật giao thông chứ , bắt hết con mẹ tụi nó đi mấy anh ơi .",2.0,102,"phải thế mới me được mấy thằng lồn vi phạm_luật giao_thông chứ , bắt hết con_mẹ tụi nó đi mấy anh ơi ."
Kỉ Niệm vcl du thứ nhất t thích những mẻ mạnh thứ 2 t ghét loại súc vật như chúng m z á đánh ncc zô thể hiện sủa :)) xong kêu bọn t fan :)))? Haiij não nhau à cu game giải trí mà gặp chúng m xoá mẹ game đi,2.0,205,kỉ_niệm vcl du thứ nhất t thích những mẻ mạnh thứ 2 t ghét loại súc_vật như chúng m z á đánh ncc zô thể_hiện sủa : ) ) xong kêu bọn t fan : ) ) ) ? haiij não nhau à cu game giải_trí mà gặp chúng m xoá mẹ game đi
Mực đần,2.0,7,mực đần
Nhục mặt chửi nhau roi giờ chơi nhau chửi mướn đề con vk trả tien kaaaaaa,1.0,74,nhục mặt chửi nhau roi giờ chơi nhau chửi mướn đề con vk trả tien kaaaaaa
Nick fake thật là nhanh :)) HoangAnh Tú,0.0,39,nick fake thật là nhanh : ) ) hoanganh tú
8h sáng cũng phải lên luôn nhaaa,0.0,32,8h sáng cũng phải lên luôn nhaaa
Tài sản của nhân dân hạch hẹ không kiếm được cái bánh mì thì thu về biến của dân thành sắt vụn bao không có CSGT đứng đường thì nhân dân ta mới phát triển được,0.0,159,tài_sản của nhân_dân hạch hẹ không kiếm được cái bánh_mì thì thu về biến của dân thành sắt vụn bao không có csgt đứng_đường thì nhân_dân ta mới phát_triển được
Có nên tử hình những con người thiếu ý thức cộng đồng nv ko nhỉ. Chả khác nào tuấn khỉ vs những kẻ sát nhân máu lạnh :((,2.0,120,có nên tử_hình những con_người thiếu ý_thức cộng_đồng nv không nhỉ . chả khác_nào tuấn khỉ với những kẻ sát_nhân máu lạnh : ( (
"Nguyễn Lê Vĩnh Hưng ""gần 100 triệu dân Việt Nam đều nhận thấy điều đó"" ??? không xem báo đài à mà kêu gần 100 triệu dân VN đều thấy điều đó?. Làm ơn hãy ngồi đọc báo, xem tin tức bình luận, đọc nhiều hơn để có học hơn nhé!",0.0,222,"nguyễn lê vĩnh_hưng "" gần 100 triệu dân việt_nam đều nhận thấy điều đó "" ? ? ? không xem báo đài à mà kêu gần 100 triệu dân vn đều thấy điều đó ? . làm_ơn hãy ngồi đọc báo , xem tin_tức bình_luận , đọc nhiều hơn để có_học hơn nhé !"
nói ra làm gì lại bị mấy em bị thiểu năng trí tuệ táp v anh,1.0,59,nói ra làm gì lại bị mấy em bị thiểu_năng trí_tuệ táp v anh
nhà đóm toàn rác :))),1.0,21,nhà đóm toàn rác : ) ) )
Luôn ủng hộ K-ATM,0.0,17,luôn ủng_hộ k - atm
"Thất vọng với kết quả trước đội Indonesia khiến đội không tiến bộ. Tôi hoàn toàn chịu trách nhiệm cho kết quả này, nhưng trong trận đấu cuối cùng, chúng ta cần phải chiến đấu vì ba điểm để vinh dự. Hi vọng cả nhà động viên chúng tôi. Hãy động viên chúng tôi",0.0,257,"thất_vọng với kết_quả trước đội indonesia khiến đội không tiến_bộ . tôi hoàn_toàn chịu trách_nhiệm cho kết_quả này , nhưng trong trận_đấu cuối_cùng , chúng_ta cần phải chiến_đấu vì ba điểm để vinh_dự . hi_vọng cả nhà động_viên chúng_tôi . hãy động_viên chúng_tôi"
Chưa 24h là bị lụm lại ngây,0.0,27,chưa 24h là bị lụm lại ngây
Làm xong r xinloi,0.0,17,làm xong r xinloi
Nhà dột từ nóc,1.0,14,nhà dột từ nóc
Vẫn còn buồn hả bạn???,0.0,22,vẫn còn buồn hả bạn ? ? ?
Bọn khốn,2.0,9,bọn khốn
"10 ngàn nè, 2 chục nè đi đường quyền hông",0.0,41,"10 ngàn nè , 2 chục nè đi đường quyền hông"
em có rùi a ạ :))),0.0,18,em có rùi a ạ : ) ) )
Xem lũ chó cộng sản ko có dân chủ ở nước nó làm gì ở đất nước tự do kìa.😏😏,2.0,74,xem lũ chó cộng_sản không có dân_chủ ở nước nó làm gì ở đất_nước tự_do kìa . 😏 😏
ông đánh ngu người ta chửi ông đánh ngu thì ông nói ngta nói xấu vãi l thật,2.0,75,ông đánh ngu người_ta chửi ông đánh ngu thì ông nói ngta nói_xấu vãi l thật
"Chó là bạn, đéo phải tôi 😂😂",1.0,27,"chó là bạn , đéo phải tôi 😂 😂"
bồi thường 5 củ đc k,0.0,20,bồi_thường 5 củ được không
Trọng tài như cái lòn bóng chạm tay bên cầu thủ thái lan rồi còn không thổi,2.0,75,trọng_tài như cái lòn bóng chạm tay bên cầu_thủ thái lan rồi còn không thổi
b ns mình thấy hài vãi=),0.0,24,b nói mình thấy hài vãi = )
Coi tu chu den khach.met dai qua.noi chui ma deo thay chui toan la quang cao xam lo ko,2.0,86,coi tu chu den khach . met dai qua . noi chui ma deo thay chui toan la quang cao xam lo không
Địt con mẹ bọn khốn nạn,2.0,23,địt con_mẹ bọn khốn_nạn
"Lớn vậy đi fan cu tùng sói, vãi thật, thương yêu nó đc rồi , già đâu fan đứa cháu vãi lờ",1.0,88,"lớn vậy đi fan cu tùng sói , vãi thật , thương_yêu nó được rồi , già đâu fan đứa cháu vãi lờ"
"Mong pháp luật, sử đúng tội. Ko chúng nó cậy có tiền, có quyền coi mạng người như cỏ rác.",1.0,89,"mong pháp_luật , sử đúng tội . không chúng_nó cậy có tiền , có quyền coi mạng người như cỏ rác ."
Nếu bi cháy nổ thì công an phải chịu trách nhiệm bồi thường vô điều kiện,0.0,72,nếu bi cháy nổ thì công_an phải chịu trách_nhiệm bồi_thường vô điều_kiện
đéo phải tiền bọn nó nên nó mới kinh doanh ngu như chó thế. Tiền của nó thì nó đã khác,1.0,86,đéo phải tiền bọn nó nên nó mới kinh_doanh ngu như chó thế . tiền của nó thì nó đã khác
chia buồn cùng gia đình kid cận huyết nghèo hèn sua chill lofi cho đưa bà già kid về nơi an nghỉ,2.0,96,chia buồn cùng gia_đình kid_cận huyết nghèo_hèn sua chill lofi cho đưa bà_già kid về nơi an_nghỉ
xin cái cc,1.0,10,xin cái cc
Lần cuối ông dc dùng facebook đấy,0.0,33,lần cuối ông được dùng facebook đấy
sao mà dùng toàn luật dầu mỏ vậy bóng đá chứ phải sọt rác đâu mà lại dơ đến cái mức này vậy trọng tài :)))))))),1.0,111,sao mà dùng toàn luật dầu_mỏ vậy bóng_đá chứ phải sọt rác đâu mà_lại dơ đến cái mức này vậy trọng_tài : ) ) ) ) ) ) ) )
Thk Hassakon Thái Lan chỉ là một con chó bị giết thịt. Việt Nam sẽ thắng Thái Lan,2.0,81,thk hassakon thái lan chỉ là một con chó bị giết_thịt . việt_nam sẽ thắng thái_lan
Những loại người ăn bẩn rất sống lâu nhưng nhục như chó,2.0,55,những loại người ăn_bẩn rất sống lâu nhưng nhục như chó
Chơi vs nó cho nó đc cái gì mà kêu chơi hết mình :)),0.0,52,chơi với nó cho nó được cái gì mà kêu chơi hết_mình : ) )
Thối nát quá r!!!!!!!!!!!!,1.0,26,thối_nát quá r ! ! ! ! ! ! ! ! ! ! ! !
"Ơ cái địt con mẹ con Vj Chon lon nào vào sủa cái câu ngu ngục vcl =))) mục đích ca sĩ ra bài là để cho khán giả nghe ,thưởng thức. Và các khán giả có quyền nhân xét về sản phẩm đó ? Lại là mấy con fans hâm mộ trẩu tre này",2.0,221,"ơ cái địt con_mẹ con vj chon lon nào vào sủa cái câu ngu ngục vcl = ) ) ) mục_đích ca_sĩ ra bài là để cho khán_giả nghe , thưởng_thức . và các khán_giả có quyền_nhân xét về sản_phẩm đó ? lại là mấy con fans hâm_mộ trẩu tre này"
Vl :)),1.0,6,vl : ) )
"Địt mẹ suốt ngày mị dân ,nâng bi tự sướng",2.0,41,"địt_mẹ suốt ngày mị_dân , nâng bi tự sướng"
xám xí,1.0,6,xám xí
ae bình tĩnh là tôi hỏi,0.0,23,anh_em bình_tĩnh là tôi hỏi
Mẹ cái thằng chó đẻ này mày bắt bóng cũng ngu như một con chó,2.0,61,mẹ cái thằng chó_đẻ này mày bắt bóng cũng ngu như một con chó
Oiiiii nàng công chúa,0.0,21,oiiiii nàng công_chúa
Xin thằng cha già mày,2.0,21,xin thằng_cha già mày
ra luật cứ ăn trộm xe bắn bỏ xem thử trộm nữa ko,0.0,48,ra luật cứ ăn_trộm xe bắn bỏ xem thử trộm nữa không
trẻ trâu biết cái đép gì,1.0,24,trẻ trâu biết cái đép gì
Nguyễn Minh Phương em ngủ luônnn,0.0,32,nguyễn minh phương em ngủ luônnn
Pha ke có đầu tư,0.0,16,pha ke có đầu_tư
Kien Tran có 10 tỷ gì căng =)))))))),0.0,36,kien tran có 10 tỷ gì căng = ) ) ) ) ) ) ) )
ngu thì câm,1.0,11,ngu thì câm
Nên để công Vinh thay ông còn tốt hơn,0.0,37,nên để công vinh thay ông còn tốt hơn
"thật sự ạ , với cái KDa cày thuê này hoàn toàn không thuyết phục tôi, nên tôi đề nghị khởi điểm mức giá bk3 lên kc4 là 10 đồng không lẻ 1 xu vì đéo ai tranh dành đâu",1.0,165,"thật_sự ạ , với cái kda cày thuê này hoàn_toàn không thuyết_phục tôi , nên tôi đề_nghị khởi_điểm mức giá bk3 lên kc4 là 10 đồng không lẻ 1 xu vì đéo ai tranh dành đâu"
mồm kêu là chơi với bạn hết mình nhưng lại bet 800k vào tồ ? bạn bè với loại m thì cũng vãi l bi a,2.0,98,mồm kêu là chơi với bạn hết_mình nhưng lại bet 800k vào tồ ? bạn_bè với loại m thì cũng vãi l bi_a
Con điên xóm đao,2.0,16,con điên xóm đao
"phản động là những đứa dám nói ""xấu"", nói xéo, và nói lên sự thật, đi ngược với đường lối của đoảng và bọn dư lợn viên lương 3 tháng 1 củ ( á nhầm 3 củ 1 tháng)",1.0,160,"phản_động là những đứa dám nói "" xấu "" , nói xéo , và nói lên sự_thật , đi ngược với đường_lối của đoảng và bọn dư lợn viên lương 3 tháng 1 củ ( á nhầm 3 củ 1 tháng )"
Nozza Nguyễn cho mấy câu tiếng anh đi mi,0.0,40,nozza nguyễn cho mấy câu tiếng anh đi mi
Lại bảo ghép :v,0.0,15,lại bảo ghép : v
troussier cút khỏi việt nam,1.0,27,troussier cút khỏi việt_nam
Thằng chó Ngọc đang bưng nồi cơm đã vở và ngồi khóc trong bịnh viện ung bướu vì hít thở không khí ô nhiễm!,2.0,106,thằng chó ngọc đang bưng nồi cơm đã vở và ngồi khóc trong bịnh viện ung_bướu vì hít thở không_khí ô_nhiễm !
Lũ khốn nạn,2.0,11,lũ khốn_nạn
Xin lỗi là xong à con tinh trùng khuyết tật này,2.0,47,xin_lỗi là xong à con tinh_trùng khuyết_tật này
Chi ba khac moi k co cailoncat khong,1.0,36,chi ba khac moi không co cailoncat khong
2 người nói chuyện với co gái chắc là đồng bọn đánh lạc hướng,0.0,61,2 người nói_chuyện với co gái chắc là đồng_bọn đánh lạc hướng
Thanh Mạnh Nguyễn Quang Huy Nguyễn Minh Quân Nguyễn Huy so cái djt tk bà già m :)),2.0,82,thanh mạnh nguyễn quang huy nguyễn minh quân nguyễn huy so cái djt tk bà_già m : ) )
Chó ăn Cức,1.0,10,chó ăn cức
Face r cho tui xin fb trọng tài,0.0,31,face r cho tui xin fb trọng_tài
Một lũ súc sanh lưng dài vai rộng ????,2.0,38,một lũ súc sanh lưng dài vai rộng ? ? ? ?
Bắt như lol,1.0,11,bắt như lol
Bài hát này đang có quảng cáo,0.0,29,bài hát này đang có quảng_cáo
bệnh dịch corona cuvid 19 lai tạo.con giặc  corona cuvid 20 lai tạo. 2 loại này Thuột dạng báo đời,2.0,98,bệnh_dịch corona cuvid 19 lai_tạo . con giặc corona cuvid 20 lai_tạo . 2 loại này thuột dạng báo đời
Rồi mất gì phải nc nhiều. Mà ra khỏi quầy của mình vậy,0.0,54,rồi mất gì phải nc nhiều . mà ra khỏi quầy của mình vậy
love cô <3,0.0,10,love cô < 3
"Thằng ngu ,đầu đất",2.0,18,"thằng ngu , đầu đất"
Thằng điên văn vở câu like rẻ tiền----CÚT,2.0,41,thằng điên văn vở câu like rẻ_tiền - - - - cút
Phúc Báo dịch thì sát đít mà đi du lịch như đéo có chuyện gì rồi mang về Việt Nam đéo hiểu mấy đĩ nhà giàu này,2.0,110,phúc báo dịch thì sát đít mà đi du_lịch như đéo có chuyện gì rồi mang về việt nam đéo hiểu mấy đĩ nhà giàu này
 Why cái l*n mẹ mày,2.0,19,why cái l * n mẹ mày
mày sv đó,2.0,9,mày sv đó
Nguyễn Nghĩa mi lúc mô ko nứng,1.0,30,nguyễn nghĩa mi lúc mô không nứng
Nhìn mặt cụ chắc vào đảng của rằm tháng 7 ^^,0.0,44,nhìn mặt cụ chắc vào đảng của rằm tháng 7 ^ ^
Xin cái lìn dân tao,1.0,19,xin cái lìn dân tao
chia buồn cùng gia đình kid cận huyết sua chill lofi,1.0,52,chia buồn cùng gia_đình kid_cận huyết sua chill lofi
Thôi hoà bình công lý gì? Làm loạn :3,0.0,37,thôi hoà_bình_công_lý gì ? làm_loạn : 3
Gái mẹ m,2.0,8,gái mẹ m
Xin lỗi qq nha,1.0,14,xin_lỗi qq nha
xin cái mả bố m về nè,1.0,21,xin cái mả bố m về nè
Ông biến luôn đi. Loại bảo thủ. Tôi ko giỏi nhưng cũng ko ngu dốt như ông đâu.,2.0,78,ông biến luôn đi . loại bảo_thủ . tôi không giỏi nhưng cũng không ngu_dốt như ông đâu .
Máu lồn của gái Thái nó đố đầy mồm thằng trọng tài này rồi.,2.0,59,máu lồn của gái thái nó đố đầy mồm thằng trọng_tài này rồi .
Quan trọng vẫn là đồng lòng và ý thức,0.0,37,quan_trọng vẫn là đồng_lòng và ý_thức
thằng này nó chơi với tiến bịp hay sao mà nó lại k xanh chín thế ông nhỉ :)),1.0,76,thằng này nó chơi với tiến bịp hay sao mà nó lại không xanh chín thế ông nhỉ : ) )
A vẫn chăm chỉ nayd a vẫn cố găng cho đến khi lỗ đít của a bị mọc đinh 🤧🤧 kiểu vừa đấm vừa xoa .. Rap fofun vc 🤣🤣🤣,1.0,114,a vẫn chăm_chỉ nayd a vẫn cố găng cho đến khi lỗ_đít của a bị mọc đinh 🤧 🤧 kiểu vừa đấm vừa xoa . . rap fofun vc 🤣 🤣 🤣
Hoài Đặng tối em cosplay sion cho ae xem,0.0,40,hoài đặng tối em cosplay sion cho anh_em xem
Tuan Tran Tui thấy nó lặp lại câu chửi hơi nhiều,0.0,48,tuan tran tui thấy nó lặp lại câu chửi hơi nhiều
Nguyễn Kim Chi lây cho khỉ rồi sao. 🤣,0.0,37,nguyễn kim chi lây cho khỉ rồi sao . 🤣
Chuẩn bị bay acc trọng tài,0.0,26,chuẩn_bị bay acc trọng_tài
Còn mẹ nó . bắt được đáp chết mẹ nó đi,2.0,38,còn mẹ nó . bắt được đáp chết mẹ nó đi
Giờ tao thấy hối hận khi vừa nc với 1 con bò,1.0,44,giờ tao thấy hối_hận khi vừa nc với 1 con bò
Xin cai con mẹ mày.,2.0,19,xin cai con_mẹ mày .
Cho hỏi đây la 1 quần hay 2 quần ạ???,0.0,37,cho hỏi đây la 1 quần hay 2 quần ạ ? ? ?
Đấu khẩu - Chim lợn 👍,1.0,21,đấu_khẩu - chim_lợn 👍
đm mày thang chó bán độ,2.0,23,đm mày thang chó bán_độ
Tiến Lê bố m thích đấy đạo đức cl,2.0,33,tiến lê bố m thích đấy đạo_đức cl
Cứ ngỡ là Black widow :)),0.0,25,cứ ngỡ là black widow : ) )
Xl cái loz mụn rr ku,1.0,20,xl cái loz mụn rr ku
Đây là câu nói mà rất nhiều ae muốn gửi gắm tới anh Tiệp :))),0.0,61,đây là câu nói mà rất nhiều anh_em muốn gửi_gắm tới anh tiệp : ) ) )
Cái thần này.gió chieu nao .che chiei đo.khau ngiep.chet ko đau thai,2.0,68,cái thần này . gió chieu nao . che chiei đo . khau ngiep . chet không đau thai
Xin phép copy của bạn,0.0,21,xin phép copy của bạn
Ăn cấp có ngày quả báo,1.0,22,ăn cấp có ngày quả_báo
Con mẹ mày trốn học thầy tao qua đây khịa cái gì đây 😁😁😁,2.0,56,con_mẹ mày trốn học thầy tao qua đây khịa cái gì đây 😁 😁 😁
Mai Lúm có thật k 🙄,0.0,19,mai lúm có thật không 🙄
Mé xem lại đi manh rõ ràng đcm,1.0,30,mé xem_lại đi manh rõ_ràng đcm
Do mẹ nữa nhaaaa các cô chú,0.0,27,do mẹ nữa nhaaaa các cô chú
"Công cha như núi thái sơn, nghĩa mẹ như nước trong nguồn chảy ra, rảnh về phụ mẹ giúp cha, cực kì thuyết phục mả cha chúng mày =)))))",2.0,133,"công cha như núi thái sơn , nghĩa mẹ như nước trong nguồn chảy ra , rảnh về phụ mẹ giúp cha , cực_kì thuyết_phục mả cha chúng_mày = ) ) ) ) )"
"Bọn lừa ưa nặng, quen đưa đít cho nhà nc thông rồi ;))",2.0,54,"bọn lừa ưa nặng , quen đưa đít cho nhà nc thông rồi ; ) )"
Ngay lúc này lun. Sợ quá 😭😭😭,0.0,28,ngay lúc này lun . sợ quá 😭 😭 😭
Hảo hán,0.0,7,hảo hán
Toàn bãi rác công cộng,2.0,22,toàn bãi rác công_cộng
hlv huấn luyện như đầu bòi đá chả sút dc phát loz nào ra hồn,2.0,60,hlv huấn_luyện như đầu bòi đá chả sút được phát loz nào ra_hồn
Link thật,0.0,9,link thật
Mày ko thay đổi thì ko những bị khóa mõm và khóa luôn cả tay mày luôn,1.0,69,mày không thay_đổi thì không_những bị khóa mõm và khóa luôn cả tay mày luôn
Để đây và không nói gì :)),0.0,26,để đây và không nói gì : ) )
nói cl gì z mẹ. Nói mà để ng ta từ chối hiểu hay gì á,1.0,53,nói cl gì z mẹ . nói mà để ng ta từ_chối hiểu hay gì á
Cực kì thuyết phục :*),0.0,22,cực_kì thuyết_phục : * )
Cũng có thế nói là mất hết =)),0.0,30,cũng có thế nói là mất hết = ) )
Thôi xong ăn lol rồi,1.0,20,thôi xong ăn lol rồi
Mấy con chó không làm mà doi có ăn vô tu mà ăn,2.0,46,mấy con chó không làm mà doi có_ăn vô tu mà ăn
Tao địt vk mầy rồi tao sorry mầy chịu không,2.0,43,tao địt vk mầy rồi tao sorry mầy chịu không
mất dạy,1.0,7,mất_dạy
:))) che mặt rồi nhé,0.0,20,: ) ) ) che mặt rồi nhé
5 tỉ tiền bàn phím,0.0,18,5 tỉ tiền bàn_phím
Mẹ tổ mi giờ xin lỗi đc ích chó gì,2.0,34,mẹ tổ mi giờ xin_lỗi được ích chó gì
nó chửi ô đúng quad tôi bênh k nổi,0.0,34,nó chửi ô đúng quad tôi bênh không nổi
Mày ăn tiền người ta chứ có free đéo đâu mà chơi với bời v Mực lz,2.0,65,mày ăn_tiền người_ta chứ có free đéo đâu mà chơi với bời v mực lz
Thu Nguyễn giả vờ hỏi chuyện nè,0.0,31,thu nguyễn giả_vờ hỏi chuyện nè
Tập này cj Lâm Khánh Chi đẹp mà nhìn thấy hiền dễ thương ghê,0.0,60,tập này cj lâm khánh chi đẹp mà nhìn thấy hiền dễ_thương ghê
Một thanh niên rảnh lol cho hay. Dkm nhà mày nó có tiền nó có của nó muốn làm sao nó làm nó ko bỏ ra 500tr nó quyên góp nó kêu gọi quyên góp thì lấy lol đâu ra ng quyên góp thiết nghĩ mày kêu gọi quyên góp thì chắc đk đồng lol nào mà phán loại mày nổi tiếng như nó chắc j đã cho dân đk đồng lol nào . Nên đã ko có cho thì đừng đáp cứt hội đồng rảnh lol,2.0,353,một thanh_niên rảnh lol cho hay . dkm nhà mày nó có tiền nó có của nó muốn làm_sao nó làm nó không bỏ ra 500tr nó quyên_góp nó kêu_gọi quyên_góp thì lấy lol đâu ra ng quyên_góp thiết_nghĩ mày kêu_gọi quyên_góp thì chắc đk đồng lol nào mà phán loại mày nổi_tiếng như nó chắc gì đã cho dân đk đồng lol nào . nên đã không có cho thì đừng đáp cứt hội_đồng rảnh lol
Đánh như cái đb Dcu m,2.0,21,đánh như cái đb dcu m
Ai có nhóm bóng đá của thailan k. Sang chúc mừng nước bạn mua trọng tài thành công,0.0,82,ai có nhóm bóng_đá của thailan k . sang chúc_mừng nước bạn mua trọng_tài thành_công
Chạy đâu cho thoát nếu CA tích cực điều tra.,0.0,44,chạy đâu cho thoát nếu ca tích_cực điều_tra .
Cực kỳ thuyết phục anh êi,0.0,25,cực_kỳ thuyết_phục anh êi
bán thì kh lo .. cứ nhiều chuyện,0.0,32,bán thì kh lo . . cứ nhiều chuyện
Dell cần m xl,1.0,13,dell cần m xl
😞,0.0,1,😞
Mai koo dc lam fan cung :<,0.0,26,mai koo được lam fan cung : <
Má trọng tài như bull shit,2.0,26,má trọng_tài như bull shit
lên xem live đánh thế nào=)) 3 game 2 game bú rank bkim hài vkl,0.0,63,lên xem live đánh thế_nào = ) ) 3 game 2 game bú rank bkim hài vkl
"ô nhiễm ở cái thành phố Hôi Chết Mẹ thì nó bảo là sương mù xuất hiện đẹp như Đà Lạt thứ hai, còn ở Hà Nội chắc đẹp như Sapa, ờ thì Đà Lạt với Sapa nhé",1.0,150,"ô_nhiễm ở cái thành_phố hôi chết mẹ thì nó bảo là sương_mù xuất_hiện đẹp như đà lạt thứ hai , còn ở hà_nội chắc đẹp như sapa , ờ thì đà_lạt với sapa nhé"
Người j đâu mà chưởi người Việt NAM MÌNH trưởi người ta quá trời ĐÚNG LÀ BÃ CHƯA THẤY QUAN TÀI CHƯA ĐỔ LỆ,1.0,105,người gì đâu mà chưởi người việt nam mình trưởi người_ta quá trời đúng là bã chưa thấy quan_tài chưa đổ lệ
Khốn nan. Súc vật.,2.0,18,khốn nan . súc_vật .
"hầu tòa kiểu gì b, b hiểu quỳ trình để đem ai đó ra hầu tòa ko, ko cần nói đích danh, nhưng ai cũng hiểu là đang nói rách 5 củ thể mới tài, còn như idol, b ngoài status ra thì có cái vốn liếng gì ngoài trẻ trâu đâu, ca sĩ có tên tuổi mà … Xem thêm",1.0,247,"hầu_tòa kiểu gì b , b hiểu quỳ trình để đem ai đó ra hầu_tòa ko , không cần nói đích_danh , nhưng ai cũng hiểu là đang nói rách 5 củ_thể mới tài , còn như idol , b ngoài status ra thì có cái vốn_liếng gì ngoài trẻ trâu đâu , ca_sĩ có tên_tuổi mà … xem thêm"
Bởi dừa lờ t lắm cho chừa cái tật chơi dọng cha dọng mẹ rồi bị chặt :)))))),1.0,75,bởi dừa lờ t lắm cho chừa cái tật chơi dọng cha dọng mẹ rồi bị chặt : ) ) ) ) ) )
Thảo NG thua tại dốt av qa :v,0.0,29,thảo ng thua tại dốt av qa : v
Mê trai đầu thai vẫn còn mê,0.0,27,mê trai đầu_thai vẫn còn mê
đừng tự biến mình thành nạn nhân nữa trời ạ,0.0,43,đừng tự biến mình thành nạn_nhân nữa trời ạ
Nguyễn Chất quả ti vi hỏng làm như đúng rồi,0.0,43,nguyễn chất quả ti_vi hỏng làm như đúng rồi
Tham nhũng hèn gì chúng nó giàu thế,1.0,35,tham_nhũng hèn_gì chúng_nó giàu_thế
Ngô Sĩ Phú ở nhà đi bạn eh,0.0,26,ngô_sĩ phú ở nhà đi bạn eh
Thằng trọng tài xúc nô,2.0,22,thằng trọng_tài xúc nô
Noctune huyết trượng đầu à :))?,0.0,31,noctune huyết trượng đầu à : ) ) ?
"t thấy lần nào nó chả lên tiếng :))) toàn nói lấp lửng làm ng bị hại, lấy luật sư ra hù thiên hạ, lấy niềm tin của tụi fan. Rẻ Rách",1.0,131,"t thấy lần nào nó chả lên_tiếng : ) ) ) toàn nói lấp_lửng làm ng bị hại , lấy luật_sư ra hù thiên_hạ , lấy niềm tin của tụi fan . rẻ rách"
Thằng chó ăn hại bất tài,2.0,24,thằng chó ăn_hại bất_tài
nói như mửa vào dái t âhhahah,1.0,29,nói như mửa vào dái t_âhhahah
kda thì toàn âm lính thì ko có game nào fam gần bằng time =)),0.0,61,kda thì toàn âm lính thì không có game nào fam gần bằng time = ) )
Ngu thì thua khóc lóc cái l,1.0,27,ngu thì thua khóc_lóc cái l
Sao chúng mày ko nhịn tham ô cửa quyền đi .,2.0,43,sao chúng_mày không nhịn tham_ô cửa_quyền đi .
Khá tú,0.0,6,khá tú
Cave mãi là Cave thôi,1.0,21,cave mãi là cave thôi
có thời luôn ha,0.0,15,có thời luôn ha
Não chó,1.0,7,não chó
chả tk nào già đầu mà nc kiểu nguu như m Tao nói thật Bớt sỹ,2.0,60,chả tk nào già đầu mà nc kiểu nguu như m tao nói thật bớt_sỹ
"H mới xem clip của 2 ông var nhau, 2 bố chơi game đều toxic như nhau nhma phải công nhận thẳng thắn là sau cái này đ ưa nổi th quyền kalis thật, kiểu đm cùn thì nhất mà cùng nghề với nhau bẩn tính thật @@",2.0,204,"h mới xem clip của 2 ông var nhau , 2 bố chơi game đều toxic như nhau nhma phải công_nhận thẳng_thắn là sau cái này đ ưa nổi th quyền kalis thật , kiểu đm cùn thì nhất mà cùng nghề với nhau bẩn tính thật @ @"
đkm đứa nào bảo idol trần dần t mắc covid đấy :v,1.0,55,đkm đứa nào bảo idol trần dần t mắc covid đấy : v
Vcl ạ,1.0,5,vcl ạ
"ông nói thấm vãi l , đống cứt biết bay chả dám phản bác kkk",1.0,59,"ông nói thấm vãi l , đống cứt biết bay chả dám phản_bác kkk"
Trọng tài chắc được mua rồi.Thái Lan nhìu tiền mà.,0.0,50,trọng_tài chắc được mua rồi . thái lan nhìu tiền mà .
Bọn giàu mà mang thua người nghèo nửa đm chán quá,1.0,49,bọn giàu mà mang thua người nghèo nửa đm chán quá
Bọn chống cộng đã già còn sợ chết,2.0,33,bọn chống cộng đã già còn sợ chết
Tham nhũng hèn gì chúng nó giàu thế,1.0,35,tham_nhũng hèn_gì chúng_nó giàu_thế
Đăng Ninh ke me m,2.0,17,đăng ninh ke me m
Xong trận này trọng tài nên đổi nghề đi,0.0,39,xong trận này trọng_tài nên đổi nghề đi
Linda là nhất minh hiếu là nhì hihi,0.0,35,linda là nhất minh hiếu là nhì hihi
"Hình như đằng sau là chữ hotel, bỏ qua bước hôn má luôn ấy chứ 😂",0.0,64,"hình_như đằng sau là chữ hotel , bỏ_qua bước hôn má luôn ấy chứ 😂"
chưa gì cmt đã nói người khác học c2 đâu phải anh nhóc ác như em đâu mà c2 nói chuyện là biết đéo ra gì còn toả ra lịch sự,1.0,122,chưa gì cmt đã nói người khác học c2 đâu phải anh nhóc ác như em đâu mà c2 nói_chuyện là biết đéo ra gì còn toả ra lịch_sự
Lữ bố cao bằng chất quá🙄,0.0,24,lữ bố cao bằng chất quá 🙄
Thầy ba dơ lắm cô ơi,1.0,20,thầy ba dơ lắm cô ơi
Cúp cái địt con mm ah…,2.0,22,cúp cái địt con mm ah …
"đấy, cái địt mẹ cái bọn thành phố cứ đòi bình đẳng chuyện cộng điểm đi, sao chúng mày không về đây sống thử đi hộ tao cái\",2.0,122,"đấy , cái địt_mẹ cái bọn thành_phố cứ đòi bình_đẳng chuyện cộng điểm đi , sao chúng_mày không về đây sống thử đi hộ tao cái \"
"Mấy con đĩ chửi chị này có tìm hiểu không vậy? Bả chửi người ta bả sai nhưng trước đó bà 3 vàng mã thiếu nợ bả, kêu bả chửi người ta, ko chửi thì ko trả tiền. Bày đặt kêu khẩu nghiệp, mấy con đĩ hay kêu khẩu nghiệp là mấy con sống chó nhất ấy :)))",2.0,247,"mấy con đĩ chửi chị này có tìm_hiểu không vậy ? bả chửi người_ta bả sai nhưng trước đó bà 3 vàng_mã thiếu nợ bả , kêu bả chửi người_ta , không chửi thì không trả tiền . bày_đặt kêu_khẩu nghiệp , mấy con đĩ hay kêu_khẩu nghiệp là mấy con sống chó nhất ấy : ) ) )"
Đúng là xem mâý clip nây không tha cho nó đůöc nhìn cái mõm nó góm quá,1.0,70,đúng là xem mâý clip nây không tha cho nó đůöc nhìn cái mõm nó góm quá
Địt cái con cụ m bắt như cái lồn,2.0,32,địt cái con cụ m bắt như cái lồn
Kkk,0.0,3,kkk
Xin an cút,1.0,10,xin an cút
Jasmine Bui tứ quý nào cũng chặt đc đôi heo hết,0.0,47,jasmine bui tứ_quý nào cũng chặt được đôi heo hết
Oanh Võ việc học rất quan trọng bé ạ. Học để biết tư duy đúng sai kkkk,0.0,70,oanh võ việc học rất quan_trọng bé ạ . học để biết tư_duy đúng sai kkkk
Đéo làm even nho nhỏ giải nghiệp đi abe :)),1.0,43,đéo làm even nho_nhỏ giải_nghiệp đi abe : ) )
Rồi pháp luật. Công an. Chính quyền lm nhưng việc gì mà để tụi nó lộng hành như vậy,0.0,83,rồi pháp_luật . công_an . chính_quyền lm nhưng việc gì mà để tụi nó lộng_hành như_vậy
Mom cho ko moc dc nga Voi,1.0,25,mom cho không moc được nga voi
tị tào lao,1.0,10,tị tào_lao
Acc fake mấy ba ơi,0.0,18,acc fake mấy ba ơi
mẹ cho ăn cơm chứ có cho ăn cức đâu mà bênh ido nguuu v con con gái ngta nói v cho khôn đó con,2.0,94,mẹ cho ăn cơm chứ có cho ăn cức đâu mà bênh ido nguuu v con con_gái ngta nói v cho khôn đó con
Lũ an không làm biếng đi chiếm đoạt tài sản của người khác là trời tru đất diệt,2.0,79,lũ an không làm_biếng đi chiếm_đoạt tài_sản của người khác là trời tru đất_diệt
Tại sao K-ICM được coi là ca sĩ !!!!,0.0,36,tại_sao k - icm được coi là ca_sĩ ! ! ! !
"Nói tóm lại là thời gian này A chung đang bị ngáo đá nên toàn nói lung tung, hầu như phát biểu không có chuẩn mực ))) Thương cho Dân thủ đô có người đứng đầu vô liêm sỉ ......... Tốt nhất cho A í vào trại cai tiền thôi kkkkkkkk",1.0,227,"nói tóm_lại là thời_gian này a chung đang bị ngáo đá nên toàn nói lung_tung , hầu_như phát_biểu không có chuẩn_mực ) ) ) thương cho dân thủ_đô có người đứng đầu vô liêm_sỉ ... ... ... tốt nhất cho a í vào trại cai tiền thôi kkkkkkkk"
Hay lắm 35 ng rồi cbi hỏng rồi đang cănng mà vẫn chưa cho các cháu thpt nghỉ,0.0,76,hay lắm 35 ng rồi cbi hỏng rồi đang cănng mà vẫn chưa cho các cháu thpt nghỉ
Làm cho tới lun Jack ơi,0.0,23,làm cho tới lun jack ơi
Ng Tuấn Châu uầy gắt vđ,1.0,23,ng tuấn châu uầy gắt vđ
Mực lên bài đi kèo vs Vayne đi anh,0.0,34,mực lên bài đi kèo với vayne đi anh
xin lỗi mẹ mày,2.0,14,xin_lỗi mẹ mày
ai dám khinh thường anh tài t ,0.0,30,ai dám khinh_thường anh tài t
Trang mình có đồ xinh ạ,0.0,23,trang mình có đồ xinh ạ
chứ ko phải sợ bị khui ra những bí mật động trời mà ắt đang cố giấu ư =)),0.0,73,chứ không phải sợ bị khui ra những bí_mật động_trời mà ắt đang cố giấu ư = ) )
Hồ Vy thề y chang =)))),0.0,23,hồ vy thề y chang = ) ) ) )
Xin vĩnh biệt trọng tài fb của trọng tài ko còn đc lâu đâu,0.0,58,xin vĩnh_biệt trọng_tài fb của trọng_tài không còn được lâu đâu
Dep wa,0.0,6,dep wa
Nghèo còn gặp cặn bã,2.0,20,nghèo còn gặp cặn_bã
"Công an lên làm thủ tướng nên se ra luật có lợi cho bọn công an. Luật sư cái chó gì ở VN. Tòa án nó muốn thì nó mời. Ghét thì nó đuổi chạy như chó. Ngoan ngoãn nghe lời thì Luật sư có cháo húp, không nghe lời nó đánh trào máu như vụ 2 luật sư bị đánh. Ai đánh đây?",1.0,264,"công_an lên làm thủ_tướng nên se ra luật có lợi cho bọn công_an . luật_sư cái chó gì ở vn . tòa_án nó muốn thì nó mời . ghét thì nó đuổi chạy như chó . ngoan_ngoãn nghe lời thì luật_sư có cháo húp , không nghe lời nó đánh trào máu như vụ 2 luật_sư bị đánh . ai đánh đây ?"
Tôi thấy cô này xôi ngon!,0.0,25,tôi thấy cô này xôi ngon !
Kon mẹ nó riết tụi công an này nó điên rồi,2.0,42,kon mẹ nó riết tụi công_an này nó điên rồi
chết cụ nội m đi,2.0,16,chết cụ nội m đi
Xong rồi hết đường,0.0,18,xong rồi hết đường
"Thoát sao được lưới trời ,thời 4.0 rồi mà vẫn trộm cướp ,ngày xưa 5 năm 10 năm người ta vẫn điều tra ra được bây giờ chỉ phút mốt là toi",0.0,136,"thoát sao được lưới trời , thời 4.0 rồi mà vẫn trộm_cướp , ngày_xưa 5 năm 10 năm người_ta vẫn điều_tra ra được bây_giờ chỉ phút mốt là toi"
Chó chết,1.0,8,chó_chết
Óc chó,1.0,6,óc chó
Xin xin cái th cha m à,2.0,22,xin xin cái th cha m à
"Lộ đoạn ghi âm Rách xin beat VR kìa ở đó mà làm việc công với chả tâm uy tín với danh dự , tự ái nhột rồi đăng bài làm việc để lùa gà với fan",0.0,141,"lộ đoạn ghi_âm rách xin beat vr kìa ở đó mà làm_việc công với chả tâm uy_tín với danh_dự , tự_ái nhột rồi đăng bài làm_việc để lùa gà với fan"
bọn nó hại người là vậy nhưng nếu có lỡ làm gì tụi nó đau cái là công an lại bắt mình bỏ tù.,0.0,92,bọn nó hại người là vậy nhưng nếu có lỡ làm gì tụi nó đau cái là công_an lại bắt mình bỏ_tù .
chiu,0.0,4,chiu
Bọn khốn nạn sẽ có ngày gặp ma,2.0,30,bọn khốn_nạn sẽ có ngày gặp ma
Người ta có chồng có con thơ dại.,0.0,38,người_ta có chồng có con_thơ_dại .
Chưa cạo râu kìa con bóng Lông xiên,2.0,35,chưa cạo râu kìa con bóng lông xiên
Cho em hỏi cô chuyển giới chưa ạ,0.0,32,cho em hỏi cô chuyển giới chưa ạ
Hiếu Bến Tre lũ người haha là cặn bã,2.0,36,hiếu bến tre lũ người haha là cặn_bã
ôi fake,1.0,7,ôi fake
Nói đéo ngoa thì cái xh này nát vcl rồi ế 😕😕😕,1.0,45,nói đéo ngoa thì cái xh này nát vcl rồi ế 😕 😕 😕
Vâng chỉ có ở VN.... 1 đất nước tự do ngôn luận là thứ xa sĩ.... vãi VN...,1.0,74,vâng chỉ có ở vn ... . 1 đất_nước tự_do ngôn_luận là thứ xa sĩ ... . vãi vn ...
"Lít xăng, cây kẹo, gạo, nước uống ... mày đang đống thế cả đấy thằng trẩu nhi ! Nói chuyện mở mồm đéo, đm, ngứa háng - văn hóa lắm cơ.",2.0,134,"lít xăng , cây kẹo , gạo , nước uống ... mày đang đống thế cả đấy thằng trẩu nhi ! nói_chuyện mở mồm đéo , đm , ngứa háng - văn_hóa lắm cơ ."
Lỗi con cặc bộ mặt hãm lồnnnnnn,2.0,31,lỗi con cặc bộ_mặt hãm lồnnnnnn
Thuỳ Trang Kokkai Pham :)))),0.0,28,thuỳ trang kokkai pham : ) ) ) )
Chán thật,0.0,9,chán thật
Sao luật sư Nguyễn Anh Thơm xóa hết bài về bé rồi ạ? Khóa commnet hay luật sự ko bào chữa nữa,0.0,93,sao luật_sư nguyễn anh thơm xóa hết bài về bé rồi ạ ? khóa commnet hay luật sự không_bào_chữa nữa
ĐM thằng thớt page này đúng là thánh tổ lái kiểu đéo gì nó cũng quay đc.Phi tên lửa bằng mõm ít thui k đang Lái Trên Đường bom nổ chết mẹ mày đấy.,2.0,146,đm thằng thớt page này đúng là thánh tổ lái kiểu đéo gì nó cũng quay đc . phi tên_lửa bằng mõm ít thui không đang lái trên đường bom nổ chết mẹ mày đấy .
"m chửi cho cố zô kêu việt nam thua rồi giờ xin lỗi có lòng tự trọng quá ha , ăn tiền cho cố lúc gần hết trận xin lỗi , làm đc thì làm ko thì nghỉ",1.0,145,"m chửi cho cố zô kêu việt nam thua rồi giờ xin_lỗi có lòng tự_trọng quá ha , ăn_tiền cho cố lúc gần hết trận xin_lỗi , làm được thì làm không thì nghỉ"
Vô chửi nó,1.0,10,vô chửi nó
thẻ đỏ đi trọng tài,0.0,19,thẻ_đỏ đi trọng_tài
top mạnh nhất là cái gig,0.0,24,top mạnh nhất là cái gig
"Nguyễn Hồng Phúc má, nghỉ làm trọng tài đi, trọng tài như cứt :)))",2.0,66,"nguyễn hồng phúc má , nghỉ làm trọng_tài đi , trọng_tài như cứt : ) ) )"
"Thử trộm xe của ngân hàng hay tiệm vàng coi, trưa nó trộm chiều bị lụm liền, cần dân đen á. Mua chiếc mới đi e",0.0,110,"thử trộm xe của ngân_hàng hay tiệm vàng coi , trưa nó trộm chiều bị lụm liền , cần dân đen á . mua chiếc mới đi e"
Cảnh giác Chim moi,0.0,18,cảnh_giác chim moi
Bởi vậy Xh ngày càng vô cảm,0.0,27,bởi_vậy xh ngày_càng vô_cảm
"Mo mom ra biet ngu.nghi sao dung tu nhin,",1.0,41,"mo mom ra biet ngu . nghi sao dung tu nhin ,"
ai biết cày thuê là gì đâu ní,0.0,29,ai biết cày thuê là gì đâu ní
Con gia nay sao ra duong duong xe no tong chet me duoi gam xe,2.0,61,con gia nay sao ra duong duong xe no tong chet me duoi gam xe
Nhìn mặt con chó này biết ngu rồi,2.0,33,nhìn mặt con chó này biết ngu rồi
Tôi Thích Chú P. Anh giúp đỡ cho nhiều người ngèo. Còn DMCS. Đéo làm được con cặc gì hết toàn là làm mầu thôi,2.0,109,tôi thích chú p . anh giúp_đỡ cho nhiều người ngèo . còn dmcs . đéo làm được con cặc gì hết toàn là làm mầu thôi
Tiền mà k xem trọng sau này không có cháu mà húp,0.0,48,tiền mà không xem_trọng sau_này không có cháu mà húp
Loại này phải cách ly vĩnh viễn,1.0,31,loại này phải cách_ly vĩnh_viễn
thầy của tụi bay nè,0.0,19,thầy của tụi bay nè
"Anh Nhi mày cũng thuộc thể loại vi khuẩn, vi rút đó hả. Mày ch.ết mịa mày nè",2.0,76,"anh nhi mày cũng thuộc thể_loại vi_khuẩn , vi rút đó hả . mày ch . ết mịa mày nè"
Kể cả mở nắp bồn cầu cũng nên đái nhẹ nhàng và thanh lịch thôi. Đm rớt vài giọt ra mép bồn cầu t nhìn mà tức nhức nách,1.0,118,kể_cả mở nắp bồn_cầu cũng_nên đái nhẹ_nhàng và thanh_lịch thôi . đm rớt vài giọt ra mép bồn_cầu t nhìn mà tức nhức nách
công kích z 3,0.0,13,công_kích z 3
"công nghệ làm sạch môi trường của nhật cản trở tham nhũng của công chức búa liềm, đúng là chuyện hài nhà sản",1.0,108,"công_nghệ làm sạch môi_trường của nhật cản_trở tham_nhũng của công_chức búa liềm , đúng là chuyện hài nhà_sản"
ghê dữ d. Có giỏi m đi táp hết mấy ng trong cmt để bênh con bạn m đi . T ủng hộ đó,1.0,82,ghê dữ d . có giỏi m đi táp hết mấy ng trong cmt để bênh con bạn m đi . t ủng_hộ đó
"J97 bị ổn lào mà nhận vơ hả, ăn cắp công sức ngkhac ko biết ngại thì chịu r :)))",2.0,80,"j97 bị ổn lào mà nhận_vơ hả , ăn_cắp công_sức ngkhac không biết ngại thì chịu r : ) ) )"
Trẻ trâu đó =))),0.0,16,trẻ trâu đó = ) ) )
 sáng tỏ chưa ?,0.0,15,sáng_tỏ chưa ?
Bỏ tật n chuyện với ng lạ,0.0,25,bỏ tật n chuyện với ng lạ
Thần kinh tọa,0.0,13,thần_kinh_tọa
"J97 nhà bọn m hiền đéo j , có vụ gì thì chả tap lại , t coi nó hiền đéo đâu , đăng bên trang cá nhân , stt đó ngay sau khi video của viruss xem video âm nhạc của jack , đéo phải bóng gió mà nói thẳng là kiếm tiền ít nên kiếm fame , có nhận thức về đọc hiểu thì về đọc lại đi nhé , bóng gió đéo gì . Nên nhớ vụ k hồi âm là đến bây giờ mới liên hệ chứ k phải lúc đó . Gặp trực tiếp ngta , ng lớn đéo j lên viết stt . Nhắc lại là t đéo phải fan 2 ng . T cũng đang mong bọn não ngắn như chúng m vào cắn viruss để t hóng tiếp",1.0,520,"j97 nhà bọn m hiền đéo gì , có vụ gì thì chả tap lại , t coi nó hiền đéo đâu , đăng bên trang cá_nhân , stt đó ngay sau khi video của viruss xem video âm_nhạc của jack , đéo phải bóng_gió mà nói_thẳng là kiếm tiền ít nên kiếm fame , có nhận_thức về đọc hiểu thì về đọc lại đi nhé , bóng_gió đéo gì . nên nhớ vụ không hồi_âm là đến bây_giờ mới liên_hệ chứ không phải lúc đó . gặp trực_tiếp ngta , ng lớn đéo gì lên viết stt . nhắc lại là t đéo phải fan 2 ng . t cũng đang mong bọn não ngắn như chúng m vào cắn viruss để t hóng tiếp"
"Chỉ bán xôi . Chỉ noi chuyện về xôi , mua hoặc không . Nói gì mà lắm thế , bàn về kinh tế chính trị hả . Thấy trai là tươm tướp à",0.0,129,"chỉ bán xôi . chỉ noi chuyện về xôi , mua hoặc không . nói gì mà lắm thế , bàn về kinh_tế chính_trị hả . thấy trai là tươm tướp à"
3 thằng tồi Chúng mày làm xấu mặt đàn ông bọn tao ra,0.0,52,3 thằng tồi chúng_mày làm xấu mặt đàn_ông bọn tao ra
"đền cái cc nhá, vào nước ng ta phá hoại, dân đéo đồng ý nhá, chỉ có tay sai cho tàu đồng ý cho vào thôi. Cút hết về nước",1.0,120,"đền cái cc nhá , vào nước ng ta phá_hoại , dân đéo đồng_ý nhá , chỉ có tay_sai cho tàu đồng_ý cho vào thôi . cút hết về nước"
hhhh ai vả hâhhh t cười ẻ làm trò hề à,0.0,38,hhhh ai vả hâhhh t cười ẻ làm_trò_hề à
Tốt nhất là giết bỏ đi vài thành phần óc chó đó là vừa,1.0,54,tốt nhất là giết bỏ đi vài thành_phần óc chó đó là vừa
Cho chừa cái tội me trai nha em thấy trai cái sắp sắp vô nha kkkk,0.0,65,cho chừa cái tội me trai nha em thấy trai cái sắp sắp vô nha_kkkk
Ad page này có quan tâm gì đâu. Chỉ quan tâm nói đểu nói xoáy thôi mà. Đm ad,1.0,76,admin page này có quan_tâm gì đâu . chỉ quan_tâm nói đểu nói xoáy thôi mà . đm admin
T đang nhìn clgv 🙂,1.0,18,t đang nhìn clgv 🙂
top dog nhé,1.0,11,top dog nhé
Xin cái con mẹ mày,1.0,18,xin cái con_mẹ mày
Philippe Troussier bách nhục,1.0,28,philippe troussier bách nhục
cứ lo soi mói ngta xem lại con ny mày đang bị ngta nút lưỡi kìa thằng ngu..ngta đăng bài bán acc có biết đọc chữ éo đâu mà cmt ...cái thứ học ko tới nơi tới chốn,2.0,161,cứ lo soi_mói ngta xem_lại con ny mày đang bị ngta nút lưỡi kìa thằng ngu . . ngta đăng bài bán acc có biết đọc chữ éo đâu mà cmt ... cái thứ học không tới nơi tới_chốn
". Tìm hiểu dùm mình nhen bạn, ko phải cứ tây ăn cứt thì ta cũng ăn cứt nhen !",1.0,77,". tìm_hiểu dùm mình nhen bạn , không phải cứ tây ăn cứt thì ta cũng ăn cứt nhen !"
Hanh Le happy story,0.0,19,hanh le happy story
Sắp tự kỉ vì quá mệt mỏi thì gặp ngay quả ảnh đéo đỡ nổi 🙂,1.0,58,sắp tự kỉ vì quá mệt_mỏi thì gặp ngay quả ảnh đéo đỡ nổi 🙂
Nhà nàng ở cạnh nhà tui,0.0,23,nhà nàng ở cạnh nhà tui
"Hanh Viet ở nhà giúp mẹ giúp cha , ở đây soi soi mã cha chúng mày :))",2.0,69,"hanh viet ở nhà giúp mẹ giúp cha , ở đây soi soi mã cha chúng_mày : ) )"
Chơi gêm mà rên ác thiệt chứ,0.0,28,chơi gêm mà rên ác thiệt chứ
Loại này phải cách ly vĩnh viễn,1.0,31,loại này phải cách_ly vĩnh_viễn
Nó thích mình nó đã yêu cmm luôn chứ bắt m đợi làm lồn gì. Đợi chỉ là lí do để nó tìm xem có kèo nào ngon hơn không thôi,1.0,120,nó thích mình nó đã yêu cmm luôn chứ bắt m đợi làm lồn gì . đợi chỉ là lí_do để nó tìm xem có kèo nào ngon hơn không thôi
phải thầy k ta,0.0,14,phải thầy không ta
idol của tui,0.0,12,idol của tui
Người dân Việt Nam ko dư tiền đâu mấy ông VFF,0.0,45,người dân việt nam không dư tiền đâu mấy ông vff
ê cu. Đang chửi nhau lôi bắc kì vậy hả thằng con nít. Tiếng việt còn đéo sõi bày đặt nói tiếng anh :)) nhóc con,1.0,111,ê_cu . đang chửi nhau lôi bắc kì vậy hả thằng con_nít . tiếng việt còn đéo sõi bày_đặt nói tiếng anh : ) ) nhóc_con
Thằng ngu,2.0,9,thằng ngu
Nice,0.0,4,nice
2 ngày r mà toà đâu chưa thấy,0.0,29,2 ngày r mà toà đâu chưa thấy
thằng cu này nó cay lắm òi bro :))) loạn ngôn chuyển dần qua phân biệt ae nam bắc rồi. trong khi t ở Sài Gòn. gốc sg :))),0.0,121,thằng cu này nó cay lắm òi bro : ) ) ) loạn_ngôn chuyển dần qua phân_biệt anh_em nam bắc rồi . trong khi t ở sài_gòn . gốc sg : ) ) )
mong rách vượt qua bão tố mà ko thêm rách nhé,1.0,45,mong rách vượt qua bão_tố mà không thêm rách nhé
thấy bị cắn chưa,1.0,16,thấy bị cắn chưa
"Theo ý thằng ad là: cứ hùng hồn qua trung quốc mà bảo: mày xả đập cho tao, ko tao sẽ ném boom mày. Ad mộng du",2.0,125,"theo ý thằng admin là : cứ hùng_hồn qua trung quốc mà bảo : mày xả đập cho tao , không tao sẽ ném boom mày . admin mộng_du"
"Giá xăng rẻ hơn vài ngàn đồng, thu nhập cá nhân thì thấp hơn vài ngàn đô, thiên đường XHCN",0.0,90,"giá xăng rẻ hơn vài ngàn đồng , thu_nhập cá_nhân thì thấp hơn vài ngàn đô , thiên_đường xhcn"
Rank bk mà cày thuê có vẻ khổ z -.- cần trình Lb kéo k -.-,0.0,58,rank bk mà cày thuê có vẻ khổ z - . - cần trình lb kéo không - . -
"Đàn ông ai chả thích vk sạch sẽ gọn gàng thơm tho, rồi hồng hào, đàn bà còn muốn nữa là đàn ông, bà nào hôi viêm ngứa ngáy rồi chỗ đó rộng thì mua viên đặt chỗ shop Trang Lê này vừa sạch sẽ mà khít thơm, ck hôn hít bên dưới đỡ ngại ngùng ,mà chỉ có sướng rên cả hai thôi",0.0,270,"đàn_ông ai chả thích vk sạch_sẽ gọn_gàng thơm_tho , rồi hồng_hào , đàn_bà còn muốn nữa là đàn_ông , bà nào hôi viêm ngứa_ngáy rồi chỗ đó rộng thì mua viên đặt chỗ shop trang lê này vừa sạch_sẽ mà khít thơm , ck hôn_hít bên dưới đỡ ngại_ngùng , mà chỉ có sướng rên cả hai thôi"
"Ý thức người Văn Minh có khác , cao chót vót đéo với nổi .",1.0,58,"ý_thức người văn_minh có khác , cao chót_vót đéo với nổi ."
"Đã giữ lâu, phạt lại cao, thu tiền bãi, đem xe đi sửa nữa thì bằng tiền mua mới",0.0,79,"đã giữ lâu , phạt lại cao , thu tiền bãi , đem xe đi sửa nữa thì bằng tiền mua mới"
Cái bọn này chỉ muốn ngồi mát mà ăn bát vàng này mà bắt được nên cho vào tù mọt gông luôn!,1.0,90,cái bọn này chỉ muốn ngồi mát mà ăn bát vàng này mà bắt được nên cho vào tù mọt_gông luôn !
 Đạo thiên lý thì nghe bài memories của Maroon 5 bé nhé,0.0,55,đạo thiên_lý thì nghe bài memories của maroon 5 bé nhé
đần quá em à,1.0,12,đần quá em à
Đánh thì gà đtc đồ ha =)),1.0,25,đánh thì gà đtc đồ ha = ) )
"AE THẤY HAY THÌ CHO XIN 1 ĐĂNG KÝ KÊNH Ạ,,,CẢM ƠN",0.0,49,"anh_em thấy hay thì cho xin 1 đăng_ký kênh ạ , , , cảm_ơn"
Sory cái địt mẹ nhà m bắt bẩn như cc loại m sứng đáng bú cú bố m,2.0,64,sory cái địt_mẹ nhà m bắt bẩn như cc loại m sứng đáng bú cú bố m
Xin lỗi mà được à???,0.0,20,xin_lỗi mà được à ? ? ?
cút ngay về nước ông đi,1.0,23,cút ngay về nước ông đi
Hai Vu trong truyền thuyết đây hả :))),0.0,38,hai vu trong truyền_thuyết đây hả : ) ) )
Ri cái đị mẹ mày fake,2.0,21,ri cái đị mẹ mày fake
Bắt ngu như chó,1.0,15,bắt ngu như chó
"Lúc trước không biết page nào có share cmt các thứ, ông thầy nói chuyện ngu vl. Đang tranh luận thì xóa cmt, xong bảo nó phát ngôn bừa bãi, tag người này người khác vào làm chứng để lập biên bản. Trong khi mọi người hỏi nó nói gì thì kêu nó nói bậy nên xóa cmt, chưa kịp chụp ảnh. :v",1.0,283,"lúc trước không biết page nào có share cmt các thứ , ông thầy nói_chuyện ngu vl . đang tranh_luận thì xóa_cmt , xong bảo nó phát_ngôn bừa_bãi , tag người này người khác vào làm_chứng để lập biên_bản . trong khi mọi người hỏi nó nói gì thì kêu nó nói bậy nên xóa_cmt , chưa kịp chụp ảnh . : v"
"Vậy mà mày nói tiếng VN, đẻ ra tại VN đấy ad chó ah",2.0,51,"vậy_mà mày nói tiếng vn , đẻ ra tại vn đấy admin chó ah"
"Đm trang này phản động mọi người ạ. THP là doanh nghiệp nhà nước làm gì có chuyện sai trái bao giờ, bọn nó đào bùn lấy cặn đấy.",2.0,127,"đm trang này phản_động mọi người ạ . thp là doanh_nghiệp nhà_nước làm gì có chuyện sai_trái bao_giờ , bọn nó đào bùn lấy cặn đấy ."
bố mẹ sẽ tự hào lắm khi con sẽ đi hâm mộ một đứa bỏ con =)),1.0,59,bố_mẹ sẽ tự_hào lắm khi con sẽ đi hâm_mộ một đứa bỏ con = ) )
giống abe,0.0,9,giống abe
Em khuyên thầy:,0.0,15,em khuyên thầy :
Nghĩa Nguyễn dễ toang lắm,0.0,25,nghĩa nguyễn dễ toang lắm
về 572 gia định mà đòi đất ....kkkkkk..già mà ngu vl,1.0,52,về 572 gia định mà đòi đất ... . kkkkkk . . già mà ngu vl
"Jack và công ty J97 đang rất thiện chí trong việc liên hệ, làm rõ thông tin sai lệch vừa qua từ phía ViruSs. Mong rằng ViruSs cũng như đại diện bên anh sẽ có phản hồi sớm cho Jack. Đồng thời, ngừng việc đưa thêm thông tin dẫn dắt cộng đồng mạng bằng cá… Xem thêm",0.0,262,"jack và công_ty j97 đang rất thiện_chí trong việc liên_hệ , làm rõ thông_tin sai_lệch vừa_qua từ phía viruss . mong rằng viruss cũng như đại_diện bên anh sẽ có phản_hồi sớm cho jack . đồng_thời , ngừng việc đưa thêm thông_tin dẫn_dắt cộng_đồng mạng bằng cá … xem thêm"
thế À ! Thế biết tại sao ng ta hay gọi thg công an chú bộ đội ko . . M nghỉ ai cũng như m ns à . M chỉ toàn ns mặt nổi sao ko lôi mặt chìm ra mà ns . Biết bao nhiêu vụ sao ko kể ra . Hay là đút lót r cho qua chuyện . Bọn t cũng làm công ăn lương cả thôi . Dân Sai thì phạt nặng . Còn tụi m sai thì chỉ bị kiểm điểm r khiển trách cùng lắm thì bị điều đi công tác . Đến luật thì chưa chắc công an hiểu rõ bằng dân ở đó mà ns như kiểu m hiểu rõ luật lắm không bằng .,0.0,463,thế à ! thế biết tại_sao ng ta hay gọi thg công_an chú bộ_đội không . . m nghỉ ai cũng như m nói à . m chỉ toàn nói mặt nổi sao không lôi mặt chìm ra mà nói . biết_bao_nhiêu vụ sao không kể_ra . hay_là đút_lót r cho_qua chuyện . bọn t cũng làm_công ăn lương cả thôi . dân sai thì phạt nặng . còn tụi m sai thì chỉ bị kiểm_điểm r khiển_trách cùng lắm thì bị điều đi công_tác . đến luật thì chưa chắc công_an hiểu rõ bằng dân ở đó mà nói như kiểu m hiểu rõ luật lắm không bằng .
Ngu cứ thích thể hiệu toxic ngu học chơi game bớt ảo tưởng mặt lồn zero,2.0,71,ngu cứ thích thể hiệu toxic ngu học chơi game bớt ảo_tưởng mặt lồn zero
Gái còn non quá e ơi những đưa hỏi đường ko mo khẩu trang đeo tra lời là vừa nhiều y lam,0.0,88,gái còn non quá e ơi những đưa hỏi đường không mo khẩu_trang đeo tra lời là vừa nhiều y lam
cu thì bé,1.0,9,cu thì bé
So cái mã mẹ mày,2.0,16,so cái mã mẹ mày
nọ vừa thấy vd nó sủa farm tốt out farm ngứa đít vl :)))))),1.0,59,nọ vừa thấy vd nó sủa farm tốt out farm ngứa đít vl : ) ) ) ) ) )
già cái đầu rồi đừng để t chửi cho thì nhục mặt,1.0,47,già cái đầu rồi đừng để t chửi cho thì nhục mặt
khốn nạn quá,1.0,12,khốn_nạn quá
Biết thế thì im cmm mồm đi. Lại còn đòi dân chủ hóa. Đm thg tàu nó mà bóp thì chỉ có chết. Biết điều nó còn tha cho. Bật nó hỏi xem có thg dân chủ nào ở cạnh mà cầu cứu k. Toàn mấy thg xàm,2.0,188,biết thế_thì im cmm mồm đi . lại còn đòi dân_chủ_hóa . đm thg tàu nó mà bóp thì chỉ có chết . biết_điều nó còn tha cho . bật nó hỏi xem có thg dân_chủ nào ở cạnh mà cầu_cứu k . toàn mấy thg xàm
Tao tưởng coi thằng thiểu năng vs con dẹo,2.0,41,tao tưởng coi thằng thiểu_năng với con dẹo
T tưởng t đang coi sếch,0.0,23,t tưởng t đang coi sếch
Huy Vũ đánh sion đúng cách,0.0,26,huy vũ đánh sion đúng cách
Con đỉ mẹ m,2.0,11,con đỉ mẹ m
"thằng ad k muốn bme nó ra tù đấy mà, rõ khổ",1.0,43,"thằng admin không muốn bme nó ra tù đấy mà , rõ khổ"
Lũ qatar là bọn rác rưởi chúng mày hối lộ để đc đăg cai WC .lđbd chúng mày đều như nhau một lũ súc vật,2.0,102,lũ qatar là bọn rác_rưởi chúng_mày hối_lộ để được đăg cai wc . lđbd chúng_mày đều như nhau một lũ súc_vật
Dường như có vẻ anh bạn trọng tài này biết được trước tương lai ae Việt Nam sẽ làm gì cái acc tài khoản này nhỉ?,0.0,112,dường_như có vẻ anh bạn trọng_tài này biết được trước tương_lai anh_em việt_nam sẽ làm gì cái acc tài_khoản này nhỉ ?
"Tôi cũng vây ,,,nói ko với tân hiệp phát",0.0,40,"tôi cũng vây , , , nói không với tân hiệp_phát"
"Khốn nạn , mẹ thanh niên sức dài vai rộng đi trộm cướp , thứ chó",2.0,64,"khốn_nạn , mẹ thanh_niên sức dài vai rộng đi trộm_cướp , thứ chó"
Hi vọng ông từ chức ngay sau trận đấu!!! Quá tệ,1.0,47,hi_vọng ông từ_chức ngay sau trận_đấu ! ! ! quá tệ
Sao tàn nhẫn quá vậy,1.0,20,sao tàn_nhẫn quá_vậy
Chết rồi ha mấy đứa,0.0,19,chết rồi ha mấy đứa
Fake mà mọi người,0.0,17,fake mà mọi người
Mấy thánh mõm onl lại bắt đầu rồi,1.0,33,mấy thánh mõm onl lại bắt_đầu rồi
đúng phải bồi thường 5củ 1 tháng,0.0,32,đúng phải bồi_thường 5củ 1 tháng
Lý Cẩm Cương ngu thì rời dậy đéo có cả tư duy lên đồ,1.0,52,lý cẩm cương ngu thì rời dậy đéo có cả tư_duy lên đồ
Loại ăn hại,1.0,11,loại ăn_hại
 Mày có não không,1.0,17,mày có não không
Trong tai qua thien vị nghỉ mẹ di !!!!,1.0,38,trong tai qua thien vị nghỉ mẹ di ! ! ! !
Xin địa chỉ bán áo:)),0.0,21,xin địa_chỉ bán áo : ) )
bỏ con mà vẫn fan nó tồi tệ thật,2.0,32,bỏ con mà vẫn fan nó tồi_tệ thật
Đi coppy ảnh của page khác không ghi nguồn. :))) kém chuyên nghiệp,1.0,66,đi coppy ảnh của page khác không ghi nguồn . : ) ) ) kém chuyên_nghiệp
Vậy cũng đc nữa,0.0,15,vậy cũng được nữa
4 thằng chứ ko phãi ba...bắt đc đánh què tay,1.0,44,4 thằng chứ không phãi ba ... bắt được đánh què tay
"vn giờ ra luật chộm cắp thì tử hình, bố tk nào dám chộm nữa, thề.",1.0,65,"vn giờ ra luật chộm cắp thì tử_hình , bố tk nào dám chộm nữa , thề ."
Thứ bóng dơ,1.0,11,thứ bóng dơ
Nghỉ mẹ đi,1.0,10,nghỉ mẹ đi
"Mấy thằng này ko làm mà muốn có ăn, nó ko tôn tại được lâu đâu, thể nào nó cũng gặp qua báo thôi",2.0,96,"mấy thằng này không làm mà muốn có_ăn , nó không tôn tại được lâu đâu , thể_nào nó cũng gặp qua báo thôi"
Tại sao ông không dùng những người có kinh nghiệm hơn tại sao ông lại tin dùng những cầu thủ trẻ tại sao,0.0,104,tại_sao ông không dùng những người có kinh_nghiệm hơn tại_sao ông lại tin_dùng những cầu_thủ trẻ tại_sao
Su bin ( Phiá sau 1 cô gái ),0.0,28,su bin ( phiá sau 1 cô gái )
Ui dào tòan cái lũ tham ô tham nhũng. Hốc hết cứt của dân thôi,2.0,62,ui dào tòan cái lũ tham_ô tham_nhũng . hốc hết cứt của dân thôi
Gà ngooo Gg ez,1.0,14,gà ngooo gg ez
Tr dmm=)),0.0,9,tr dmm = ) )
Nói ko khách sáo. Trong tài trận này thật sự thiếu công bằng. Quá cẩu thả nên treo còi những vị như vậy,0.0,103,nói không khách_sáo . trong tài trận này thật_sự thiếu công_bằng . quá cẩu_thả nên treo còi những vị như_vậy
Phía công ty đã có thiện chí và liên hệ với bên kia . Bên kia ơi mau mau hồi âm lại xem thế nào đừng có im re như thế . Sao lắm lúc cũng thấy mồm khua múa nhanh lắm mà . Mấy ngày rồi mà ko thấy sủi tăm là sao là sao ta .Hiện hồn lên đi ( à nhầm xuất hiện) đi,0.0,258,phía công_ty đã có thiện_chí và liên_hệ với bên kia . bên kia ơi mau mau hồi_âm lại xem thế_nào đừng có im_re như thế . sao lắm lúc cũng thấy mồm khua múa nhanh lắm mà . mấy ngày rồi mà không thấy sủi tăm là sao là sao ta . hiện hồn lên đi ( à nhầm xuất_hiện ) đi
Só cailoll mẹee m ra ngoài vòng cấm phạm lỗi còn ôm banh lại phạt thẻ vàng,2.0,74,só cailoll mẹee m ra ngoài vòng cấm phạm lỗi còn ôm banh lại phạt thẻ_vàng
"cái l má hỏi học hết c3 chưa trong khi vẫn đang học lớp 12 (2k6) =))) tao lạy m ạ th mực con ơi. Cái chữ pr nó kh đúng trong hoàn cảnh này nhé th nguu, có ai bị chửi vì bị th kia gánh rồi đăng bài pr kh? Hay là thừa nước đục thả câu?? Đ b… Xem thêm",1.0,248,"cái l má hỏi học hết c3 chưa trong khi vẫn đang học lớp 12 ( 2k6 ) = ) ) ) tao lạy m ạ th mực con ơi . cái chữ pr nó kh đúng trong hoàn_cảnh này nhé th nguu , có ai bị chửi vì bị th kia gánh rồi đăng bài pr kh ? hay_là thừa nước đục thả câu ? ? đ b … xem thêm"
Vừa tham gia.,0.0,13,vừa tham_gia .
Đụ mẹ bắt đã vô r giờ xin lỗi .xin vĩnh biệt mày á,2.0,50,đụ_mẹ bắt đã vô r giờ xin_lỗi . xin vĩnh_biệt mày á
"Nguyễn Lê Vĩnh Hưng "" tuyển cầu thủ là HLV chọn"" ??? nói câu biết ngay fan thời vụ rồi",0.0,86,"nguyễn lê vĩnh_hưng "" tuyển cầu_thủ là hlv chọn "" ? ? ? nói câu biết ngay fan thời_vụ rồi"
"Cút mẹ về chăn trâu đi ,hlv ngu như chó",2.0,39,"cút mẹ về chăn trâu đi , hlv ngu như chó"
Sao nãy ko xin lỗi tao vĩnh biệt mày bây giờ,1.0,44,sao nãy không xin_lỗi tao vĩnh_biệt mày bây_giờ
Khẩu nghiệp tụ vành môi v má,0.0,28,khẩu nghiệp tụ vành môi v má
Khốn nạn xã hôi VN!,2.0,19,khốn_nạn xã hôi vn !
Để ý chiếc xe nha con kakaka. Kieu Anh Ly Tào Hữu Nghĩa,0.0,55,để_ý chiếc xe nha con kakaka . kieu anh ly tào hữu nghĩa
😍,0.0,1,😍
Linh cẩu,0.0,8,linh_cẩu
ko tí nữa có người đến phá nhà🤣,0.0,31,không tí nữa có người đến phá nhà 🤣
mắt oắt tai rơi,1.0,15,mắt oắt tai rơi
Dm con bóng muộn màng nhìn gốm vkl,2.0,34,dm con bóng muộn_màng nhìn gốm vkl
sale cc à thầy 😆😆,1.0,17,sale cc à thầy 😆 😆
"Ông Trossie dẫn dắt hay quá, tương lai Việt Nam sẽ thành Nhật Bản thứ 2",0.0,71,"ông trossie dẫn_dắt hay quá , tương_lai việt_nam sẽ thành nhật bản thứ 2"
Alo đc bạn,0.0,10,alo được bạn
M bị bắt là đáng r thằng ad hãm lz.,2.0,35,m bị bắt là đáng r thằng admin hãm lz .
Tốt nhất khuya rồi thì nên ngủ sớm !,0.0,36,tốt nhất khuya rồi thì nên ngủ sớm !
Cũng chuyên nhiều lắm... và rất nhiệt tình,0.0,42,cũng chuyên nhiều lắm ... và rất nhiệt_tình
Mọe cái loại trai đéo phải nữ cũng không. Xàm lol quen,2.0,54,mọe cái loại trai đéo phải nữ cũng không . xàm lol quen
Địt ông cụ mày,2.0,14,địt ông cụ mày
Biết ăn cơm chứ biết ăn cức đâu mà nhai cái gì vậy ? mày chửi con gái là máy đéo = con súc vật hiểu chưa cái t2 mày sân si thì tao nghĩ chỉ có đàn bà thôi con ạ,2.0,160,biết ăn cơm chứ biết ăn cức đâu mà nhai cái gì vậy ? mày chửi con_gái là máy đéo = con súc_vật hiểu chưa cái t2 mày sân si thì tao nghĩ chỉ có đàn_bà thôi con ạ
Đm abe giống bóng vcccc,1.0,23,đm abe giống bóng vcccc
3 thằng hèn.,2.0,12,3 thằng hèn .
cc acc fake,1.0,11,cc acc fake
cái tay cái tay,0.0,15,cái tay cái tay
Sen cũng biết cướp sen dí mà ko kịp bảo vệ cô chủ v chết r sen ơi,0.0,65,sen cũng biết cướp sen dí mà không kịp bảo_vệ cô chủ v chết r sen ơi
Nguyễn Hồng cẩn thận nhé cháu,0.0,29,nguyễn hồng cẩn_thận nhé cháu
còn gì nữa đâu mà khóc với sầu,0.0,30,còn gì nữa đâu mà khóc với sầu
Cứ tưởng anh đánh nguu chứ,1.0,26,cứ tưởng anh đánh nguu chứ
Đây mới đúng là ván bài lật ngửa..... Ha ha ha ha....,0.0,53,đây mới đúng là ván bài lật ngửa ... . . ha_ha ha_ha ... .
uk đroi,0.0,7,uk đroi
Lí do này nọ mắc mệt 🤷‍♀️🥴,0.0,26,lí_do này_nọ mắc mệt 🤷 ‍ ♀ ️ 🥴
Diệu Linh anh có nên làm quả đầu mới chơi trung thu không tar,0.0,61,diệu linh anh có nên làm quả đầu mới chơi trung_thu không tar
Lol là nghĩa cười to cười lớn tao đang xem cười to cười lớn hả,0.0,62,lol là nghĩa cười to cười lớn tao đang xem cười to cười lớn hả
Thùy Trang :)) thứ điên nó v á mày,2.0,34,thùy trang : ) ) thứ điên nó v á mày
Chắc anh quên chưa kéo lên thôi,0.0,31,chắc anh quên chưa kéo lên thôi
Lũ máu lạnh bạo lực,2.0,19,lũ máu lạnh bạo_lực
link đâu con mẹ m,2.0,17,link đâu con_mẹ m
Live đi sợ cái đuồi bầu gì,1.0,26,live đi sợ cái đuồi bầu gì
"Có một người đàn ông nọ đứng ở giữa quảng trường và hét to: ""Lãnh đạo đất nước là những thằng ngu"".",2.0,99,"có một người đàn_ông nọ đứng ở giữa quảng_trường và hét to : "" lãnh_đạo đất_nước là những thằng ngu "" ."
Phoanh Lee đọc đi cho đỡ buồn :)),0.0,33,phoanh lee đọc đi cho đỡ buồn : ) )
thương vr bị đạo nhạc mà sp đạo lại như cl,1.0,42,thương vr bị đạo nhạc mà sp đạo lại như cl
Thôi đi ông nội Fake vừa thôi,0.0,31,thôi đi ông nội fake vừa thôi
coi chừng có con :))),0.0,21,coi_chừng có con : ) ) )
Bg ở VN nhiều thanh niên sống nhục nhỉ ? Sống như vậy uông kiếp người làm sv chi ha mồm doi người ta quang do ăn thua cho ăn,2.0,124,bg ở vn nhiều thanh_niên sống nhục nhỉ ? sống như vậy uông kiếp người_làm sv chi ha mồm doi người_ta quang do ăn_thua cho ăn
hơn giống loài tỏ ra thượng đẳng trong khi chả biết củ lìn gì.,2.0,62,hơn giống loài tỏ ra thượng_đẳng trong khi chả biết củ lìn gì .
Em bán xôi kiếm từng đồng lẻ mà nó cũng cướp kg tha,0.0,51,em bán xôi kiếm từng đồng lẻ mà nó cũng cướp kg tha
Lữ Văn Thánh đó là ý do tôi bảo ông trẩu,1.0,40,lữ_văn thánh đó là ý do tôi bảo ông trẩu
Reffere dick,2.0,12,reffere dick
VTV1 tẩy chai con đỉ Trần Mu,2.0,28,vtv1 tẩy chai con đỉ trần mu
Giờ này thì gọi grab ship hàng thui chứ ra đường chi nữa :((((,0.0,62,giờ này thì gọi grab ship hàng thui chứ ra đường chi nữa : ( ( ( (
Fake Tự nhiên vô hứng đạn cho ông kia,0.0,37,fake tự_nhiên vô hứng đạn cho ông kia
trẻ trâu à,1.0,10,trẻ trâu à
Hãy cút đi thằng già HLV óc chó,2.0,31,hãy cút đi thằng già hlv óc chó
Yêu chị quá. ♥️♥️♥️♥️♥️,0.0,23,yêu chị quá . ♥ ️ ♥ ️ ♥ ️ ♥ ️ ♥ ️
Nhỏ này ranh con trong nhóm Dư Luận Viên của nhà nước ấy mà.cứ ai đưa tin Ji thì nó bay vào nói bất chấp đúng hay sai.ăn lương phải vậy bất chấp dân đói khổ.nó đâu đứng về phía công lí.nhóm tụi nó cả vào trăm đứa ăn lương vài triệu là để vậy.làm nhẹ dư luận khi ai đó đụng đến người chi lương nó...,1.0,298,nhỏ này ranh_con trong nhóm dư_luận viên của nhà_nước ấy mà . cứ ai đưa tin ji thì nó bay vào nói bất_chấp đúng hay sai . ăn lương phải vậy bất_chấp dân đói_khổ . nó đâu đứng về phía công_lí . nhóm tụi nó cả vào trăm đứa ăn lương vài triệu là để vậy . làm nhẹ dư_luận khi ai đó đụng đến người chi lương nó ...
Bọn khốn nạn hy vọng bọn chúng không sống được lâu,2.0,50,bọn khốn_nạn hy_vọng bọn chúng không sống được lâu
Má,1.0,2,má
Ad à thanh phố hcm cái củ cải. Kêu sài gòn đi nghe cai tên éo ưa,1.0,64,admin à thanh phố hcm cái củ_cải . kêu sài_gòn đi nghe cai tên éo ưa
Anh ăn gì em cúng,0.0,17,anh ăn gì em cúng
"Người ta vi phạm giao thông thì giữ phương tiện đóng phạt , giữ tài sản của người ta rồi phải có trách nhiệm chứ , chắc lại chơi luật rừng huề phải không",0.0,153,"người_ta vi_phạm giao_thông thì giữ phương_tiện đóng phạt , giữ tài_sản của người_ta rồi phải có trách_nhiệm chứ , chắc lại chơi luật_rừng huề phải không"
Tội cho cô gái bán xôi:,0.0,23,tội cho cô gái bán xôi :
VR có hẳn 1 buổi stream đối chất luôn rồi đó tính ra jack chưa đưa ra bằng chứng nào luôn á,0.0,91,vr có hẳn 1 buổi stream đối_chất luôn rồi đó tính ra jack chưa đưa ra bằng_chứng nào luôn á
Con này cũng xàm lồn lên chửi qua chửi lại chủ yếu nó ăn tiền nhà mạng . Con khùng thúi,2.0,87,con này cũng xàm lồn lên chửi qua chửi lại chủ_yếu nó ăn_tiền nhà mạng . con khùng thúi
. Mở Miệng Ra Phật Phật.... Mà Đỉ Lol Này Nọ... Ô Ế Cửa Phật,2.0,60,. mở_miệng ra phật phật ... . mà đỉ lol này_nọ ... ô ế cửa phật
Ngu thì thua chứ cay gì,1.0,23,ngu thì thua chứ cay gì
Con chó cũng là đồng phạm,0.0,25,con chó cũng là đồng_phạm
Dô con chó trọng tai Trạm tay không tính ben,2.0,44,dô con chó trọng tai trạm tay không tính ben
"Thằng hề , mặt thớt CÚT !!!",1.0,27,"thằng hề , mặt thớt cút ! ! !"
Chế độ nầy sắp tàn rồi nên hù thiên hạ !,1.0,40,chế_độ nầy sắp tàn rồi nên hù thiên_hạ !
Nguuu chơi game quạo,1.0,20,nguuu chơi game quạo
"biết bao xương máu của con dân Việt Nam đã đổ xuống nhuộm đỏ mảnh đất này mới có được ngày hôm nay, vì lòng tham không đáy mà bọn chó cộng sản tiếp tay cho trung cộng tàn phá đất nước, rồi sau này con cháu sẽ đào mã chôn xác bọn mày cùng tổ tiên nhà bọn mày lên rủa, bọn mày có chết cũng không được yên đâu,",2.0,307,"biết_bao xương_máu của con dân việt_nam đã đổ xuống nhuộm đỏ mảnh đất này mới có được ngày hôm_nay , vì lòng tham không đáy mà bọn chó cộng_sản tiếp_tay cho trung cộng tàn_phá đất_nước , rồi sau_này con_cháu sẽ đào mã chôn xác bọn mày cùng tổ_tiên nhà bọn mày lên rủa , bọn mày có chết cũng không được yên đâu ,"
Cô Minh Hiếu dethw quá à 🥰,0.0,26,cô minh hiếu dethw quá à 🥰
Em đéo ra cao bằng gặp anh đc đcm,1.0,33,em đéo ra cao bằng gặp anh được đcm
Đằng nào chả mất njk xin lỗi lmj cho mệt,1.0,40,đằng nào chả mất njk xin_lỗi lmj cho mệt
"Thương thầy , thầy sela",0.0,23,"thương thầy , thầy sela"
"Dm, nó giàu nó mặc như lol người ta bảo đẹp:))",1.0,46,"dm , nó giàu nó mặc như lol người_ta bảo đẹp : ) )"
bỏ đi mà làm người tụi bây ăn cướp của ngươi nghèo giàu sao hông cướp,0.0,69,bỏ đi mà làm người tụi bây ăn_cướp của ngươi nghèo giàu sao hông cướp
ditme bỏ nghề đi,1.0,16,ditme bỏ nghề đi
Đúng r..,0.0,8,đúng r . .
Ngọc Quyên cẩn thận nè e,0.0,24,ngọc quyên cẩn_thận nè e
Cái đù má ság ra mò cl j mà vào đc cái page loằn này hay vl thế nhỉ . Toàn mấy đkm tháh rãh cmn hág . Xin lỗi e hơi thiếu lịch sự tí. E xin xin phép dí buồi vào mặt Ad nhé. Page hay vl :)))))))),2.0,194,cái đù má ság ra mò cl gì mà vào được cái page loằn này hay vl thế nhỉ . toàn mấy đkm tháh rãh cmn hág . xin_lỗi e hơi thiếu lịch_sự tí . e xin xin phép dí buồi vào mặt admin nhé . page hay vl : ) ) ) ) ) ) ) )
nhân dân VN tức là cờ đỏ. Còn đám cờ vàng là lũ súc vật lưu vong. Hiểu hông?,2.0,76,nhân_dân vn tức_là cờ đỏ . còn đám cờ vàng là lũ súc_vật lưu_vong . hiểu hông ?
Thằng chó này :3,1.0,16,thằng chó này : 3
Nghe như đấm vào tai,1.0,20,nghe như đấm vào tai
Ủa sao nói nó khóc lóc xin lỗi rồi mà,0.0,37,ủa sao nói nó khóc_lóc xin_lỗi rồi mà
"Đọc cmt mà t buồn cười vcl , fan thằng này toàn mấy thằng trẻ trâu . Đéo hiểu kiểu gì , đánh thì ngu mà nói rõ lắm",1.0,114,"đọc cmt mà t buồn_cười vcl , fan thằng này toàn mấy thằng trẻ trâu . đéo hiểu kiểu gì , đánh thì ngu mà nói rõ lắm"
ĐÍNH CHÍNH ANH EM ĐÂY LÀ TÀI KHOẢN GIẢ MẢO,0.0,42,đính_chính anh_em đây là tài_khoản giả mảo
bọn tuyển thủ top tier hàn vẫn choke hoài chứ mẹ j ba thg rách này có cẹc j mà ko choke,2.0,87,bọn tuyển_thủ top tier hàn vẫn choke hoài chứ mẹ gì ba thg rách này có cẹc gì mà không choke
3 cha con nó nhìn mặt là bt cô hồn dạ quỷ r,2.0,43,3 cha con nó nhìn mặt là bình_thường cô_hồn dạ quỷ r
Loại này mau chết hết đi sống ăn bám trộm cướp xã hội không một ai ưa,2.0,69,loại này mau chết hết đi sống ăn_bám trộm_cướp xã_hội không một ai ưa
Xem Tom và jerry đừnng xem mèo tom nữa :)),0.0,42,xem tom và jerry đừnng xem mèo tom nữa : ) )
Tội nghiệp cháu quá hy vọng có phép màu để người mẹ đỡ đau lòng hơn,0.0,67,tội_nghiệp cháu quá hy_vọng có phép màu để người mẹ đỡ đau_lòng hơn
"Xin đừng tin ai ở cái xã hội này-lừa đảo , cướp giật ,trộm cắp khắp nơi.",0.0,72,"xin đừng tin ai ở cái xã_hội này - lừa_đảo , cướp_giật , trộm_cắp khắp nơi ."
Chính sách ngu dân ngày càng hiệu quả,1.0,37,chính_sách ngu dân ngày_càng hiệu_quả
đến chúa cũng ko thể cứu vãn nỗi con người đang quẩn trí 1 cách ảo tưởng này,1.0,76,đến chúa cũng không_thể cứu_vãn nỗi con_người đang quẩn_trí 1 cách ảo_tưởng này
Cố lên tôi tin chúng ta sẽ làm được,0.0,35,cố lên tôi tin chúng_ta sẽ làm được
Mày cút khỏ đất nước tao đi. Loại vô dụng,1.0,41,mày cút khỏ đất_nước tao đi . loại vô_dụng
hahaha ngu tỏ ra vẻ uyên thâm xog giờ oẳng lại tỏ ra vẻ cao ngạo à,1.0,66,hahaha ngu tỏ ra_vẻ uyên_thâm xog giờ oẳng lại tỏ ra_vẻ cao_ngạo à
Cho bỏ tật hóng hớt,0.0,19,cho bỏ tật hóng_hớt
Phải xử lý hình sự mới sáng mắt ra đc !,0.0,39,phải xử_lý hình_sự mới sáng_mắt ra được !
căng thẳng thế bro,0.0,18,căng_thẳng thế bro
mk chỉ thích xem a độ đá vs a bô béo,0.0,36,mình chỉ thích xem a độ đá với a bô_béo
Kiến Hoàng chơi sion đúng cách nè mài,0.0,37,kiến hoàng chơi sion đúng cách nè mài
lũ khốn nạn.,2.0,12,lũ khốn_nạn .
"Trí Trần Xuân ""Anh thương em nhất mà"" nhé bro",0.0,45,"trí trần xuân "" anh thương em nhất mà "" nhé bro"
Long Duy Đào cái tội ớ,0.0,22,long duy đào cái tội ớ
"đâu vậy chỉ t nữa, chụp lại màn hình đi",0.0,39,"đâu vậy chỉ t nữa , chụp lại màn_hình đi"
Đinh Thanh Tùng anh lên tiếng bảo vệ anh jack đi anh,0.0,52,đinh thanh tùng anh lên_tiếng bảo_vệ anh jack đi anh
đọc tn mà tức mn trào máu!!! để xem xong vụ này nó còn bản tính hung hăng vậy hay hk?,1.0,85,đọc tn mà tức mọi người trào máu ! ! ! để xem xong vụ này nó còn bản_tính hung_hăng vậy hay hk ?
đéo thích thì thôi cút mẹ đi =)),1.0,32,đéo thích thì thôi cút mẹ đi = ) )
lũ khốn nạn. rút sạch sương máu dân,2.0,35,lũ khốn_nạn . rút sạch sương máu dân
Nguyễn Thanh Tín thằng đàn bà mồm dính cut à =)),2.0,48,nguyễn thanh tín thằng đàn_bà mồm dính cut à = ) )
Tính ra mấy thằng ăn cướp rất là thông minh...,0.0,46,tính ra mấy thằng ăn_cướp rất là thông_minh ...
"Chó ko phải người , trộm cắp cướp giật , phải tăng hình phạt thật nặng lên ,ko xã hội loạn rồi , trộm cắp cướp giết , tham ô , tham nhũng ,xã hội văn hóa xuống trầm trọng ,",2.0,172,"chó không phải người , trộm_cắp cướp_giật , phải tăng hình_phạt thật nặng lên , ko xã_hội loạn rồi , trộm_cắp cướp giết , tham_ô , tham_nhũng , xã_hội văn_hóa xuống trầm_trọng ,"
Anh 3 ngu vải ra hahaha,1.0,23,anh 3 ngu vải ra hahaha
Yêu cô ghê hà ❤️,0.0,16,yêu cô ghê hà ❤ ️
Bọn bẩn thỉu nhơ nhớp của xã hội xem ức chế thật tội cho cô gái .,2.0,65,bọn bẩn_thỉu nhơ_nhớp của xã_hội xem ức_chế thật tội cho cô gái .
Táo mà k có cô đẩu thì trả có gì xem,0.0,36,táo mà không có cô đẩu thì trả có gì xem
:v thế ông rapper chưa xem bao màn sấy vào mắt bản làng rồi,0.0,59,: v thế ông rapper chưa xem bao màn sấy vào mắt bản_làng rồi
Điểm gay ấn tượng và nổi bật đó ạ,0.0,33,điểm gay ấn_tượng và nổi_bật đó ạ
"Cái loại mê trai, dại trai, đáng lắm, cho chừa,",1.0,47,"cái loại mê trai , dại trai , đáng lắm , cho chừa ,"
Cái loại mày thiếu lão mà cũng đòi làm trọng tài bắt ngu như con cũng làm đéo biết nhục à,2.0,89,cái loại mày thiếu lão mà cũng đòi làm trọng_tài bắt ngu như con cũng làm đéo biết nhục à
Cổng thì xấu vcc ra,1.0,19,cổng thì xấu vcc ra
ăn bẩn ko chừa thứ gì kể cả bê tông.,1.0,36,ăn_bẩn không chừa thứ gì kể_cả bê_tông .
đến cái bio của page còn viết sai chính tả TA thì làm ăn đc gì nữa,0.0,66,đến cái bio của page còn viết sai chính_tả ta thì làm_ăn được gì nữa
Đào Quang Huy Master Lê Ng Lê Như Ý Sara Catoner cũng là tên này nhưng trên tốc chiến Global Ban,0.0,96,đào quang huy master lê ng lê như_ý sara catoner cũng là tên này nhưng trên tốc chiến global ban
Lỗi Cc bé oii Em súc phạm Việt Nam mà xin lỗi Ah ko chịu đâu,1.0,60,lỗi cc bé oii em súc phạm việt_nam mà xin_lỗi ah không chịu đâu
"Ý thức phải như thế mới đúng người biết bảo vệ cộng đồng, đâu như mấy cái loại trốn khai báo, khai báo sai rồi còn livestream khoe hay trốn cách li đâu, ý thức chuột cắn. Hãm",1.0,174,"ý_thức phải như thế mới đúng người biết bảo_vệ cộng_đồng , đâu như mấy cái loại trốn khai_báo , khai_báo sai rồi còn livestream khoe hay trốn cách_li đâu , ý_thức chuột cắn . hãm"
thg mực đánh thì óc chó nhất quyết đéo nhận mình ngu,2.0,52,thg mực đánh thì óc chó nhất_quyết đéo nhận mình ngu
"2 ngày rồi, đã làm đc j chx, sao ko tố luôn đi, hay rén rồi",0.0,59,"2 ngày rồi , đã làm được gì chx , sao không tố luôn đi , hay rén rồi"
Dm trọng tài,2.0,12,dm trọng_tài
Sao tao phải trả tiền mạng để đọc mấy cái tin tức lol này vậy.quang hải là thằng nào mà quan tâm vcc vậy.nó đi ỉa giờ nào chắc cũng đăng báo,1.0,140,sao tao phải trả tiền mạng để đọc mấy cái tin_tức lol này vậy . quang hải là thằng nào mà quan_tâm vcc vậy . nó đi ỉa giờ nào chắc cũng đăng báo
"thách đấu gì, toàn thuê bên kia diễn",0.0,36,"thách đấu gì , toàn thuê bên kia diễn"
Thằng cha oc cho này tính là kẻ chủ mưu va đi tù nặng nhất,2.0,58,thằng_cha oc cho này tính là kẻ chủ_mưu va đi tù nặng nhất
"Bố m bảo rồi , h nhục như chó chưa , đàn ông đàn ang để cmn lại đi cho chất , sợ lồn =))",1.0,88,"bố m bảo rồi , h nhục như chó chưa , đàn_ông đàn ang để cmn lại đi cho chất , sợ lồn = ) )"
CHÓ ĂN CỨC,1.0,10,chó ăn cức
 kêu nó call video coi nó bao nhiêu tuổi thử,0.0,44,kêu nó call video coi nó bao_nhiêu tuổi thử
Hanh Viet tôi thấy 1 bông hoa giữa 1 vùng cứt,1.0,45,hanh viet tôi thấy 1 bông hoa giữa 1 vùng cứt
mấy tk hs rảnh cac bắt bẻ hhhh t lại quá quen Nó cố tình lựa mấy pha này cho m xem đấy chứ m nghĩ chả tk tâm thần nào quây khúc phế cho m xem?,2.0,142,mấy tk hs rảnh cac bắt_bẻ hhhh t lại quá quen nó cố_tình lựa mấy pha này cho m xem đấy chứ m nghĩ chả tk tâm_thần nào quây khúc phế cho m xem ?
"Nail là 1 nghề như nhiều nghành nghề lương thiện khác nhưng dưới bàn tay đen đúa của Tuyên giáo nó thành 1 cái nghề thấp kém, hạ đẳng. Nghề nào cũng để kiếm sống, nuôi sống gia đình, phục vụ xã hội cộng đồng không phân biệt giàu sang hay thấp hèn. Bản chất của CNCS là bình đẳng bác ái nhưng những hiện nay họ đang thực hiện hoàn toàn trái ngược.",1.0,346,"nail là 1 nghề như nhiều nghành nghề lương_thiện khác nhưng dưới bàn_tay đen_đúa của tuyên_giáo nó thành 1 cái nghề thấp_kém , hạ_đẳng . nghề nào cũng để kiếm sống , nuôi sống gia_đình , phục_vụ xã_hội cộng_đồng không phân_biệt giàu_sang hay thấp_hèn . bản_chất của cncs là bình_đẳng bác_ái nhưng những hiện_nay họ đang thực_hiện hoàn_toàn trái_ngược ."
Cháu cũng làm con cặc j.,1.0,24,cháu cũng làm con cặc j .
hhhhh thế thì show ra em à nói nhìu làm gì Hành động đi,0.0,55,hhhhh thế_thì show ra em à nói nhìu làm gì hành_động đi
xin lỗi con cặc,1.0,15,xin_lỗi con cặc
"Ngụy...là khi chúng mày đói rét, không nơi nương tựa. Chúng mày núp dưới đáy quần của bà Cát Hanh Long, hả miệng chó ra nhận từng chén cơm của bà ta. Khi chúng mày nắm được quyền lực thì đem người ta ra bắn. Chúng mày thua loài súc sinh!",2.0,237,"ngụy ... là khi chúng_mày đói rét , không nơi nương_tựa . chúng_mày núp dưới đáy quần của bà cát hanh long , hả miệng chó ra nhận từng chén cơm của bà ta . khi chúng_mày nắm được quyền_lực thì đem người_ta ra bắn . chúng_mày thua loài súc_sinh !"
Cho nó ngáp cho nó chừa Cho mày tin cs nhe con,1.0,46,cho nó ngáp cho nó chừa cho mày tin cs nhe con
Như kết quả và thành tích thể này mày ở Việt Nam làm gì,0.0,55,như kết_quả và thành_tích thể này mày ở việt_nam làm gì
nhanh,0.0,5,nhanh
Nhét cái cu vào Mồm nó đi,1.0,25,nhét cái cu vào mồm nó đi
vào vietnamfootball mà xem,0.0,26,vào vietnamfootball mà xem
"You should retire, bitch",2.0,24,"you should retire , bitch"
Lủ ko có nhân tính.sớm gặp báo ứng thôi.dời có vai có trả chỉ là chưa dến lúc thôi,2.0,82,lủ không có_nhân_tính . sớm gặp báo_ứng thôi . dời có vai có trả chỉ là chưa dến lúc thôi
Mong pl trừng trị những kẻ xem thường mạng sống để răng đe các thế hệ trẻ sau,0.0,77,mong pl trừng_trị những kẻ xem_thường mạng sống để răng đe các thế_hệ trẻ sau
thấy bạn nói chuyện n .. quá thì nên câm lại . Bạn ko cmt ko ai nói tay bạn tật đâu,1.0,83,thấy bạn nói_chuyện n . . quá thì nên câm lại . bạn không cmt không ai nói tay bạn tật đâu
Mong sau này con cháu bạn gặp được người cha tốt như J.,0.0,55,mong sau_này con_cháu bạn gặp được người cha tốt như j .
QuânAnh dogy chứ,1.0,16,quânanh dogy chứ
Trọng tài này bị cận rồi Bay acc đi .xin vĩnh biệt cụ,1.0,53,trọng_tài này bị cận rồi bay acc đi . xin vĩnh_biệt_cụ
"Ta ước gì có một lão Hitler tái sinh trên đất nước này, làm sạch hết lũ cặn bã dơ bẩn",2.0,85,"ta ước gì có một lão hitler tái_sinh trên đất_nước này , làm sạch hết lũ cặn_bã dơ_bẩn"
Chấp gì thằng thiểu năng đó Trần Ngọc Giàu ơi,2.0,45,chấp gì thằng thiểu_năng đó trần ngọc giàu ơi
Toàn thanh niên ham ăn chơi lười lao động...,1.0,44,toàn thanh_niên ham ăn_chơi lười lao_động ...
đội trưởng mĩ hihihi,0.0,20,đội_trưởng mĩ hihihi
Nguyễn Văn Nam that khong ạ,0.0,27,nguyễn văn nam that khong ạ
nhà ai có người làm trong sân bay thì nhục phụ cái,1.0,50,nhà ai có người_làm trong sân_bay thì nhục phụ cái
Chó ăn cứt,1.0,10,chó ăn cứt
ngu thi chet khoc cl,1.0,20,ngu thi chet khoc cl
ĐÁNH RANK BẠCK KIM ĐC BẠCH KIM GÁNH SƯỚNG,0.0,41,đánh rank bạck kim được bạch_kim gánh sướng
". Tìm hiểu dùm mình nhen bạn, ko phải cứ tây ăn cứt thì ta cũng ăn cứt nhen !",1.0,77,". tìm_hiểu dùm mình nhen bạn , không phải cứ tây ăn cứt thì ta cũng ăn cứt nhen !"
Nhìn a độ hồi xưa chất phải biết :)),0.0,36,nhìn a độ hồi xưa chất phải biết : ) )
What the fuck,1.0,13,what the_fuck
 tội z anhtrai,0.0,14,tội z anhtrai
Anh anh cái củ cc đấm vào mỏm cmm giờ,2.0,37,anh anh cái củ cc đấm vào mỏm cmm giờ
"Chế độ tốt sinh ra con người tốt . Hết xả súng da đen , trẻ em , CS mỹ lại làm 3 cái trò này ..",1.0,95,"chế_độ tốt sinh ra con_người tốt . hết xả súng da đen , trẻ_em , cs mỹ lại làm 3 cái_trò này . ."
cai thu me trai gio travh ai,1.0,28,cai thu me trai gio travh ai
Lồn,1.0,3,lồn
xinh vaicalon y kien gi,1.0,23,xinh vaicalon y kien gi
10k /1k Follow ai mua ib,0.0,24,10k / 1k follow ai mua inbox
bản chất thật của bọn Cơm Sườn ngày càng được công khai lộ liễu không còn dấu diếm như thời gian trước.,1.0,103,bản_chất thật của bọn cơm sườn ngày_càng được công_khai lộ_liễu không còn dấu diếm như thời_gian trước .
Nghỉ đi là vừa,0.0,14,nghỉ đi là vừa
Like và cm tụi nó ăn được hay sao mà ham hố vậy trời. Lũ điên,2.0,61,like và cm tụi nó ăn được hay sao mà ham_hố_vậy trời . lũ điên
Xin vĩnh biệt cũ chờ bay acc Đi,1.0,31,xin vĩnh_biệt cũ chờ bay acc đi
thag này chơi game nhiều ngáo lun qa,1.0,36,thag này chơi game nhiều ngáo lun qa
Bất lực 😞,0.0,9,bất_lực 😞
Ma toi con mẹ nó,2.0,16,ma toi con_mẹ nó
Anh em yếu sly ib,0.0,17,anh_em yếu sly inbox
Những lúc như thế này lại mong cho một xe ô tô như hai thằng trộm chó,1.0,69,những lúc như thế này lại mong cho một xe ô_tô như hai thằng trộm chó
Lủ vc Đcs cũng là một bịnh thần kinh ác hiểm cho dân tộc vn !,2.0,61,lủ vc đcs cũng là một bịnh thần_kinh ác_hiểm cho dân_tộc vn !
K check map xoq ngựa ngựa r s thua,1.0,34,không check map xoq ngựa ngựa r s thua
Minh Đặngg chúng nó bắt chước cô mình 🤣,0.0,39,minh đặngg chúng_nó bắt_chước cô_mình 🤣
Sorry con cặc,1.0,13,sorry con cặc
Bố lạy mày,0.0,10,bố lạy mày
Lmaon't Ya ảnh quạo,0.0,19,lmaon ' t ya ảnh quạo
Đây mới là cách giải quyết hợp lý và xác thực nhất lúc này chứ không phải lên Livetream nói linh tinh như ai kia,0.0,112,đây mới là cách giải_quyết hợp_lý và xác_thực nhất lúc này chứ không phải lên livetream nói linh_tinh như_ai kia
"ghê đấy, ủng hộ thêm shop mình nữa xem nào https://shope.ee/A9te9A8Dx0",0.0,70,"ghê đấy , ủng_hộ thêm shop mình nữa xem nào"
tại sao lại xin lỗi chúng tôi?,0.0,30,tại_sao lại xin_lỗi chúng_tôi ?
"thg này nó chúa toxic, ngta lâu lâu mới chửi còn nó mở mồm ra là văng tục",1.0,73,"thg này nó chúa toxic , ngta lâu_lâu mới chửi còn nó mở mồm ra là văng_tục"
Cầu xin phật trời cho con một phép màu để con được sống với mẹ Còn riêng với chủng loại của bọn khốn nạn kia thì pháp luật đâu Công Lý đâu hãy vào cuộc đi để cho sự hống hách tàn độc kia được biết luật như thế nào,2.0,213,cầu_xin phật trời cho con một_phép màu để con được sống với mẹ còn riêng với chủng_loại của bọn khốn_nạn kia thì pháp_luật đâu công_lý đâu hãy vào_cuộc đi để cho sự hống_hách tàn độc kia được biết luật như thế_nào
"Bố lạy mày đừng ""hiếp dâm"" thị giác của bố nữa ad à 😂😂😂",2.0,55,"bố lạy mày đừng "" hiếp_dâm "" thị_giác của bố nữa admin à 😂 😂 😂"
Abe muôn năm 😂,0.0,14,abe muôn_năm 😂
Idol tui có khác. Phải v chứ ai như cái con phò tiệp tiệp j đó. Đm nó như 1 con đàn bà.,2.0,87,idol tui có khác . phải v chứ ai như cái con phò tiệp tiệp gì đó . đm nó như 1 con đàn_bà .
"3 cha con nó tán gia bại sản, trả nghiệp như vậy mới dừa",2.0,56,"3 cha con nó tán gia bại sản , trả nghiệp như_vậy mới dừa"
Mày tưởng xin lỗi là xong à ?,0.0,29,mày tưởng xin_lỗi là xong à ?
Woh Wh acc clone trẩu,1.0,21,woh wh acc clone trẩu
trông cô nch như mấy đứa c1 chứ nglon chả ai nch thế,1.0,52,trông cô nch như mấy đứa c1 chứ nglon chả ai nch_thế
Linh Ngô tội tôn sùng quá hoá ra ngu đần mà k biết bản thân nó ngu đần kiểu j lấy ý của bản thân nó đi sửa lỗi cho ý của bài viết trên đéo hỉu học kiểu j lên đc lớp hay thế chứ,1.0,176,linh ngô tội tôn_sùng quá hoá_ra ngu_đần mà không biết bản_thân nó ngu_đần kiểu gì lấy ý của bản_thân nó đi sửa lỗi cho ý của bài viết trên đéo hỉu học kiểu gì lên được lớp hay thế chứ
thâm độc =)),0.0,12,thâm_độc = ) )
Moa sát bên v mà nó cũng lấy,0.0,28,moa sát bên v mà nó cũng lấy
Hứa Sơn ghép cho bạn thành ộp pa luôn nhá 😄,0.0,43,hứa sơn ghép cho bạn thành ộp pa luôn nhá 😄
cái này mới đúng nè mọi người,0.0,29,cái này mới đúng nè mọi người
anh có nhận cày lên thách đấu k ạ,0.0,33,anh có nhận cày lên thách đấu không ạ
fai nói 1 điều mày khóc thuê à ad . sẽ sớm thôi mày sẽ bị dờ gáy,1.0,64,fai nói 1 điều mày khóc thuê à admin . sẽ sớm thôi mày sẽ bị dờ gáy
Bọn Tàu chó má,2.0,17,bọn tàu chó_má
Mà vẫn lên rank mặc rầu kda =)) rank anh ta cày được kiểu :,0.0,59,mà vẫn lên rank mặc rầu kda = ) ) rank anh ta cày được kiểu :
Não mày ngu vậy là cùng Bạn tao thì tao bênh sai chổ nào tao đã nói là nó cmt đúng hay sai chưa tao chỉ chửi thằng chửi nó mày hiểu chưa china con ngu l thích logic à óc thì ngắn mà hay cãi lý phản biện lại toàn mấy câu ngu tao ạ mày đó thằng china con,2.0,252,não mày ngu vậy là cùng bạn tao thì tao bênh sai chổ nào tao đã nói là nó cmt đúng hay sai chưa tao chỉ chửi thằng chửi nó mày hiểu chưa china con ngu l thích logic à óc thì ngắn mà hay cãi lý phản_biện lại toàn mấy câu ngu tao ạ mày đó thằng china con
rác chưa,1.0,8,rác chưa
Đem ra bắn ngay cái thể loại ấy,1.0,31,đem ra bắn ngay cái thể_loại ấy
vật ơi. Thg cha con mẹ đang hấp hối thoi thoi của mày đâu r xúc vật ơi. Đéo lo chôn cha mẹ m đi mà đi cắn bậy cho thg tiểu nhân Viruss nhiều thế con chó,2.0,152,vật ơi . thg cha con_mẹ đang hấp_hối thoi thoi của mày đâu r xúc vật ơi . đéo lo chôn cha_mẹ m đi mà đi cắn bậy cho thg tiểu_nhân viruss nhiều thế con chó
Rồi hốt lũ chó đó chưa,2.0,22,rồi hốt lũ chó đó chưa
loạn cực,1.0,8,loạn cực
"Dume. Đầu óc đ gì cứ như gói trà túi lọc ấy, tinh tuý thì thoát hết ra ngoài, cặn bã thì ở lại",2.0,94,"dume . đầu_óc đ gì cứ như gói trà túi lọc ấy , tinh_tuý thì thoát hết ra ngoài , cặn_bã thì ở lại"
Nổ như chó,1.0,10,nổ như chó
"Lê Hữu Vinh tôi đang nói ý thức ng tham gia giao thông , đúng luật hiểu luật k dúi tiền vào tay ng ta thì ng ta đè bạn ra cướp dc à ! Phía csgt t chưa nhắc đến có ng tốt có ng xấu ! Muốn văn minh tiến bộ thì chính mình phải tiến bộ trước !",0.0,239,"lê hữu vinh tôi đang nói ý_thức ng tham_gia giao_thông , đúng luật hiểu luật không dúi tiền vào tay ng ta thì ng ta đè bạn ra cướp được à ! phía csgt t chưa nhắc đến có ng tốt có ng xấu ! muốn văn_minh tiến_bộ thì chính mình phải tiến_bộ trước !"
m tìm được chữ nào t nịnh hay t bênh nó hộ t với ạ. Và đừng mở mồm ra là chê ng khác thế này thế nọ ok m nhìn m xem ra gì chưa r hãy phán xét,0.0,141,m tìm được chữ nào t nịnh hay t bênh nó hộ t với ạ . và đừng mở mồm ra là chê ng khác thế này thế nọ ok m nhìn m xem ra gì chưa r hãy phán_xét
Quá sai,0.0,7,quá sai
Ad ăn phân con j mà ngu thế......????,2.0,37,admin ăn phân con gì mà ngu thế ... ... ? ? ? ?
Ko làm đòi có ăn chỉ có ăn cứt đb mấy thk l đó gặp t vài bộp cho khỏi ăn cơm,2.0,76,không làm đòi có_ăn chỉ có_ăn cứt đb mấy thk l đó gặp t vài bộp cho khỏi ăn cơm
"Không chịu làm tình cho chủ nhà, nên bị chơi khăm, nếu làm tình cho chủ nhà thì thích gì cũng có. Sau phát này thì một là đi chỗ khác bán, hai là làm tình thật tốt rồi anh tìm xe về cho, không thấy thì anh mua cho con xế khác",0.0,225,"không chịu làm_tình cho chủ nhà , nên bị chơi_khăm , nếu làm_tình cho chủ nhà thì thích gì cũng có . sau phát này thì một là đi chỗ khác bán , hai là làm_tình thật tốt rồi anh tìm xe về cho , không thấy thì anh mua cho con xế khác"
Đm chúng mày,2.0,12,đm chúng_mày
Hallen Nguyen nóng c ơi,0.0,23,hallen nguyen nóng c ơi
Cô thanh niên xp độ mixi🤩,0.0,25,cô thanh_niên xp độ mixi 🤩
"khổ là người vi phạm không được xử có xử cũng chỉ qua loa, người không vi phạm cũng bị quy phạm mà moi tiền mới nói",0.0,115,"khổ là người vi_phạm không được xử có xử cũng chỉ qua_loa , người không vi_phạm cũng bị quy_phạm mà moi tiền mới nói"
Đĩ mẹ nó lại hỏng mạng🙂,1.0,23,đĩ mẹ nó lại hỏng mạng 🙂
Thằng đầu bò,2.0,12,thằng đầu_bò
nó bt thằng ăn trộm mà nó ko bt nói thôi,1.0,40,nó bình_thường thằng ăn_trộm mà nó không bình_thường nói thôi
Minh Toàn,0.0,9,minh toàn
Má ăn mặc đeo giống ai,1.0,22,má ăn_mặc đeo giống ai
"Chao minh hieu, hom nay thay minh hieu dep gai qua ha",0.0,53,"chao minh hieu , hom nay thay minh hieu dep gai qua ha"
Nhây thì thua còn đăng :))),0.0,27,nhây thì thua còn đăng : ) ) )
Vcl ạ,1.0,5,vcl ạ
bác dần chớm có tình yêu nước r đấy,0.0,35,bác dần chớm có tình_yêu nước r đấy
Vcl mấy thằng streamer cũng gọi là fan này nọ à. Đúng ra là viewer thôi. Hài vcl,1.0,80,vcl mấy thằng streamer cũng gọi là fan này_nọ à . đúng_ra là viewer thôi . hài vcl
Bắt dc bọn này cứ chặt tay khỏi phải xét sử làm j,1.0,49,bắt được bọn này cứ chặt tay khỏi phải xét sử làm gì
Về thổi kèn đám ma đi nhóc,1.0,26,về thổi kèn đám_ma đi nhóc
Hơn 16k like chưa nghỉ strem à =)),0.0,34,hơn 16k like chưa nghỉ strem à = ) )
Trần Sang ổ cc,1.0,14,trần sang ổ cc
"quay được phim rồi thì lấy xe bắt chó ra bắt đi , chờ gì nữa",0.0,60,"quay được phim rồi thì lấy xe bắt chó ra bắt đi , chờ gì nữa"
"thật là thằng Jack đấy bỏ con. Sao mãi mấy đứa fan "" đóm "" vẫn hâm mộ thk này nhể. Hỏi thk đó ng-u nhưng chúng mày là thứ ng_u xuẩn nhất. Vụ VirusS nói cũng chẳng sai. Chúng m_ày cứ làm quá vấn đề, b_ú mà chẳng cần lí do. Còn não không v trời.… Xem thêm",2.0,253,"thật là thằng jack đấy bỏ con . sao mãi mấy đứa fan "" đóm "" vẫn hâm_mộ thk này nhể . hỏi thk đó ng - u nhưng chúng_mày là thứ ng_u xuẩn nhất . vụ viruss nói cũng chẳng sai . chúng m_ày cứ làm quá vấn_đề , b_ú mà chẳng cần lí_do . còn não không v trời . … xem thêm"
khổ cái tôi cao thích thể hiện cơ :(((,0.0,38,khổ cái tôi cao thích thể_hiện cơ : ( ( (
Bò đỏ nó yêu thương bố tàu còn không hết mà ghét gì chớ,2.0,55,bò đỏ nó yêu_thương bố tàu còn không hết mà ghét gì chớ
mả cha mấy thằng ăn bánh mì,2.0,27,mả cha mấy thằng ăn bánh_mì
giải quyết bằng 5 triệu mới hợp lí nhé,0.0,38,giải_quyết bằng 5 triệu mới hợp_lí nhé
Đem lại tiếng cười... ???? Toàn post bài hãm lồn mới đáng cười :))))))))),1.0,73,đem lại tiếng cười ... ? ? ? ? toàn post bài hãm lồn mới đáng cười : ) ) ) ) ) ) ) ) )
fuck you mother con mẹ mày,2.0,26,fuck you mother con_mẹ mày
Suc vat là có thật,1.0,18,suc vat là có thật
"thôi thôi ông im mẹ nó mồm đi, đm chúng mày có thay mẹ hết đồ của người ta",2.0,74,"thôi thôi ông im mẹ nó mồm đi , đm chúng_mày có thay mẹ hết đồ của người_ta"
Nếu tính như các nc tiên tiến thì lấy đâu ra tiền để con dịnh cư ở mỹ,0.0,69,nếu tính như các nc tiên_tiến thì lấy đâu ra tiền để con dịnh cư ở mỹ
Vợ Jack5tr Bến Tre,0.0,18,vợ jack5tr bến_tre
đến chỗ hợp lý chưa. Ngta live nch phiến. Mấy con đóm stupid vào sủa thì chẳng nói,2.0,82,đến chỗ hợp_lý chưa . ngta live nch phiến . mấy con đóm stupid vào sủa thì chẳng nói
Ko lẽ chưa đủ tuổi thì có thể làm ra những hành động vô nhân tính nhừ z sao?? có người cha không dạy con cái đúng cách thì mong PL phải xử lý cho đúng và công bằng. Thật bức xúc vì đó là một mạng người,0.0,201,không_lẽ chưa đủ tuổi thì có_thể làm ra những hành_động vô nhân_tính nhừ z sao ? ? có người cha không dạy con_cái đúng cách thì mong pl phải xử_lý cho đúng và công_bằng . thật bức_xúc vì đó là một mạng người
"TÔI THẤY PHÁP LUẬT VIỆT NAM CHÚNG TA CHƯA ĐỦ MẠNH VÀ NGHIÊM MINH . NẾU BẮT ĐƯỢC NHỮNG KẺ ĂN CẮP XE HOẶC TRỘM CHO ,NÊN CHẶT HAI TAY CỦA CHÚNG ĐI .CÒN AI THAM Ô TRÊN 1 TỶ NÊN XỬ ÁN TỬ .NẾU NHÀ LÀM ĐƯỢC NHƯ VẬY DÂN MỚI YÊN VUI .",2.0,225,"tôi thấy pháp_luật việt_nam chúng_ta chưa đủ mạnh và nghiêm_minh . nếu bắt được những kẻ ăn_cắp xe hoặc trộm cho , nên chặt hai tay của chúng đi . còn ai tham_ô trên 1 tỷ nên xử_án tử . nếu nhà làm được như vậy dân mới yên_vui ."
"cơ bản là cái trận đó thằng TF đánh cũng ngu feed 1/15 hay 1/17 gì đó mà nó còn chửi lại team nữa. Ông Mực tính cũng trẩu, thấy thế xong game kết bạn với thằng TF xong mời vào tổ đội để chửi bằng mồm cho đã. Và thế là có cái drama vừa xong =)))",1.0,244,"cơ_bản là cái trận đó thằng tf đánh cũng ngu feed 1 / 15 hay 1 / 17 gì đó mà nó còn chửi lại team nữa . ông mực tính cũng trẩu , thấy thế xong game kết_bạn với thằng tf xong mời vào tổ_đội để chửi bằng mồm cho đã . và thế_là có cái drama vừa xong = ) ) )"
Mối thơm,0.0,8,mối thơm
Chị có chim không .... sao nhìn gớm gớm....,1.0,43,chị có chim không ... . sao nhìn gớm gớm ... .
Dell hiểu kiểu j,1.0,16,dell hiểu kiểu gì
Trông mặt mũi vậy mà lòng dạ ác độc quá!,1.0,40,trông mặt_mũi vậy_mà lòng_dạ ác_độc quá !
Đã lâu rồi không nói gì nên hôm nay mình đăng bài này nói về vụ Jack - J97 và Đặng Tiến Hoàng - Viruss) Bạn nói . Trình Trần Phương Tuấn. Không biết 1 nốt nhạc? Vậy tại sao Jack ra bạn MV nào cũng ghi PRODUCER dị? J không biết nốt nhạc… Xem thêm,0.0,245,đã lâu rồi không nói gì nên hôm_nay mình đăng bài này nói về vụ jack - j97 và đặng tiến hoàng - viruss ) bạn nói . trình trần phương tuấn . không biết 1 nốt_nhạc ? vậy tại_sao jack ra bạn mv nào cũng ghi producer dị ? gì không biết nốt_nhạc … xem thêm
khóc đến mức đít gắng bóng đèn ô tô lun,1.0,39,khóc đến mức đít gắng bóng đèn ô_tô lun
"Ông thích chào không trọng tài , ơ chào chào cái dm",1.0,51,"ông thích chào không trọng_tài , ơ chào chào cái dm"
Nguyễn Đức bố ông,0.0,17,nguyễn đức bố ông
Tập Cặn Bã:,2.0,11,tập cặn_bã :
Chậm cái l nhanh chậm kệ mẹ ngta đi cmt lắm ăn l àaaaaaaa 🤞🏿,2.0,60,chậm cái l nhanh chậm kệ mẹ ngta đi cmt lắm ăn l àaaaaaaa 🤞 🏿
=]]z bait rõ công nhận 2 khứa này zui thiệt =]]z,0.0,48,= ] ] z bait rõ công_nhận 2 khứa này zui thiệt = ] ] z
đọc page này rất thư giãn :))),0.0,30,đọc page này rất thư giãn : ) ) )
Bạn chả có tí máu lồn nào gọi là văn hóa cả 😂😂,1.0,46,bạn chả có tí máu lồn nào gọi là văn_hóa cả 😂 😂
 sao ??? cứng họng nên hahaa à con ngu này,0.0,42,sao ? ? ? cứng_họng nên hahaa à con ngu này
Đặng Công Vinh loại mày có cặc tiền mà mua loại xin,2.0,51,đặng công vinh loại mày có cặc tiền mà mua loại xin
"Khanh Truong có tuổi r. Cháu tưởng suy nghĩ cô đã trưởng thành. Chứ đi idol rách thì hiểu cô "" đáng tuổi mẹ"" ntn rồi",1.0,116,"khanh truong có tuổi r . cháu tưởng suy_nghĩ cô đã trưởng_thành . chứ đi idol rách thì hiểu cô "" đáng tuổi mẹ "" như thế_nào rồi"
Ditme đéo hiểu sao,1.0,18,ditme đéo hiểu sao
2 game thua cay é é é cay lỏk kkkk,1.0,34,2 game thua cay é é é cay lỏk kkkk
Kêu tồ kéo cho bú win.,0.0,22,kêu tồ kéo cho bú win .
"chơi một mình, đổ lỗi cho trọng tài",0.0,35,"chơi một_mình , đổ lỗi cho trọng_tài"
Ae thất lạc của abe ak,0.0,22,anh_em thất_lạc của abe ak
Ảnh bên trái là khi a độ đi phẫu thuật thẩm mĩ,0.0,46,ảnh bên trái là khi a độ đi phẫu_thuật thẩm_mĩ
jack ít khi lên tiếng nhưng lần này lên tiếng vì Jaxk muốn chứng tỏ mình ko bị câm,0.0,82,jack ít khi lên_tiếng nhưng lần này lên_tiếng vì jaxk muốn chứng_tỏ mình không bị câm
Ban loi 1 nam moi mua duoc 1chiec xe d ma xa hoi thui nat toi cho nguoi dan luong thien,1.0,87,ban loi 1 nam moi mua duoc 1chiec xe d ma_xa hoi thui nat toi cho nguoi dan luong thien
Cứ lấc cấc gặp ngoài bố đánh vào mặt đấy con chó ạ,2.0,50,cứ lấc_cấc gặp ngoài bố đánh vào mặt đấy con chó ạ
Kon mẹ nhà nước lũ hút máu dân,2.0,30,kon mẹ nhà_nước lũ hút máu dân
Nè ông già nếu còn liêm sỉ hảy từ Chức đi,1.0,41,nè ông_già nếu còn liêm_sỉ hảy từ_chức đi
"Phong cách ""chịch dở"" 🙈🙈🙈",1.0,25,"phong_cách "" chịch dở "" 🙈 🙈 🙈"
Mồ tổ cha mày chứ ko tưởng nhớ. Mày ko biết xem tin tức ak,2.0,58,mồ tổ cha mày chứ không tưởng_nhớ . mày không biết xem tin_tức ak
Là thực tập sinh dạy cấp 1 nhỉ,0.0,30,là thực_tập_sinh dạy cấp 1 nhỉ
Lm xong r h xin lỗy là xonghả,0.0,29,lm xong r h xin lỗy là xonghả
Mõm chúa =)))),1.0,14,mõm chúa = ) ) ) )
quá uy tín còn gì,0.0,17,quá uy_tín còn gì
Mồm loz adm ns ngu bm.,2.0,22,mồm loz adm nói ngu bm .
"Đụ má tao ghét cây ghét đắng mấy thằng dư luận viên vcc , tụi bây ăn cái lồn què gì mà đi bợ đít vcc vậy , bợ đít tụi nó vậy ông bà già tụi bây chắc tự hào lắm",2.0,159,"đụ má tao ghét cây ghét đắng mấy thằng dư_luận viên vcc , tụi bây ăn cái lồn què gì mà đi bợ_đít vcc_vậy , bợ_đít tụi nó vậy ông bà_già tụi bây chắc tự_hào lắm"
Phục cái lồn mẹ chúng mày ý,2.0,27,phục cái lồn mẹ chúng_mày ý
Địt mẹ thg Fake,2.0,15,địt_mẹ thg fake
Lỗi con cặc,1.0,11,lỗi con cặc
Tao đéo biết,1.0,12,tao đéo biết
Chụp ảnh cưới ở Mộc Châu siêu xịnnnn,0.0,36,chụp ảnh cưới ở mộc châu siêu xịnnnn
Bả lên ti-qui đẹp dễ sợ!!! Duyên dáng hà 👍👍👍👍👍,0.0,46,bả lên ti - qui đẹp dễ sợ ! ! ! duyên_dáng hà 👍 👍 👍 👍 👍
Pé Nguyễn : mày bị não phẳng à. Tao chửi bọn nhai đi nhai lại. Chứ fan cứng đi chửi boss bao giờ ? Hay thì share. Thuyết phục con cặc nè,2.0,136,pé nguyễn : mày bị não phẳng à . tao chửi bọn nhai đi nhai_lại . chứ fan cứng đi chửi boss bao_giờ ? hay thì share . thuyết_phục con cặc nè
Nửa tháng rồi cu em ơi im như thóc thế :))),0.0,43,nửa tháng rồi cu em ơi im như thóc thế : ) ) )
Má nó ác... ăn mấy đồng bạc đó phúc đức dữ lắm,1.0,46,má nó ác ... ăn mấy đồng_bạc đó phúc_đức dữ lắm
rác 5 củ và fan rác là một bãi cức chó,2.0,38,rác 5 củ và fan rác là một bãi cức chó
Mẹ mày hưởi quần xì của con ômô  ý lộn ômôi chứ kkk😁😁😁😁😁😁 cười ỉa,2.0,65,mẹ mày hưởi quần xì của con ômô ý lộn ômôi chứ kkk 😁 😁 😁 😁 😁 😁 cười ỉa
Giày fake giày real cũng là giày đều mang vào chân đều đạp đất hên xui đạp cứt có gì đâu mà cứ phải phân biệt này nọ đã vậy k biết có tiền mua nổi đôi dép k ở đó mà tỏ ra thượng đẳng phân biệt fake & real,1.0,204,giày fake giày real cũng là giày đều mang vào chân đều đạp đất hên xui đạp cứt có gì đâu mà cứ phải phân_biệt này_nọ đã vậy không biết có tiền mua nổi đôi dép không ở đó mà tỏ ra thượng đẳng phân_biệt fake & real
"Thổi nồng độ cồn, thu xe là"" để bảo vệ tài sản của dân và giống nòi""mà",0.0,70,"thổi nồng_độ cồn , thu xe là "" để bảo_vệ tài_sản của dân và giống_nòi "" mà"
Tao chịu status này đó AD tụi dlv nghe nhột ko tụi bây kaka,1.0,59,tao chịu status này đó admin tụi dlv nghe nhột không tụi bây kaka
"Ad óc cứt vkl. Ngu còn tỏ ra nguy hiểm, ra gặm xương đi ad.",2.0,59,"admin óc cứt vkl . ngu còn tỏ ra nguy_hiểm , ra gặm xương đi ad ."
Xin video vs bạn ^^,0.0,19,xin video với bạn ^ ^
Bọn thất Đức này,2.0,16,bọn thất_đức này
"Ôi dòi ad não phẳng muốn phản động nhưng k ai bênh mà, chỉ dùng vài bức ảnh, sử dụng PTS chèn chữ vào thôi, thật là lạc hậu quá, ad là tg nhà quê.",2.0,146,"ôi dòi admin não phẳng muốn phản_động nhưng không ai bênh mà , chỉ dùng vài bức ảnh , sử_dụng pts chèn chữ vào thôi , thật là lạc_hậu quá , admin là tg nhà_quê ."
 why cái lồn 2 thẻ đỏ 1 quả pen M còn why cái suy lồn à Địt con chó chết này,2.0,76,why cái lồn 2 thẻ_đỏ 1 quả pen m còn why cái suy lồn à địt con chó chết này
sì tai củ l gì thế này??,1.0,24,sì tai củ l gì thế này ? ?
Ri thì như thor luôn,0.0,20,ri thì như thor luôn
Thằng già kia đứng cười chứ :(,1.0,30,thằng già kia đứng cười chứ : (
Khổ thân,0.0,8,khổ_thân
Cực kì Mộ Dung Phục,0.0,19,cực_kì mộ dung phục
Gdinh nó có công vs cmang. Còn gdinh ad trốn chui lủi như chó. Thấy nó giàu và béo hơn mình thì ghen tỵ😂😂😂,1.0,106,gdinh nó có công với cmang . còn gdinh admin trốn chui_lủi như chó . thấy nó giàu và béo hơn mình thì ghen tỵ 😂 😂 😂
Fan cứng điểm danh,0.0,18,fan cứng điểm_danh
Thanh niên mạnh khỏe ko đi làm. Ăn cướp ăn trộm thế này.,1.0,56,thanh_niên mạnh_khỏe không đi làm . ăn_cướp ăn_trộm thế này .
Suc vât..ghet nhât cai thu hai ng.,2.0,34,suc vât . . ghet nhât cai thu hai ng .
xưa nay voz vẫn chất với những cua rơ như thế rồi bạn ui :3,0.0,59,xưa_nay voz vẫn chất với những cua_rơ như thế rồi bạn ui : 3
Anh tai hay danh hài?,0.0,21,anh tai hay danh_hài ?
I love you các cậu 😂😂,0.0,21,i love you các cậu 😂 😂
Chịu cái đit con mẹ mày ah? Cút mẹ mày về nước giùm đi Trâu sề…,2.0,63,chịu cái đit con_mẹ mày ah ? cút mẹ mày về nước giùm đi trâu sề …
"Nguyễn Thu Ngọc cá ai còn hâm mộ cuồng jack thì nhận thức cũng chỉ ngang mấy bé khăn quàng đỏ suy nghĩ nông nổi thôi, giờ u60 mà hâm mộ jack t cũng khinh",0.0,153,"nguyễn thu ngọc cá ai còn hâm_mộ cuồng jack thì nhận_thức cũng chỉ ngang mấy bé khăn_quàng_đỏ suy_nghĩ nông_nổi thôi , giờ u60 mà hâm_mộ jack t cũng khinh"
"Khốn nạn, chúng dàn cảnh 2 đứa hỏi đường, để đứa kia có thời cơ trộm xe vì cô gái mất cảnh giác,",1.0,96,"khốn_nạn , chúng dàn_cảnh 2 đứa hỏi đường , để đứa kia có thời_cơ trộm xe vì cô gái mất cảnh_giác ,"
một màu nam kì chúng m,2.0,22,một màu nam kì chúng m
Thanh niên phân biệt vùng miền bàn phím vãi lồng. Giỏi thì ra hà nội kêu bắc kỳ giữa đường hoặc sài gòn kêu nam kỳ xem. Coi thử có đi răng hàm mặt chỉnh hình không. Đkm lũ phân biệt vùng miền. Đkm lũ phản động.,2.0,210,thanh_niên phân_biệt vùng miền bàn_phím vãi lồng . giỏi thì ra hà_nội kêu bắc kỳ giữa đường hoặc sài_gòn kêu nam kỳ xem . coi thử có đi răng_hàm mặt chỉnh_hình không . đkm lũ phân_biệt vùng miền . đkm lũ phản_động .
So cái lon,1.0,10,so cái lon
Lương 7-8tr chẳng đủ ăn cơm đâu con ạ. Ăn tôm hùm sâu răng đây,0.0,62,lương 7 - 8tr chẳng đủ ăn cơm đâu con ạ . ăn tôm_hùm sâu_răng đây
"lũ Miền bắc máu lạnh, thế cũng làm được",2.0,39,"lũ miền bắc máu lạnh , thế cũng làm được"
câm mẹ mồm đi,1.0,13,câm mẹ mồm đi
"Lộc đéo cmt là bác đc yên r. Lộc cmt cái bác \""lên\"" nóc nhà bắt con gà... Bãi đéo nào cũng có dấu răng của L :))",1.0,113,"lộc đéo cmt là bác được yên r . lộc cmt cái bác \ "" lên \ "" nóc nhà bắt con gà ... bãi đéo nào cũng có dấu răng của l : ) )"
nhắn thêm chữ địt chị mày nữa chất vlon a êiiiii,2.0,48,nhắn thêm chữ địt chị mày nữa chất vlon a êiiiii
Tui muốn đi đúng làn lắm,0.0,24,tui muốn đi đúng làn lắm
"Nguyễn Tuấn Hiệp , nhưng thực sự nhạc nhẽo đéo nghe nổi hết 1phút =))))",1.0,71,"nguyễn tuấn hiệp , nhưng thực_sự nhạc nhẽo đéo nghe nổi hết 1phút = ) ) ) )"
Có phải nó mẹ đâu,1.0,17,có phải nó mẹ đâu
Bã mướng con bóng già nào chửi chị á Minh Hiếu,2.0,46,bã mướng con bóng già nào chửi chị á minh hiếu
Nguyen Cuong quá đã,0.0,19,nguyen cuong quá đã
Nguyễn Thị Thịnh xem ở đây chuẩn nè bạn,0.0,39,nguyễn thị thịnh xem ở đây chuẩn nè bạn
dm bữa ni đường 3m cũng có CA đứng @@,1.0,37,dm bữa_ni đường 3m cũng có ca đứng @ @
"Đụ má, em ức chế quá.",1.0,21,"đụ má , em ức_chế quá ."
Page của mày h xàm loz quá....riết toàn ngta zô chửi cha mắng mẹ mày ko vậy ad,2.0,78,page của mày h xàm loz quá ... . riết toàn ngta zô chửi cha mắng mẹ mày không vậy admin
Clm :))),1.0,8,clm : ) ) )
Dung lam tt nua,0.0,15,dung lam tt nua
Con chó đang cay lắm phải k Thg cha con mẹ đang hấp hối thoi thoi của mày đâu r xúc vật ơi. Đéo lo chôn cha mẹ m đi mà đi cắn bậy cho thg tiểu nhân Viruss nhiều thế con chó,2.0,172,con chó đang cay lắm phải không thg cha con_mẹ đang hấp_hối thoi thoi của mày đâu r xúc vật ơi . đéo lo chôn cha_mẹ m đi mà đi cắn bậy cho thg tiểu_nhân viruss nhiều thế con chó
Bắc được bắn tiệt nó đi,1.0,23,bắc được bắn tiệt nó đi
má ảnh boost rank bạch kim mà ảnh tưởng ảnh hay hay gì ấy,0.0,57,má ảnh boost rank bạch_kim mà ảnh tưởng ảnh hay hay gì ấy
phát ngôn như cái L,1.0,19,phát_ngôn như cái l
"Lena Stella kiếp trc sống lỗi, kiếp này ..",0.0,42,"lena stella kiếp trc sống lỗi , kiếp này . ."
Xem mà cười đau bụng😆,0.0,21,xem mà cười đau bụng 😆
"Dầu gì đi nữa t cũng là cháu của bá hộ ngọc lan, cháu bà ngũ thị đời mà chở vàng qua mỹ bỏ lại 2 cái villa ở sài gòn, cháu bà ba hoa Viện Kiểm sát tòa án nhân dân huyện hóc môn, mà cháu của cậu Tỉnh làm công an huyện hóc môn,mà e của Mỹ Lộc có nhà đất mặt tiền!' Nghe mắc ỉa ghê á! Huỵch nợ cô Minh Hiếu mà cái miệng quang quang, t cho cái chày đâm tiêu vô đầu m à!",1.0,365,"dầu gì đi_nữa t cũng là cháu của bá_hộ ngọc_lan , cháu bà ngũ thị đời mà chở vàng qua mỹ bỏ lại 2 cái villa ở sài_gòn , cháu bà ba_hoa viện kiểm_sát tòa_án nhân_dân huyện hóc_môn , mà cháu của cậu tỉnh làm công_an huyện hóc_môn , mà e của mỹ lộc có nhà_đất mặt_tiền ! ' nghe mắc ỉa ghê á ! huỵch nợ cô minh hiếu mà cái miệng quang quang , t cho cái chày đâm tiêu vô đầu m à !"
"Hiệp Đinh cái thứ tay nhanh hơn não mà cũng có tư cách nói à,, chưa biết ai hạ cấp đâu, m nghĩ ai cũng như mày á, biết bệnh mà vẫn á",2.0,132,"hiệp đinh cái thứ tay nhanh hơn não mà cũng có tư_cách nói à , , chưa biết ai hạ_cấp đâu , m nghĩ ai cũng như mày á , biết bệnh mà vẫn á"
"Phạm Thanh Tùng dm t cười , rảnh éo chịu",1.0,40,"phạm thanh tùng dm t cười , rảnh éo chịu"
Trư Bát Giới ngọc trinh dáng ngon mà cái mặt t thề nhìn tắt nứng,1.0,64,trư bát giới ngọc trinh dáng ngon mà cái mặt t_thề nhìn tắt_nứng
"Nhung ơi là Nhung, sao mày báo đời dữ vậy Nhung...):",1.0,52,"nhung ơi là nhung , sao mày báo đời dữ vậy nhung ... ) :"
À thế bạn ý hát bài j jui có ai giới thiệu cho mình đc ko. Lâu jui mình chẳng nghe bài hát mới nào cả,0.0,101,à thế bạn ý hát bài gì jui có ai giới_thiệu cho mình được ko . lâu jui mình chẳng nghe bài hát mới nào cả
Chúng ta đang sống trong môi trường cướp giật trộm cắp khắp nơi.,1.0,64,chúng_ta đang sống trong môi_trường cướp_giật trộm_cắp khắp nơi .
Xăng đg đc nhà nước trợ giá rẻ thế còn j nữa,0.0,44,xăng đg được nhà_nước trợ_giá rẻ thế còn gì nữa
Minh Ân Chu Đmm,2.0,15,minh ân chu đmm
Bắt đc đánh cho lại bảo thương,0.0,30,bắt được đánh cho lại bảo thương
My fucking mom,2.0,14,my fucking mom
"Xã hội ngày càng phát triển thì đạo đức con người lại ngày càng suy đồi. Thật sự bây giờ không ít các thành phần nghĩ mình là cha là mẹ thiên hạ, sống mà hống hách không coi ai ra gì, giết người rồi nói nhẹ như là giết 1 con kiến vậy. Thôi mong pháp lu… Xem thêm",1.0,262,"xã_hội ngày_càng phát_triển thì đạo_đức con_người lại ngày_càng suy_đồi . thật_sự bây_giờ không ít các thành_phần nghĩ mình là cha là mẹ thiên_hạ , sống mà hống_hách không coi ai ra_gì , giết người rồi nói nhẹ như là giết 1 con kiến vậy . thôi mong pháp lu … xem thêm"
Cái tội mẹ trai,1.0,15,cái tội mẹ trai
Mày là 1 con bọ gậy trong trong xô nước tù mãi không chui ra được đúng là trâu với dê,1.0,85,mày là 1 con bọ_gậy trong trong xô nước tù mãi không chui ra được đúng là trâu với dê
Quyền bảo thua 20m vẫn vui vẻ bình thường mực solo thua có 100k lải nhải suốt thôi,1.0,82,quyền bảo thua 20m vẫn vui_vẻ bình_thường mực solo thua có 100k lải_nhải suốt thôi
Ác thế không biết,1.0,17,ác thế không biết
Chiêu này vẫn còn hữu dụng,0.0,26,chiêu này vẫn còn hữu_dụng
xe chở súc vật mong người dân hãy tránh xa (đề phòng súc vật phóng uế lung tung làm mất vệ sinh).,2.0,97,xe chở súc_vật mong người dân hãy tránh xa ( đề_phòng súc_vật phóng_uế lung_tung làm mất vệ_sinh ) .
Con gái của thầy đó,0.0,19,con_gái của thầy đó
Nguyễn Kiều Nam trẩu nó vậy á bạn.,1.0,34,nguyễn kiều nam trẩu nó vậy á bạn .
"Nói nghe nè ah trọng gì đó ơi bổ ah bị lé hay là bị đuôi vậy ah ah kg thấy cầu thủ thái quất cái củ vào mặt cầu thủ việt nam chúng tôi sau ,nói nghe nè việt nam chúng tôi chơi rất công bằng và văn minh nhưng ai chơi dơ chơi chó sẽ nhận đc cái mà pải đag nhận nhé lúc thái quất cái củ trỏ vào mặt việt nam sau kg sự thế tới việt nam đá vô mặt lại sự thế mày bị đuôi đi làm trọng tài làm gì vậy ,chơi đẹp mai chơi tiếp nhé còn chơi dơ chơi cho giống mấy ah ák việt nam chúng tôi kg cần ok ,chơi chó",1.0,496,"nói nghe nè ah trọng gì đó ơi bổ ah bị lé hay_là bị đuôi vậy ah ah kg thấy cầu_thủ thái quất cái củ vào mặt_cầu_thủ việt_nam chúng_tôi sau , nói nghe nè việt_nam chúng_tôi chơi rất công_bằng và văn_minh nhưng ai chơi dơ chơi chó sẽ nhận được cái mà pải đag nhận nhé lúc thái quất cái củ trỏ vào mặt việt nam sau kg sự thế tới việt nam đá vô mặt lại sự thế mày bị đuôi đi làm trọng_tài làm gì vậy , chơi_đẹp mai chơi tiếp nhé còn chơi dơ chơi cho giống mấy ah ák việt_nam chúng_tôi kg cần ok , chơi chó"
Phạt nặng là thế nào . Bắn bỏ mẹ nó đi . Xem chừng nó có âm mưu đó !,1.0,68,phạt nặng là thế_nào . bắn bỏ_mẹ nó đi . xem_chừng nó có âm_mưu đó !
Lê Hải Long bởi vì chó là vật nuôi và lợn gà bò dê dc nuôi để ăn ok ? Ngu còn tỏ ra nguy hiểm :))),1.0,98,lê hải long bởi_vì chó là vật_nuôi và lợn gà bò dê được nuôi để ăn ok ? ngu còn tỏ ra nguy_hiểm : ) ) )
"Ở cái nơi sinh sôi nảy nở ra lũ cướp giật nhiều như mản thế thì nên cảnh giác đề phòng với những loại như..ngồi khư khư ở xe ,hỏi mua,hỏi đường,hỏi lăng nhăng, với lũ như này",1.0,174,"ở cái nơi sinh_sôi nảy_nở ra lũ cướp_giật nhiều như mản thế_thì nên cảnh_giác đề_phòng với những loại như . . ngồi khư_khư ở xe , hỏi mua , hỏi đường , hỏi lăng_nhăng , với lũ như này"
em ủng hộ bác. Mấy ông lên cào phím kêu ng ta mãi lộ thì 10 ông có 9 ông sai lè lè ra. Đưa tiền ng ta k nhận thì gào lên là làm khó k tạo đk mà ng ta nhận để tạo đk cho vẫn có xe đi lại thì kêu ng ta nhận hối lộ,0.0,211,em ủng_hộ bác . mấy ông lên cào phím kêu ng ta mãi lộ thì 10 ông có 9 ông sai lè lè ra . đưa tiền ng ta không nhận thì gào lên là làm_khó không tạo đk mà ng ta nhận để tạo đk cho vẫn có xe đi_lại thì kêu ng ta nhận hối_lộ
Cln lồn này xàm lồn,2.0,19,cln lồn này xàm lồn
Lũ này cần bắn bỏ,2.0,17,lũ này cần bắn_bỏ
Cố gắng lên ông còn hai trận gặp indo kìa,0.0,41,cố_gắng lên ông còn hai trận gặp indo kìa
Xin vĩnh biệt cụ,0.0,16,xin vĩnh_biệt_cụ
Anh đó chửi con đỷ này nghe đã tai,2.0,34,anh đó chửi con đỷ này nghe đã tai
Địt mẹ thiên đường ad nhỉ,2.0,25,địt_mẹ thiên_đường admin nhỉ
So cmm cút đi nghe,1.0,18,so cmm cút đi nghe
còn nhân dân sẽ nhớ muôn đời Lũ súc sinh con Nghiệt súc như mày,2.0,63,còn nhân_dân sẽ nhớ muôn_đời lũ súc_sinh con nghiệt súc như mày
Xin cái thẻ đỏ ạ,0.0,16,xin cái thẻ_đỏ ạ
Nguyễn Trọng Hiệp có cần cho mượn con bmw 760li ko :)),0.0,54,nguyễn trọng hiệp có cần cho mượn con bmw 760li không : ) )
"Xe tắng thiết giáp đáp lồn má mấy thằng ở trên,cmt ngu vl",2.0,57,"xe tắng thiết_giáp đáp lồn má mấy thằng ở trên , cmt ngu vl"
Công an nên truy quét mấy loại này . Chứ cứ ra chặn đầu xe dân lành kiếm ăn làm ji . Riết tôi thấy csgt còn đông hơn người điều khiển xe máy,0.0,140,công_an nên truy_quét mấy loại này . chứ cứ ra chặn đầu xe dân lành kiếm_ăn làm ji . riết tôi thấy csgt còn đông hơn người điều_khiển xe_máy
Ý thức không bằng cả Huấn râu gì. Chán,1.0,38,ý_thức không bằng cả huấn râu gì . chán
nếu đúng đạo nhạc thật mà bị kiện thì có thể bồi thường và đi tù đấy,0.0,68,nếu đúng đạo nhạc thật mà bị kiện thì có_thể bồi_thường và đi tù đấy
Con đỉ minh hiếu là con đỉ khùng dơ con súc vật sánh cũng không bằng  nó nghe   con rác rửi  con khùng bẩm sinh con quái vật,2.0,124,con đỉ minh hiếu là con đỉ khùng dơ con súc_vật sánh cũng không bằng nó nghe con rác rửi con khùng bẩm_sinh con quái_vật
Đập chết cmn luôn,2.0,17,đập chết cmn luôn
tội mê trai,1.0,11,tội mê trai
Tài Lê Tấc nhiêng là mưu sự do nhân mà thành sự do thiên,0.0,56,tài lê tấc nhiêng là mưu sự do nhân mà thành sự do thiên
ad càng ngày thấy càng ngu thì fải,1.0,34,admin càng ngày thấy càng ngu thì fải
Vụ gì thì kệ mẹ đi cứ lôi ra mà bới móc ???,1.0,43,vụ gì thì kệ mẹ đi cứ lôi ra mà bới_móc ? ? ?
Có nha. Sao có thể ko. Vì nó sống rất có đạo Đức,0.0,48,có nha . sao có_thể ko . vì nó sống rất có đạo_đức
Cái lồn con mẹ m m ngu như một con chó ý chu si ê cc ạ m đéo bằng người thầy đáng kính của Park Hang Seo của Việt Nam dm cái loại mặt lồn như m thì làm đc cái dbcc gì cái loại m mà gặp tao là cút luôn chứ đừng quay lại,2.0,218,cái lồn con_mẹ m m ngu như một con chó ý chu si ê cc ạ m đéo bằng người thầy đáng kính của park hang_seo của việt nam dm cái loại mặt lồn như m thì làm được cái dbcc gì cái loại m mà gặp tao là cút luôn chứ đừng quay lại
Ngon thì kiếm người giàu mà cướp,1.0,32,ngon thì kiếm người giàu mà cướp
Zinloi cái cc,1.0,13,zinloi cái cc
Cực kì thuyết phục ! :)),0.0,24,cực_kì thuyết_phục ! : ) )
Khó chịu vl,1.0,11,khó_chịu vl
Có màu rằn ri Ko b,0.0,18,có màu rằn_ri không b
thằng idol m còn viết tus giọng cay cú chứ còn chả nói chuyện tử tế được như ngta =]] còn đúng sai tnao làm căng lên sẽ rõ,1.0,122,thằng idol m còn viết tus giọng cay_cú chứ còn chả nói_chuyện tử_tế được như ngta = ] ] còn đúng sai tnao làm căng lên sẽ rõ
Trang lồn trâu này chả khác đéo gì việt tân. Fan thì địt có ai. Toàn gây thù chuốc oán cho nhau. Còn những thằng cmt ở trên vs những cái suy nghĩ lệch lạc cũng chẳng khác lồn gì lũ bán nước.,2.0,190,trang lồn trâu này chả khác đéo gì việt tân . fan thì địt có ai . toàn gây thù chuốc oán cho nhau . còn những thằng cmt ở trên với những cái suy_nghĩ lệch_lạc cũng chẳng khác lồn gì lũ bán_nước .
Quá lộng hành,0.0,13,quá lộng_hành
Nó cho mầy nhiều tiền nói luôn đi! Lm trọng tài kiểu thế hả,0.0,59,nó cho mầy nhiều tiền nói luôn đi ! lm trọng_tài kiểu thế hả
Cùng môt nhóm !,0.0,15,cùng môt nhóm !
 thôi nào đừng dí em nó đg ngủ coi chừng đt rung quá bật lên thấy lại khóc kinh lắm,0.0,83,thôi nào đừng dí em nó đg ngủ coi_chừng đt rung quá bật lên thấy lại khóc kinh lắm
Nhiều chiện quá cũng đáng,0.0,25,nhiều chiện quá cũng đáng
Cái mieng con linh loc  ik nhu cái lon trau,1.0,43,cái mieng con linh loc ik nhu cái lon trau
"thằng ngu sơn này nó cầm con hecarim đi rừng ngu 2/17 đúng k anh ? Đúng thằng óc vật có khác, bảo sao mãi lóp ngóp ở bk4, ngu thế lại còn duo lb2 nữa, ngu vậy có kata thách đấu nó gánh cho còn thua chứ thằng lb2 rách thì làm đc gì, thằng sơn đâu vào đây anh bảo",2.0,261,"thằng ngu sơn này nó cầm con hecarim đi rừng ngu 2 / 17 đúng không anh ? đúng thằng óc vật có khác , bảo sao mãi lóp_ngóp ở bk4 , ngu thế lại còn duo lb2 nữa , ngu vậy có kata thách đấu nó gánh cho còn thua chứ thằng lb2 rách thì làm được gì , thằng sơn đâu vào đây anh bảo"
ủa t đang nói cái m ví dụ kìa :)) nhảy đi đâu v,0.0,47,ủa t đang nói cái m ví_dụ kìa : ) ) nhảy đi đâu v
Đánh trụ me đi đã k bao h check map còn ngựa ngựa trêu nó này thì ggez,1.0,70,đánh trụ me đi đã không bao h check map còn ngựa ngựa trêu nó này thì ggez
Xã hội cong vòng,1.0,16,xã_hội cong vòng
Lấy của người giàu thì còn chấp nhận dc chứ người ta ngeo mà cũng k tha tụi này sớm muộn gì cũng nằm đườg hoặc vô tu,0.0,137,lấy của người giàu thì còn chấp_nhận được chứ người_ta ngeo mà cũng không tha tụi này sớm_muộn gì cũng nằm đườg hoặc vô tu
thôi tất cả chỉ là diễn,0.0,23,thôi tất_cả chỉ là diễn
làm hỏng trận đấu xong xin lỗi,0.0,30,làm hỏng trận đấu xong xin_lỗi
Luc óc chó này ăn lắm cứt quá,2.0,29,luc óc chó này ăn lắm cứt quá
Sorry fuckk,1.0,11,sorry fuckk
Liên đoàn bóng đá việt nam nên suy nghĩ lại. Sa thải ngay ông này troussie out,0.0,78,liên_đoàn bóng_đá việt nam nên suy_nghĩ_lại . sa_thải ngay ông này troussie out
Tuần sau 16 team là hơi căng đó nha :( phải hard hơn nữa,0.0,56,tuần sau 16 team là_hơi căng đó nha : ( phải hard hơn_nữa
"lối đá rời rạc vô hồn, hlv quá kém, tôi nghĩ ngài nên biến đi thì hơn",1.0,69,"lối đá rời_rạc vô_hồn , hlv quá kém , tôi nghĩ ngài nên biến đi thì hơn"
"Đéo muốn chửi đâu cơ mà mặt thằng này nhìn vô là đã đéo có cảm tình, mặt quắc tai dơi mỏ nhọn, nhân tướng học xét qua một lượt thì trông điểm nào cũng hèn mạt. Đã thế thì phải cố đức năng thắng số, đằng này lại ngu lâu dốt bền, đần độn tự ái, vác dái l… Xem thêm",2.0,262,"đéo muốn chửi đâu cơ_mà mặt thằng này nhìn vô là đã đéo có cảm_tình , mặt quắc tai dơi mỏ nhọn , nhân tướng học xét qua một lượt thì trông điểm nào cũng hèn_mạt . đã thế thì phải cố đức năng thắng số , đằng này lại ngu lâu dốt bền , đần_độn tự_ái , vác dái l … xem thêm"
Dương Tiến Đạt đến con người vs con người bạn con phân biệt vùng miền. Ấy thế mà đi thương con chó.,2.0,99,dương tiến đạt đến con_người với con_người bạn con phân_biệt vùng miền . ấy thế_mà đi thương con chó .
Xe vẫn trong thời gian giam giữ và chưa hết hạn thì phải bồi thường theo quy định nhé! Còn xe quá hạn thì chủ xe chịu khó ngậm ngùi thôi,0.0,136,xe vẫn trong thời_gian giam_giữ và chưa hết hạn thì phải bồi_thường theo quy_định nhé ! còn xe quá hạn thì chủ xe chịu_khó ngậm_ngùi thôi
Chuyến này về thù đờn ông lém nè,0.0,32,chuyến này về thù đờn ông lém nè
Dạ,0.0,2,dạ
Arap referre is dick,2.0,20,arap referre is dick
nói ko bt ngượng,0.0,16,nói không bình_thường ngượng
"Cảm ơn nhà sư.những nơi # thì_,thà lang thang thế này còn hơn vào trung tâm BT cho các loại quỷ đội lốt người có cơ hội ấu dâm😭",2.0,127,"cảm_ơn nhà_sư . những nơi # thì_ , thà lang_thang thế này còn hơn vào trung_tâm bình_thường cho các loại quỷ đội_lốt người có cơ_hội ấu dâm 😭"
Bộ hết người hay sao vậy trời...,0.0,32,bộ hết người hay sao vậy trời ...
Bắt được mấy thằng chó này băm làm chả giò,2.0,42,bắt được mấy thằng chó này băm làm chả_giò
Tác giả đang nói thằng niễng và thằng cố vấn của nó.,1.0,52,tác_giả đang nói thằng niễng và thằng cố_vấn của nó .
"Hung Nguyen không, chỉ có cờ vàng cứt choá thôi 😌",1.0,49,"hung nguyen không , chỉ có cờ vàng cứt choá thôi 😌"
"Nguyễn Gia Bảo . Hãy nhìn Nhật Bản, Hàn Quốc vừa rồi có kiểm soát bóng nổi không ? Bóng vừa chạm chân đã mất và Indonesia cũng phá sự kiểm soát của Việt Nam như vậy đó. Bóng đá của ông Park một chạm phối hợp ngắn sóng trào lên dần từng cơn không phải k… Xem thêm",0.0,262,"nguyễn gia_bảo . hãy nhìn nhật bản , hàn_quốc vừa_rồi có kiểm_soát bóng nổi không ? bóng vừa chạm chân đã mất và indonesia cũng phá sự kiểm_soát của việt_nam như vậy đó . bóng_đá của ông park một chạm phối_hợp ngắn sóng trào lên dần từng cơn không phải k … xem thêm"
Má nó đau tim vl các ông ạ,1.0,26,má nó đau tim vl các ông ạ
Vãi cả cái còi ôm vòng theo cái ngực đô con 😂😂,1.0,46,vãi cả cái còi ôm vòng theo cái ngực đô con 😂 😂
Thua thì cut khỏi vn đi thằng toi,2.0,33,thua thì cut khỏi vn đi thằng toi
Ad à. Cái này ad bạy rồi. Đa phần đăng ký nó cho free mà bản thân e ko đóng tiền mạng 9 cái rồi đây,0.0,99,admin à . cái này admin bạy rồi . đa_phần đăng_ký nó cho free mà bản_thân e không đóng tiền mạng 9 cái rồi_đây
Giờ xin lỗi cũng đã muộn r Em phải đi sang việt nam để xử bắn,1.0,61,giờ xin_lỗi cũng đã muộn r em phải đi sang việt_nam để xử bắn
@Nguyễn Quý:AFF có luật cầu thủ dc bắt chụp banh trong vòng cấm và thủ môn được bắt bên ngoài vạch. Bịp,0.0,103,quý : aff có luật cầu_thủ được bắt chụp banh trong vòng cấm và thủ_môn được bắt bên ngoài vạch . bịp
"Ngu vl. Thua xong còn chửi blame đồng đội feed tận 17 mạng vẫn kêu gánh, oánh trái lane cũng éo ai ngu như này",1.0,110,"ngu vl . thua xong còn chửi blame đồng_đội feed tận 17 mạng vẫn kêu gánh , oánh trái lane cũng éo ai ngu như này"
zeros đánh pha này cũng được ,0.0,29,zeros đánh pha này cũng được
đánh thì ngu khóc thì lắm ? ĐỦ TRÌNH KO ??,1.0,49,đánh thì ngu khóc thì lắm ? đủ trình không ? ?
Qua chan Trom cap tran la n,1.0,27,qua chan trom cap tran la n
Phượng Nguyễn đừng có zị nghen.,0.0,31,phượng nguyễn đừng có zị nghen .
Làm cho Sáng con mắt luôn J97 Entertainment,0.0,43,làm cho sáng con mắt luôn j97 entertainment
Quá dả man một gđ côn đồ mong pl xử nghiêm hành vi bạo lực này để lấy lại công đạo cho em,2.0,89,quá dả man một gđ côn_đồ mong pl xử nghiêm hành_vi bạo_lực này để lấy lại công đạo cho em
vcl trông như cac. Quả fb thì trai alime lỏ đúng mấy th ranh cấp 3. Trông đã như cac còn fan mực dốt,2.0,100,vcl trông như cac . quả fb thì trai alime lỏ đúng mấy th ranh cấp 3 . trông đã như cac còn fan mực dốt
Trọng tài quốc tế mà tầm nhìn thấp kém.,1.0,39,trọng_tài quốc_tế mà tầm nhìn thấp_kém .
Lộc đến từ cao lãnh😂,0.0,20,lộc đến từ cao_lãnh 😂
Đàn bà dễ có mấy tay_dinh thự của nữ đội trưởng đội chống buôn lậu,1.0,66,đàn_bà dễ có mấy tay_dinh thự của nữ đội_trưởng đội chống buôn_lậu
đóm tật,1.0,7,đóm tật
"xe vi phạm thì cũng là ts của người dân bạn ơi. Giữ xe chỉ là hình phạt thôi, chưa kể giữ có thu phí thì mọi hư hao, mất mát ... đều phải bồi thường theo luật dân sự. Có điều trong trường hợp này thì hầu như việc bồi thường rất ít, hầu như không có.",0.0,249,"xe vi_phạm thì cũng là ts của người dân bạn ơi . giữ xe chỉ là hình_phạt thôi , chưa kể giữ có thu phí thì mọi hư_hao , mất_mát ... đều phải bồi_thường theo luật dân_sự . có_điều trong trường_hợp này thì hầu_như việc bồi_thường rất ít , hầu_như không có ."
"Trắng biến thành đen , có biến thành ko , ko biến thành có họ còn làm được chứ trắng biến thành xanh là chuyện nhỏ",1.0,114,"trắng biến thành đen , có biến thành không , không biến thành có họ còn làm được chứ trắng biến thành xanh là chuyện nhỏ"
"ngu vậy , đọc và hiểu đi",1.0,24,"ngu_vậy , đọc và hiểu đi"
"nghèo khổ có giúp  gì được  người  ta k mà đào mồ cuốc mả hộ vậy? ác nghiệp ,khẩu nghiệp mày",2.0,95,"nghèo_khổ có giúp gì được người_ta không mà đào mồ cuốc mả hộ vậy ? ác_nghiệp , khẩu nghiệp mày"
Rên ác=)),0.0,9,rên ác = ) )
"Ai đúng ai sai, kết cuộc sẽ rõ. Mọi người nhìn sự việc theo quan điểm riêng của mình, không hẳn là khách quan! Hãy đợi xem sao?",0.0,127,"ai đúng ai sai , kết cuộc sẽ rõ . mọi người nhìn sự_việc theo quan_điểm riêng của mình , không hẳn là khách_quan ! hãy đợi xem sao ?"
e hông hiệu e hông hiệu .,0.0,25,e hông hiệu e hông hiệu .
Chỉ sợ thứ óc chó ngu hết phần chó như này,2.0,42,chỉ sợ thứ óc chó ngu hết phần chó như này
"Dầu gì đi nữa t cũng là cháu của bá hộ ngọc lan, cháu bà ngũ thị đời mà chở vàng qua mỹ bỏ lại 2 cái villa ở sài gòn, cháu bà ba hoa Viện Kiểm sát tòa án nhân dân huyện hóc môn, mà cháu của cậu Tỉnh làm công an huyện hóc môn,mà e của Mỹ Lộc có nhà đất mặt tiền!' Nghe mắc ỉa ghê á! Huỵch nợ cô Minh Hiếu mà cái miệng quang quang, t cho cái chày đâm tiêu vô đầu m à!",1.0,365,"dầu gì đi_nữa t cũng là cháu của bá_hộ ngọc_lan , cháu bà ngũ thị đời mà chở vàng qua mỹ bỏ lại 2 cái villa ở sài_gòn , cháu bà ba_hoa viện kiểm_sát tòa_án nhân_dân huyện hóc_môn , mà cháu của cậu tỉnh làm công_an huyện hóc_môn , mà e của mỹ lộc có nhà_đất mặt_tiền ! ' nghe mắc ỉa ghê á ! huỵch nợ cô minh hiếu mà cái miệng quang quang , t cho cái chày đâm tiêu vô đầu m à !"
nam kì rẻ rách,2.0,14,nam kì rẻ rách
Mày nghỉ luôn cũng được. Phát ngôn tào lao fan nó unfollow hết bây giờ,1.0,70,mày nghỉ luôn cũng được . phát_ngôn tào_lao fan nó unfollow hết bây_giờ
Lại Hợp Sâm clm đến v thì /ff,1.0,29,lại hợp sâm clm đến v thì / ff
chính idol m đang viết cmt cay cú ngay trong bài viết của Viruss kia kìa. Vào mà xem cách viết văn củ chuối của idol m xem có hành xử hợp lí k,0.0,142,chính idol m đang viết cmt cay_cú ngay trong bài viết của viruss kia kìa . vào mà xem cách viết văn củ chuối của idol m xem có hành xử hợp_lí không
"Ghê, chảnh choẹ",1.0,15,"ghê , chảnh choẹ"
Lại Hợp Sâm clm đến v thì /ff,1.0,29,lại hợp sâm clm đến v thì / ff
Nge hay mà,0.0,10,nge hay mà
Ăn gì con cúng cho ạ,0.0,20,ăn gì con cúng cho ạ
Chinh la no :)),0.0,15,chinh la no : ) )
"Rách không bao , giờ đạo nhạc",1.0,29,"rách không bao , giờ đạo nhạc"
Dat Nguyen đôi lúc cũng có bài k hay chứ chẳng lẽ hay hết 🙄,0.0,59,dat nguyen đôi lúc cũng có bài không hay chứ chẳng_lẽ hay hết 🙄
chơi game mà cứ bị đ1t vào tai,1.0,30,chơi game mà cứ bị đ1t vào tai
Tội mê trai,1.0,11,tội mê trai
Một điếu thuốc lào nâng cao sĩ diện,0.0,35,một điếu thuốc_lào nâng cao sĩ_diện
MCVMedia  may dung co so sanh lisa tui  do di cho,2.0,49,mcvmedia may dung co so sanh lisa tui do di cho
"Sao mày ngu thế mày giỏi mày đi kêu gọi mn xem người ta có góp cho mày k. Mày thấy làm mệt quá à. Người ta có tiền thì góp tiền, có sức góp sức. Còn mày cảm thấy bất công quá thì nghỉ con mẹ mày đi làm từ thiện đi. Làm từ thiện mà lại so sánh thiệt hơn so so cái cc. Mày tưởng mày bê được mấy cái thùng mì tôm là mày to à",2.0,321,"sao mày ngu thế mày giỏi mày đi kêu_gọi mọi người xem người_ta có góp cho mày k . mày thấy làm mệt quá à . người_ta có tiền thì góp tiền , có sức góp sức . còn mày cảm_thấy bất_công quá thì nghỉ con_mẹ mày đi làm từ_thiện đi . làm từ_thiện mà_lại so_sánh thiệt_hơn so so cái cc . mày tưởng mày bê được mấy cái thùng mì tôm là mày to à"
vừa đẹp vừa lớn mà ngu fan jack bỏ con cmm,2.0,42,vừa đẹp vừa lớn mà ngu fan jack bỏ con cmm
Sbtc levi,0.0,9,sbtc levi
cẩn thận bị gạ đ** haizz,1.0,24,cẩn_thận bị gạ đ * * haizz
đúng r.. Rách hiền quá ạ. thương rách ăn cháo nuốt bát,1.0,54,đúng r . . rách hiền quá ạ . thương rách ăn cháo nuốt bát
"Ko lẻ bất cứ nước nào nhận lao động nước ngoài thì nước đó trình độ kém?? Ngu vl. Ngành luyện kim: mổi cty mở ra đều đưa nhân viên ra nước ngoài thực tập( chủ yếu ở Trung Quốc), vì chuyên môn yếu với lại thiếu chuyên cần, bất cẩn. Các nhà thầu TQ hầu n",1.0,252,"không lẻ bất_cứ nước nào nhận lao_động nước_ngoài thì nước đó trình_độ kém ? ? ngu vl . ngành luyện_kim : mổi cty mở ra đều đưa nhân_viên ra nước_ngoài thực_tập ( chủ_yếu ở trung quốc ) , vì chuyên_môn yếu với lại thiếu chuyên_cần , bất_cẩn . các nhà_thầu tq hầu_n"
"cái live rách của m t treo để chửi chứ còn đâu nó delay time, m vừa vào 4p che map chắc t xem dc của mày =))) đánh cái rank bk trình đéo có, team nó gánh cho từ đầu đến cuối chắc tự hào",1.0,185,"cái live rách của m t treo để chửi chứ còn đâu nó delay time , m vừa vào 4p che map chắc t xem được của mày = ) ) ) đánh cái rank bk trình đéo có , team nó gánh cho từ đầu đến cuối chắc tự_hào"
"Tu cái miệng lại đi,cái miệng mở ra thúi như cái ống cống vậy",1.0,61,"tu cái miệng lại đi , cái miệng mở ra thúi như cái ống cống_vậy"
Nguyễn Quang Minh d.c.m đây,1.0,27,nguyễn quang minh d . c . m đây
thằng này nó bị đần à hay thiểu năng vậy ae,2.0,43,thằng này nó bị đần à hay_thiểu_năng vậy anh_em
**ủa alo** chs gì điếm z ông **duma**,1.0,37,* * ủa alo * * chs gì điếm z ông * * duma * *
người làm việc cho nhà nước dúi tiền vào tay là nhận hả. Đất nước phải có CSGT là đúng nhưng ng ta hối lộ mà nhận là sai nhe. Giờ hok lẽ dúi tiền vào tay kêu phản động chống phá phản quốc cũng làm theo hay sao,0.0,209,người làm_việc cho nhà_nước dúi tiền vào tay là nhận hả . đất_nước phải có csgt là đúng nhưng ng ta hối_lộ mà nhận là sai nhe . giờ không_lẽ dúi tiền vào tay kêu phản_động chống_phá phản_quốc cũng làm theo hay sao
Mày có mắt ko thằng mù kia,1.0,26,mày có mắt không thằng mù kia
Vô cùng thuyết phục,0.0,19,vô_cùng thuyết_phục
giỏi sang hẳn nhà mà nch. 1 lũ ngu sáng đít,2.0,43,giỏi sang hẳn nhà mà nch . 1 lũ ngu sáng đít
Ditme mặt thầy cũng thần thái vãi l*n :)),2.0,41,ditme mặt thầy cũng thần_thái vãi l * n : ) )
:)))) bố cái thằng ranh 2k rồi nói tao cũng 2k giống nhỏ. ở ngoài khéo kêu tao bằng cha luôn chứ chú gì. lệch lệch tao vả cho cắm đầu vào cứt,2.0,141,: ) ) ) ) bố cái thằng ranh 2k rồi nói tao cũng 2k giống nhỏ . ở ngoài khéo kêu tao bằng cha luôn chứ chú gì . lệch lệch tao vả cho cắm_đầu_vào cứt
tao đã nói tao fan nó chưa m lại hài vl mở miệng ra là đã nguu Tao binh con nhỏ cmt tao đã bênh nó chưa :)) m gắn cái não vào rồi cmt,1.0,133,tao đã nói tao fan nó chưa m lại hài vl mở_miệng ra là đã nguu tao binh con nhỏ cmt tao đã bênh nó chưa : ) ) m gắn cái não vào rồi cmt
Bat may than nay kg lo lo bat xe kg,0.0,35,bat may than nay kg lo lo bat xe kg
Kiim Synk's đú trend nè🤣,0.0,24,kiim synk ' s đú trend nè 🤣
ô k ở cmt mấy đoạn đầu thì sao mà biết ai hỏi hay k hả ô?,0.0,57,ô không ở cmt mấy đoạn đầu thì sao mà biết ai hỏi hay không hả ô ?
"30 tuổi mà suy nghĩ nó đần như thế thì về dúc nách mẹ đi chứ, cả lò nhà m nữa",2.0,77,"30 tuổi mà suy_nghĩ nó đần như thế_thì về dúc nách_mẹ đi chứ , cả lò nhà m nữa"
Phá kẻ đó ae,0.0,12,phá kẻ đó anh_em
xin lỗi tụi bay chết kệ bà tụi bây tụi tao kiểm tra có cái cục cức gì đâu ( tao biết đó là thứ gì ),2.0,99,xin_lỗi tụi bay chết kệ bà tụi bây tụi tao kiểm_tra có cái cục cức gì đâu ( tao biết đó là thứ gì )
Diện Trần óc choá thật.,2.0,23,diện trần óc choá thật .
th đần,2.0,6,th đần
nó rên làm t đứng ngồi không yên luôn mà :(((,0.0,45,nó rên làm t đứng ngồi không yên luôn mà : ( ( (
đất nước ngày một thối nát,1.0,26,đất_nước ngày_một thối_nát
CHỉ cần rửa tay và ở yên trong nhà :),0.0,37,chỉ cần rửa tay và ở yên trong nhà : )
Đời má thật,0.0,11,đời má thật
thằng mực nó như nào thì bao người biết và nói rồi :))) m nịnh dái bênh được thì đủ hiểu cái hạng người như m cũng vậy thôi =))),1.0,128,thằng mực nó như nào thì bao người biết và nói rồi : ) ) ) m nịnh dái bênh được thì đủ hiểu cái hạng người như m cũng vậy thôi = ) ) )
người dân vũ hán sẽ nhớ mãi tên bác,0.0,35,người dân vũ hán sẽ nhớ mãi tên bác
Có mắt như mù đcm,1.0,17,có mắt như mù_đcm
Tao mà gặp mày tao kêu ae tao đập vào cái mặt ngu của mầy đó thằng trọng tài,2.0,76,tao mà gặp mày tao kêu anh_em tao đập vào cái mặt ngu của mầy đó thằng trọng_tài
"Tunal Tuấn nó là ruồi chỉ biết phát sáng ở đít thoi, chứ trong đầu có gì đâu mà ông khuyên nó thế làm gì =)))",1.0,109,"tunal tuấn nó là ruồi chỉ biết phát sáng ở đít thoi , chứ trong đầu có gì đâu mà ông khuyên nó thế làm gì = ) ) )"
"Dm, nó giàu nó mặc như lol người ta bảo đẹp:))",1.0,46,"dm , nó giàu nó mặc như lol người_ta bảo đẹp : ) )"
Mọi sự chủ quan đều có sự trả giá hết,0.0,37,mọi sự chủ_quan đều có sự trả_giá hết
xin vid với bạn ơi,0.0,18,xin vid với bạn ơi
sao tạo hóa lại tạo ra 1 thằng như m nhỉ. Cá nhân m làm mất hết mặt cộng đồng đập đớ r =)),2.0,90,sao tạo_hóa lại tạo ra 1 thằng như m nhỉ . cá_nhân m làm mất hết mặt cộng_đồng đập đớ r = ) )
Anh Minh đú ít thôi chậm cặc,1.0,28,anh_minh đú ít thôi chậm cặc
"Bọn nó là lũ cướp, mà có thằng nào cướp xong lại đền không",1.0,58,"bọn nó là lũ cướp , mà có thằng nào cướp xong lại đền không"
Mày đủ tuổi ko thằng lol này sủa ngu thế,2.0,40,mày đủ tuổi không thằng lol này sủa ngu_thế
Thế đéo nào???????!?!!?????,1.0,27,thế đéo nào ? ? ? ? ? ? ? ! ? ! ! ? ? ? ? ?
Dân bầu sai lãnh đạo thì chẳng lẽ là lãnh đạo sai ?,1.0,51,dân bầu_sai lãnh_đạo thì chẳng_lẽ là lãnh_đạo sai ?
mấy này bắt dc phải chặt tay nó ra,1.0,34,mấy này bắt được phải chặt tay nó ra
"Cố lên nào, thà bỏ con chứ không bao giờ bỏ qua chiện này.",0.0,58,"cố lên nào , thà bỏ con chứ không bao_giờ bỏ_qua chiện này ."
làm việc theo luật pháp chứ đéo phải đăng bài lên đâu ngon thì văn bản chứng từ gửi cho hai bên sau đó lên cơ quan giải quyết dm lũ ruồi chỉ biết phát sáng ở đít thôi học nhiều lên cái duma viết cta còn sai,2.0,206,làm_việc theo luật_pháp chứ đéo phải đăng bài lên đâu ngon thì văn_bản chứng từ gửi cho hai bên sau đó lên cơ_quan giải_quyết dm lũ ruồi chỉ biết phát sáng ở đít thôi học nhiều lên cái duma viết cta còn sai
ủa còn cái trách nhiệm làm cha đâu òi :))),0.0,42,ủa còn cái trách_nhiệm làm cha đâu òi : ) ) )
"DM...thèng assmin này...hỏi ngu méo chịu được...mày làm như muốn tập trận chung với QDNDVN dễ lắm vậy...mày hỏi 4 thằng đó ( Mĩ,Úc,Nhật,Phi ) coi tụi nó biết nói tiếng việt không mà tập chung...",2.0,194,"dm ... thèng assmin này ... hỏi ngu méo chịu được ... mày làm như muốn tập_trận chung với qdndvn dễ lắm vậy ... mày hỏi 4 thằng đó ( mĩ , úc , nhật , phi ) coi tụi nó biết nói tiếng việt không mà tập chung ..."
"bọn vô loài đó ai mà dám làm j,xe mà vô đó tụi nó coi như rác đô j ngon nó luộc sạch,bọn cướp cạn",2.0,97,"bọn vô_loài đó ai mà dám làm j , xe mà vô đó tụi nó coi như rác đô gì ngon nó luộc sạch , bọn cướp cạn"
Cũng tàm tạm,0.0,12,cũng tàm_tạm
"Fuck, đụ mẹ m hối lộ àk lol trọng tài",2.0,37,"fuck , đụ_mẹ m hối_lộ àk lol trọng_tài"
"Theo lẽ thường, đương nhiên phải bồi thường. Nhưng ở ta, CSGT làm việc theo “lẽ” của họ.",0.0,88,"theo lẽ thường , đương_nhiên phải bồi_thường . nhưng ở ta , csgt làm_việc theo “ lẽ ” của họ ."
m game đầu chơi jax game sau chơi kayn đúng k cu?,0.0,49,m game đầu chơi jax game sau chơi kayn đúng không cu ?
cánh cụt kìa. :)))),0.0,19,cánh cụt kìa . : ) ) ) )
giờ mới 2020 mà ông này đã kêu là 2022 tôi đã về vn rồi - tôi về 572 lê quang định. 5p45s .  lão này về bằng cỗ máy thời gian của doremon ak,0.0,140,giờ mới 2020 mà ông này đã kêu là 2022 tôi đã về vn rồi - tôi về 572 lê quang định . 5p45s . lão này về bằng cỗ máy thời_gian của doremon ak
loại này có bắt đi tù về xong nó lại ngựa quen đường cũ ấy mà,1.0,61,loại này có bắt đi tù về xong nó lại ngựa quen đường cũ ấy mà
"trình mình ko kinh bạn ơi , thấy bạn bợ đít nó vô lí quá :)))",1.0,61,"trình mình không kinh bạn ơi , thấy bạn bợ_đít nó vô_lí quá : ) ) )"
ủa tưởng dỗi không chơi không live mà ?? ô thế là mõm à,1.0,55,ủa tưởng dỗi không chơi không live mà ? ? ô thế_là mõm à
Tôi không hiểu sao,0.0,18,tôi không hiểu sao
Loằng ngoằng thì được cái *éo gì mà ông thích loằng ngoằng thế. :/ lạ vl,1.0,72,loằng_ngoằng thì được cái * éo gì mà ông thích loằng_ngoằng thế . : / lạ vl
chiến “sỹ” mới chịu,0.0,19,chiến “ sỹ ” mới chịu
tao binh nó đúng hay sai sống thì nhìn nhận đi ai sai thì chửi người đó đừng có kiểu đánh đồng theo nó thích ai việc của nó tự nhiên đéo làm gì chửi ngta xong rồi cmt như vậy,0.0,174,tao binh nó đúng hay sai sống thì nhìn_nhận đi ai sai thì chửi người đó đừng có kiểu đánh_đồng theo nó thích ai việc của nó tự_nhiên đéo làm gì chửi ngta xong rồi cmt như_vậy
Nghe như đấm vào tai,1.0,20,nghe như đấm vào tai
"Lộc đánh đến thế là hay lắm rồi, chấp tận 1 cái tay",0.0,51,"lộc đánh đến thế_là hay lắm rồi , chấp tận 1 cái tay"
"mấy thằng zốt con thì v thôi ông, chúng nó đông vs nguy hiểm vcl ra :)) zốt cha xử lí lỗi, óc , hú hét như 1 thằng điên nói ra lại kêu làm content, đ có câu biện minh nào khác, thiểu năng vcl",2.0,191,"mấy thằng zốt con thì v thôi ông , chúng_nó đông với nguy_hiểm vcl ra : ) ) zốt cha xử_lí lỗi , óc , hú hét như 1 thằng điên nói ra lại kêu làm content , đ có câu biện_minh nào khác , thiểu_năng vcl"
"Bạn ko xứng đáng là 1 trận tài, mắt và não của bạn ở sau đít",1.0,60,"bạn không xứng_đáng là 1 trận tài , mắt và não của bạn ở sau đít"
Bạn nhớ lì xì !!!,0.0,17,bạn nhớ lì_xì ! ! !
xin lỗi cái gì vậy 2 tỷ của thái ăn chưa đủ à,1.0,45,xin_lỗi cái gì vậy 2 tỷ của thái ăn chưa đủ à
tiếng hét thất thanh trong đêm :))),0.0,35,tiếng hét thất_thanh trong đêm : ) ) )
đàng ông con trai zì mà nhục thế!. Bởi vậy không ngạc nhiên các cô lấy chồng nước ngoài,1.0,87,đàng ông con_trai zì mà nhục thế ! . bởi_vậy không ngạc_nhiên các cô lấy chồng nước_ngoài
Đm thằng ngu,2.0,12,đm thằng ngu
có cái concac,1.0,13,có cái concac
Đi kiếm con linh nó đỏ sẫm do đánh chết mẹ nó đi rất um ho,2.0,58,đi kiếm con linh nó đỏ sẫm do đánh chết mẹ nó đi rất um_ho
"Đm nói ko phải xúc phạm chứ mấy ông càng càng phát ngôn đéo ra cái j, não mấy ông chỉ có tiền thôi ah, mấy ông ""giúp"" dân nhìu wá nhỉ, nói như đúng rồi",1.0,151,"đm nói không phải xúc_phạm chứ mấy ông càng càng_phát_ngôn đéo ra cái j , não mấy ông chỉ có tiền thôi ah , mấy ông "" giúp "" dân nhìu wá nhỉ , nói như đúng rồi"
"Thằng giòi bọ thận nguyễn.
Mày xạo để lừa đảo mọi người
Mày nên vào cầu tiêu công cộng chỗ mày đang làm tạp vụ , mày ăn hết cứt ở trong hầm cầu đi
Đúng là cái loại giòi bọ sống chật đất",2.0,185,"thằng giòi bọ thận nguyễn . mày xạo để lừa_đảo mọi người mày nên vào_cầu_tiêu công_cộng chỗ mày đang làm tạp_vụ , mày ăn hết cứt ở trong hầm cầu đi đúng là cái loại giòi bọ sống chật đất"
hhhh lại cái văn trẻ trâu Hôm bữa gặp tk y chang t tìm ra fb mẹ nó mét cho bị chưởi sml ra,1.0,90,hhhh lại cái văn trẻ trâu hôm bữa gặp tk y chang t tìm ra fb mẹ nó mét cho bị chưởi sml ra
Dm trọng tài Dm trọng tài Dm trọng tài Dm trọng tài,2.0,51,dm trọng_tài dm trọng_tài dm trọng_tài dm trọng_tài
Địt con mẹ mày bắt thế à,2.0,24,địt con_mẹ mày bắt thế à
Mẹ bố mấy thằng chó,2.0,19,mẹ bố mấy thằng chó
Còn ở VietNam thì là cánh bứm,0.0,29,còn ở vietnam thì là cánh bứm
Mù thì đừng làm trọng tài,1.0,25,mù thì đừng làm trọng_tài
Học võ chính là học đạo. Học võ giúp rèn luyện con người hướng tới những điều tốt đẹp hơn chứ không đào tạo ra những con vật đội lốt người như thế này!,2.0,151,học võ chính là học đạo . học võ giúp rèn_luyện con_người hướng tới những điều tốt_đẹp hơn chứ không đào_tạo ra những con vật đội_lốt người như thế này !
Minh Chí hahaha sao biết hay ta ơi,0.0,34,minh chí hahaha sao biết hay ta ơi
Ở 1 nơi khác,0.0,12,ở 1 nơi khác
Hà Phạm=)),0.0,10,hà phạm = ) )
Ai xem dc thì xem sao cứ phải toxic nhỉ,0.0,39,ai xem được thì xem sao cứ phải toxic nhỉ
Con Linh nó vẫn chứng nào tật nấy . Vì bản chất của nó là vậy. 😏,1.0,64,con linh nó vẫn chứng nào tật nấy . vì bản_chất của nó là vậy . 😏
Rac nhu nhau toan may thang con cac 1 champ,2.0,43,rac nhu nhau toan may thang con cac 1 champ
rách win thế nồn nào được,1.0,25,rách win thế nồn nào được
Một tên huấn luyện viên. Ngu ngốc. Ông không có một cái ý tưởng gì đặc sắc khi dẫn dắt đội tuyển quốc gia Việt Nam. Ông lên nghỉ để người có năng lực hơn vào kế nhiệm. Từ khi ông ngồi ở chiếc ghế huấn luyện viên đội tuyển quốc gia Việt Nam. Liên tiếp t… Xem thêm,1.0,262,một tên huấn_luyện_viên . ngu_ngốc . ông không có một cái ý_tưởng gì đặc_sắc khi dẫn_dắt đội_tuyển quốc_gia việt_nam . ông lên nghỉ để người có năng_lực hơn vào kế_nhiệm . từ khi ông ngồi ở chiếc ghế huấn_luyện_viên đội_tuyển quốc_gia việt_nam . liên_tiếp t … xem thêm
Nghe không thuyết phúc lắm nhưng có vẻ là hợp lý 😌,0.0,50,nghe không thuyết phúc lắm nhưng có vẻ là hợp_lý 😌
"Ngoài ra bắn bỏ mẹ những thằng đeo biết lon j cũng đăng lung tung , khoá mõm lại",2.0,80,"ngoài_ra bắn bỏ_mẹ những thằng đeo biết lon gì cũng đăng lung_tung , khoá mõm lại"
Dậy mà múo :)),0.0,14,dậy mà múo : ) )
Chết con đỉ mẹ thầy rồi Long Cua ơi,2.0,35,chết con đỉ mẹ thầy rồi long cua ơi
"rồi đóng phạt đóng tiền bãi để làm gì, người ta sai thì trả giá bằng hình thức phạt, còn mấy ông giữ thì phải bảo vệ tài sản của người ta chứ",0.0,141,"rồi đóng phạt đóng tiền bãi để làm gì , người_ta sai thì trả_giá bằng hình_thức phạt , còn mấy ông giữ thì phải bảo_vệ tài_sản của người_ta chứ"
Xin lỗi con cặc xin là xong à đồ tồi đồ tồi này nên dẹp làm trọng tài đi về chăn vịt cho tao nhờ,2.0,96,xin_lỗi con cặc xin là xong à đồ tồi đồ tồi này nên dẹp làm trọng_tài đi về chăn vịt cho tao nhờ
Bắt cái đầu mấy con cờ hó tung tin tào lao đập cho phát,2.0,55,bắt_cái đầu mấy con cờ hó tung tin tào_lao đập cho phát
"Cút về nước, còn đòi trận cuối cùng ăn cứt à",1.0,44,"cút về nước , còn đòi trận cuối_cùng ăn cứt à"
Má,1.0,2,má
Câm và cút,1.0,10,câm và cút
Tiền có thể kiếm cả đời. Nhưng mạng mỗi người chỉ có 1. Hãy tự vì mình trước tiên đã!,0.0,85,tiền có_thể kiếm cả đời . nhưng mạng mỗi người chỉ có 1 . hãy tự vì mình trước_tiên đã !
Trọng tài cái lồn mẹ mày bất công đéo chịu được,2.0,47,trọng_tài cái lồn mẹ mày bất_công đéo chịu được
Nguyễn Quang Minh Trê con vào sủa à. Thấy ngoài chắc t đá cuống họng cho khôn ra,1.0,80,nguyễn quang minh trê con vào sủa à . thấy ngoài chắc t đá cuống_họng cho khôn ra
Ông chính là one a dog,1.0,22,ông chính là one a dog
Chưa cút à,1.0,10,chưa cút à
ồ thế là phải đăng stt chửi nhau vs rep cmt đúng khum ạ,0.0,55,ồ thế_là phải đăng stt chửi nhau với rep cmt đúng không ạ
Nguyen Manh Vinh Cút con c,1.0,26,nguyen manh vinh cút con c
ig ông là gì vậy,0.0,16,ig ông là gì vậy
Phục vụ giải trí : cả sư đoàn. Chứ đại đội nhỏ quá a ưi,0.0,55,phục_vụ giải_trí : cả sư_đoàn . chứ đại_đội nhỏ quá a ưi
"Dịp mẹ tui bây đi lũ phản động hại dân,hại nước.Trò củ cứ đêm ra diễn hoài,hết trò rồi hả.Để cho dân được sống yên với,người trong một nước mà cứ muốn làm hại nhau.",2.0,164,"dịp mẹ tui bây đi lũ phản_động hại dân , hại nước . trò củ cứ đêm ra diễn hoài , hết trò rồi hả . để cho dân được sống yên với , người trong một nước mà cứ muốn làm hại nhau ."
Do Dat gill xô đi đâu thế,0.0,25,do dat gill xô đi đâu_thế
"nó chửi đồng đội như con , tuy rằng feed lòi cuc mà bạn còn bợ đít nó đc thì mình nghĩ bạn vc nó tính hợp nhau đó :))",1.0,117,"nó chửi đồng_đội như con , tuy_rằng feed lòi cuc mà bạn còn bợ_đít nó được thì mình nghĩ bạn vc nó tính hợp nhau đó : ) )"
trọng tài chó chết,2.0,18,trọng_tài chó_chết
Mẹ mày. Đang họp đấy bọn ngu,2.0,33,mẹ mày . đang họp đấy bọn ngu
Nó bảo có cái đb. tháo hết phụ tùng mới thay cũ,1.0,47,nó bảo có cái đb . tháo hết phụ_tùng mới thay cũ
"Ko lẻ bất cứ nước nào nhận lao động nước ngoài thì nước đó trình độ kém?? Ngu vl. Ngành luyện kim: mổi cty mở ra đều đưa nhân viên ra nước ngoài thực tập( chủ yếu ở Trung Quốc), vì chuyên môn yếu với lại thiếu chuyên cần, bất cẩn. Các nhà thầu TQ hầu n",1.0,252,"không lẻ bất_cứ nước nào nhận lao_động nước_ngoài thì nước đó trình_độ kém ? ? ngu vl . ngành luyện_kim : mổi cty mở ra đều đưa nhân_viên ra nước_ngoài thực_tập ( chủ_yếu ở trung quốc ) , vì chuyên_môn yếu với lại thiếu chuyên_cần , bất_cẩn . các nhà_thầu tq hầu_n"
You have eyes? You should need var.. óc chó,1.0,43,you have eyes ? you should need var . . óc chó
Fuck you!,2.0,9,fuck you !
Khóc cái đcmm,1.0,13,khóc cái đcmm
Bú win up lên như 1 con chó dốt,2.0,31,bú win up lên như 1 con chó dốt
"cho hỏi, cày thuê xuống rank vàng đánh ngu là do sai lane à anh. Em thấy anh đi đúng lane vẫn ngu mà anh. Cày thuê này hơi dảk nhỉ",1.0,130,"cho hỏi , cày thuê xuống rank vàng đánh ngu là do sai lane à anh . em thấy anh đi đúng lane vẫn ngu mà anh . cày thuê này hơi dảk nhỉ"
Ý thức như đb,1.0,13,ý_thức như đb
sao có giống loài súc vật như con chó Đạt này thế nhỉ Giống loài súc vật mất dạy vô văn hóa nghiệp súc,2.0,102,sao có giống loài súc_vật như con chó đạt này thế nhỉ giống loài súc_vật mất_dạy vô văn_hóa_nghiệp súc
Đéo bắt đc thì cút,1.0,18,đéo bắt được thì cút
Nghe thuyết phục nhưng lại rất thuyết phục :>>,0.0,46,nghe thuyết_phục nhưng lại rất thuyết_phục : >>
Này thì lên cơ quan chức năng báo cáo để cơ quan điều tra trích xuất camera bắt đc ko mọi người,0.0,95,này thì lên cơ_quan_chức_năng báo_cáo để cơ_quan điều_tra trích xuất camera bắt được không mọi người
Bắc kỳ thì chỉ đến thế thôi,2.0,27,bắc kỳ thì chỉ đến thế thôi
Ngta lớn ngta chua kêu tên mày thứ nhỏ mất dạy tao cũng bị gạt đây thấy LGBT dễ thương mua ủng hộ live nào tao cũng coi may đm mua ve xịt 3phút đéo nghe mùi j thu làm ăn gian dối ko tồn tại dc lâu đâu nhỏ hon ngta mà hổn láo,2.0,224,ngta lớn ngta chua kêu tên mày thứ nhỏ mất_dạy tao cũng bị gạt đây thấy lgbt dễ_thương mua ủng_hộ live nào tao cũng coi may đm mua ve_xịt 3phút đéo nghe mùi gì thu làm_ăn_gian_dối không tồn_tại được lâu đâu nhỏ hon ngta mà hổn láo
Cặc,1.0,3,cặc
Sao mấy stt này ko thấy con chó DLV vào ẳng nhỉ?,2.0,48,sao mấy stt này không thấy con chó dlv vào ẳng nhỉ ?
Gay to vl :))),1.0,14,gay to vl : ) ) )
Yêu Ông Trần Dần,0.0,16,yêu ông trần dần
Quần gì ma nhìn vào thấy mất nết dễ sợ,1.0,38,quần gì ma nhìn vào thấy mất_nết dễ sợ
Cứ bô bô cái mõm tốp mạnh nhất lm gì nó camp chết phải chăng m ns TOP phế nhất là gì còn lật đc,1.0,95,cứ bô_bô cái mõm tốp mạnh nhất lm gì nó camp chết phải_chăng m nói top phế nhất là gì còn lật được
Khon nan thật,1.0,13,khon nan thật
Loại mày trước sau gì trời cũng đánh mày,2.0,40,loại mày trước sau gì trời cũng đánh mày
Con.   Quy.  Nãy. Cái.   Miệng.   Nó.  Thúi.  Quá.  Đồ.  Do.   Bán.,2.0,67,con . quy . nãy . cái . miệng . nó . thúi . quá . đồ . do . bán .
Hai thằng mặt ng dạ thú tụi mày sẻ bị quả báo.,2.0,46,hai thằng mặt ng dạ thú tụi mày sẻ bị quả_báo .
thua nên cây,0.0,12,thua nên cây
"xl cái đm đánh chán xg xl,hảo:))",1.0,32,"xl cái đm đánh chán xg xl , hảo : ) )"
Thg thầy cút về nước ngay,1.0,25,thg thầy cút về nước ngay
mồm ác vậy,1.0,10,mồm ác_vậy
địt cụ m thành lê nhé,2.0,21,địt cụ m thành lê nhé
Xin là xin vĩnh biệt cụ,0.0,23,xin là xin vĩnh_biệt_cụ
Anh Tuấn ban cho dừa,0.0,20,anh tuấn ban cho dừa
Mày Bố láo ông băn mày bây giờ,2.0,30,mày bố_láo ông băn mày bây_giờ
fake ít thôi,0.0,12,fake ít thôi
uong nuoc cam dii bac',0.0,22,uong nuoc cam dii bac '
3 chục tuổi này gặp t chắc đái ra máu,1.0,37,3 chục tuổi này gặp t chắc đái ra máu
Nghỉ hè luôn,0.0,12,nghỉ_hè luôn
Ăn tết đéo ngon,1.0,15,ăn tết đéo ngon
thương ai k thương là thương thk SV thua con,2.0,44,thương ai không thương là thương thk sv thua con
Bọn này bắt được chặt tay chân rồi thả ra cho công an xử lý,2.0,59,bọn này bắt được chặt tay_chân rồi thả ra cho công_an xử_lý
Sống chậm thôi ông ơi,0.0,21,sống chậm thôi ông ơi
A chỉ muốn ăn cháo do chính tay em nấu..chứ ko thèm ăn xôi của bà bán xôi,0.0,73,a chỉ muốn ăn cháo do chính tay em nấu . . chứ không thèm ăn xôi của bà bán xôi
Lũ pede xạo xự. Mới hơm qua chúng tâng nhau lên mây. Nay chúng siủa cắn nhau như chó tháng 7. Hahaaaaaaa,2.0,114,lũ pede xạo xự . mới hơm qua chúng tâng nhau lên mây . nay chúng siủa cắn nhau như chó tháng 7 . hahaaaaaaa
ngu là phải chửi,1.0,16,ngu là phải chửi
Cũng làm bố làm mẹ mà chúng m sót con chúng m. Còn người khác thì không à. Coi con mk là vàng bạc thế con người ta là cứt như. Đéo thể hiểu nổi thằng bố nghĩ gì nữa. Con cái tuổi ấy chắc bố nó cũng đầu 2 thứ tóc đến nơi rồi. Hiển nhiên đứng nhìn con mk hành hung người khác. Chắc Gen thằng bố tốt nên ms đẻ ra dk đứa con như vậy Nhìn mà sót xa quá. Những cái loại ntn phải có được 1 bản án xứng đáng.,2.0,400,cũng làm bố làm mẹ mà chúng m sót con chúng m . còn người khác thì không à . coi con mình là vàng_bạc thế con người_ta là cứt như . đéo thể hiểu nổi thằng bố nghĩ gì nữa . con_cái tuổi ấy chắc bố nó cũng đầu 2 thứ tóc đến nơi rồi . hiển_nhiên đứng nhìn con mình hành_hung người khác . chắc gen thằng bố tốt nên ms đẻ ra dk đứa con như_vậy nhìn mà sót xa quá . những cái loại như thế_nào phải có được 1 bản_án xứng_đáng .
Cảm ơn em. ❤,0.0,12,cảm_ơn em . ❤
Trước khi bắt trận đấu tiếp theo hãy nhìn lại con mắt cả nhân phẩm của mình luôn đi vs lại tạo nghiệp cũng có ngày phải vị quật thôi ☻,0.0,134,trước khi bắt trận_đấu tiếp_theo hãy nhìn lại con mắt cả nhân_phẩm của mình luôn đi với lại tạo nghiệp cũng có ngày phải vị quật thôi ☻
sao ko lấy tên là Linh Láo Lồn nhỉ ae ??,1.0,40,sao không lấy tên là linh láo lồn nhỉ anh_em ? ?
Ngu + phong bì + cấp quyền = loạn ngôn..,1.0,44,ngu + phong_bì + cấp quyền = loạn_ngôn . .
Bơ vơ trong tuyệt vọng,0.0,22,bơ_vơ trong tuyệt_vọng
Luật pháp như quần què bảo vệ những thằng không có não không có đạo Đức nhân cách của con thì đứa 16 tuổi nó khinh thường cả pháp luật Như thằng Lê văn luyện Cũng như vậy thôi 3 mạng người đổi lấy có 18 năm tù.,0.0,210,luật_pháp như quần què bảo_vệ những thằng không có não không có đạo_đức nhân_cách của con thì đứa 16 tuổi nó khinh_thường cả pháp_luật như thằng lê văn luyện cũng như vậy thôi 3 mạng người đổi lấy có 18 năm tù .
Chị hiếu hôm nay đẹp quá nói chuyện cười có duyên gê,0.0,52,chị hiếu hôm_nay đẹp quá nói_chuyện cười có duyên gê
Nguyen Manh Vinh đây ms là nick thật https://www.facebook.com/philippe.troussier.773?mibextid=ZbWKwL,0.0,100,nguyen manh vinh đây ms là nick thật
chỉ đứng dẩy là thành ca sĩ đc rồi. Thế mà đợt trước a Bảnh về đội chắc giờ làm ca sĩ nổi tiếng đéo phải đi tù ý nhờ,1.0,116,chỉ đứng dẩy là thành ca_sĩ được rồi . thế_mà đợt trước a bảnh về đội chắc giờ làm ca_sĩ nổi_tiếng đéo phải đi tù ý nhờ
hợp lý cái đ gì cái tk đạo đức giả,1.0,34,hợp_lý cái đ gì cái tk đạo_đức giả
Nýn,0.0,3,nýn
Tôi mãi là fan trung thành của Jack ... Sparrow,0.0,47,tôi mãi là fan trung_thành của jack ... sparrow
"bởi vì 2 chữ ""khiêm tốn"" đó bác =))",0.0,35,"bởi_vì 2 chữ "" khiêm_tốn "" đó bác = ) )"
Chả làm gì cũng có fan cứng =)),0.0,31,chả làm gì cũng có fan cứng = ) )
đúng là bọn cạn bã của xã hội ngày nay,2.0,38,đúng là bọn cạn bã của xã_hội ngày_nay
Vừa lòng tao,0.0,12,vừa_lòng tao
"Lỗi đĩ mẹ mày, cút mẹ mày đi",2.0,28,"lỗi đĩ mẹ mày , cút mẹ mày đi"
toàn quảng cáo . Đọc 1 dòng mà cả trăm quảng cáo,0.0,48,toàn quảng_cáo . đọc 1 dòng mà cả trăm quảng_cáo
có địa chỉ nhà đấy. Đến tận nhà mà gõ cửa :)),0.0,45,có địa_chỉ nhà đấy . đến tận nhà mà gõ_cửa : ) )
xin cái gỉ,0.0,10,xin cái gỉ
Non Nguoi hue ... kg phai bac ky,0.0,32,non nguoi hue ... kg phai bac ky
"Jack lỏ lên này múa mép thôi , ngta ns đúng mà công nghệ var xem thử đi ai đúng pik liền , hay là chơi xong r bỏ , rẻ rack",1.0,122,"jack lỏ lên này múa_mép thôi , ngta nói đúng mà công_nghệ var xem thử đi ai đúng pik liền , hay là chơi xong r bỏ , rẻ rack"
"núi này do ta mở, cây này do ta trồng, nếu muốn đi qua đây, mau đem tiền cống nộp :))",0.0,85,"núi này do ta mở , cây này do ta trồng , nếu muốn đi qua đây , mau đem tiền cống nộp : ) )"
Im mồm đi micky. Sủa nữa t dính lỗ đít m lại bgio,2.0,49,im mồm đi micky . sủa nữa t dính lỗ_đít m lại bgio
Trần Phong tôi đang nói dựa trên sự cà khịa của Khắc Việt ok,0.0,60,trần phong tôi đang nói dựa trên sự cà_khịa của khắc việt_ok
Your mother fucker,2.0,18,your mother fucker
Âm thầm đọc cmt:)),0.0,18,âm_thầm đọc cmt : ) )
"Huy Trần :))) ờ chứ k lẽ cày view cho thằng lùn bỏ con, bắt cá, ăn cháo đá bát, lừa thầy phản bạn, ngủ với fan, đâm ân nhân, đạo nhạc... u chu cha :))) nghệ sĩ gì kể phốt kể quài không hết hahaaaaaa",2.0,198,"huy trần : ) ) ) ờ chứ không_lẽ cày view cho thằng lùn bỏ con , bắt cá , ăn cháo đá bát , lừa thầy phản bạn , ngủ với fan , đâm ân_nhân , đạo nhạc ... u chu_cha : ) ) ) nghệ_sĩ gì kể phốt kể quài không hết hahaaaaaa"
con mẹ mày thằng chó đéo đáng làm bố. mẹ mày,2.0,44,con_mẹ mày thằng chó đéo đáng làm bố . mẹ mày
Khổ thân,0.0,8,khổ_thân
ngu thì thua chứ sao cay,1.0,24,ngu thì thua chứ sao cay
Cực kì là thuyết phục 🙂,0.0,23,cực_kì là thuyết_phục 🙂
Chỉ để FIFA và trọng tài thế giới cười vào mặt.,0.0,47,chỉ để fifa và trọng_tài thế_giới cười vào mặt .
 why cái địt mẹ mày,2.0,19,why cái địt_mẹ mày
Dậy thì không thành công ☺,0.0,26,dậy thì không thành_công ☺
Nick fake à,0.0,11,nick fake à
Tụi này bắt dính đánh 1 trận cho đã r mới đưa lên công an... toàn là lưng dài vai rộng..đm mấy thằng chó,2.0,104,tụi này bắt dính đánh 1 trận cho đã r mới đưa lên công_an ... toàn là lưng dài vai rộng . . đm mấy thằng chó
Sáng mắt chưa Nhung :),1.0,22,sáng_mắt chưa nhung : )
Cày thuê kiểu chơi game đợi gánh à,0.0,34,cày thuê kiểu chơi game đợi gánh à
Nhậu cái đm chúng mày lũ chó hại dân hại nước,2.0,45,nhậu cái đm chúng_mày lũ chó hại dân hại nước
"chúc các em 2k1 ngày mai bình tĩnh, tự tin, thi thật tốt.",0.0,57,"chúc các em 2k1 ngày_mai bình_tĩnh , tự_tin , thi thật tốt ."
Bị khoá cmnr,0.0,12,bị khoá cmnr
Ám ảnh của Trousier về Indonesia từ kết quả khi ở Quatar. Bị sa thải ngay khi thua Indo,0.0,87,ám_ảnh của trousier về indonesia từ kết_quả khi ở quatar . bị sa_thải ngay khi thua indo
Kiếm fame à condilon acc pha quế mà đòi lừa:D,2.0,45,kiếm fame à condilon acc pha quế mà đòi lừa : d
Đm admin ngu vcl:)) chăcs cậu đang tưởng mình hay vs nguy hiểm lắm đấy:)),2.0,73,đm admin ngu vcl : ) ) chăcs cậu đang tưởng mình hay với nguy_hiểm lắm đấy : ) )
Thằng thực dân. Cút,2.0,19,thằng thực_dân . cút
Nhìn phản cảm vl :(,1.0,19,nhìn phản_cảm_vl : (
so vl,1.0,5,so vl
Mỹ Hạnh hạnh là 1 bông hoa dại à 🤣,0.0,34,mỹ hạnh hạnh là 1 bông hoa dại à 🤣
"JACK ĐÃ CĂNG, CHI TIẾT TẠI ĐÂY: https://beat-vn.com/jack-moi-viruss-gap-mat-truc-tiep",0.0,85,"jack đã căng , chi_tiết tại đây :"
Thoi buoi nay.chung no lua duoc cai gi la no lua ah,0.0,51,thoi buoi nay . chung no lua duoc cai gi la no lua ah
Hlv the voice mùa sau,0.0,21,hlv the voice mùa sau
"thế à.vậy là chờ giấy mời tòa án hoặc giấy triệu tập an ninh mạng, sở văn hóa đồ đó mới được gặp đúng không",0.0,107,"thế à . vậy là chờ giấy mời tòa_án hoặc giấy triệu_tập an_ninh mạng , sở văn_hóa_đồ đó mới được gặp đúng không"
"Tuổi này nghĩ nông nổi vậy thôi sau này hối hận những gì mình đã làm. Nhất là bố và anh trai dù lớn mà không biết xử lí như nào cho đúng, xót thương cho người mẹ thật sự",0.0,169,"tuổi này nghĩ nông_nổi vậy thôi sau_này hối_hận những gì mình đã làm . nhất_là bố và anh_trai dù lớn mà không biết xử_lí như nào cho đúng , xót_thương cho người mẹ thật_sự"
Mày ăn đi,0.0,9,mày ăn đi
"Khanh Truong ủa tưởng chỉ mấy cháu mới bị tẩy não chứ, không ngờ phụ huynh còn bị tẩy não",0.0,89,"khanh truong ủa tưởng chỉ mấy cháu mới bị tẩy_não chứ , không ngờ phụ_huynh còn bị tẩy_não"
ít đăng bài tuần trước giờ em mất cứng dồiii 🤦🏻‍♀️,0.0,50,ít đăng bài tuần trước giờ em mất cứng dồiii 🤦 🏻 ‍ ♀ ️
"đọc hết cmt của t chưa, k những ngu tiếng việt mà mắt còn có vấn đề nữa à",1.0,73,"đọc hết cmt của t chưa , không_những ngu tiếng việt mà mắt còn có vấn_đề nữa à"
Ông im mẹ mồm đi,1.0,16,ông im mẹ mồm đi
chị thấy là chị sỉu =))),0.0,24,chị thấy là chị sỉu = ) ) )
dân nghèo mà vi phạm luật giao thông để bị bắt thì gọi là n g u. Than vãn cái l. Như t đi xe bao năm nay chưa 1 lần bị bắt. Lỗi do đâu,2.0,134,dân_nghèo mà vi phạm_luật giao_thông để bị bắt thì gọi là n g u . than_vãn cái l . như t đi xe bao năm nay chưa 1 lần bị bắt . lỗi do đâu
đánh ngu cứ đòi sang hàn gáy lên top 1 thách đấu,0.0,48,đánh ngu cứ đòi sang hàn gáy lên top 1 thách_đấu
mà nhập code này là đc 2 huy hiệu luôn à ??,0.0,43,mà nhập code này là được 2 huy_hiệu luôn à ? ?
"Huy Trần :)))) đang nói Rách hả, đưa M10 vô Mv xong đi nói hợp tác, mặt dày không biết nhục ta ơi",1.0,97,"huy trần : ) ) ) ) đang nói rách hả , đưa m10 vô mv xong đi nói hợp_tác , mặt_dày không biết nhục ta ơi"
"Mồ tổ cha mày. Đăng mà cũng lược bỏ đi chi tiết: Cty hổ trợ 1thùng number one, bình đựng nước đá. Nhưng anh này...tham thêm 1chút là đòi 10 thùng number one. Đừg ngu mà tỏ nguy hiểm nha ad",2.0,188,"mồ tổ cha mày . đăng mà cũng lược bỏ đi chi_tiết : cty hổ trợ 1thùng number one , bình đựng nước_đá . nhưng anh này ... tham thêm 1chút là đòi 10 thùng number one . đừg ngu mà tỏ nguy_hiểm_nha_admin"
"jack ngân đù, lêu lêu bọn jack con gà lz",2.0,40,"jack ngân đù , lêu lêu bọn jack con gà lz"
"Đừng lôi mẹ người ta vào, tao địt vào miệng mày Vũ Long Bảo cấm lôi fụ huynh vào nha ^_^",2.0,88,"đừng lôi mẹ người_ta vào , tao địt vào miệng mày vũ long bảo cấm lôi fụ huynh vào nha ^ _ ^"
bố làm to con làm phách,1.0,23,bố làm to_con làm_phách
Chậm thôi các ông...,0.0,20,chậm thôi các ông ...
Nguyễn Quang Huy chạy ngay đi,0.0,29,nguyễn quang huy chạy ngay đi
"Kiểu nầy chắc để chìa khóa luôn nên lấy dể dàng ,nếu khóa cổ thi chúng không dám gan đâu",0.0,88,"kiểu nầy chắc để chìa khóa luôn nên lấy dể dàng , nếu khóa cổ_thi chúng không dám gan đâu"
cướp nhạc còn mở miệng kém thông minh =((,1.0,41,cướp nhạc còn mở_miệng kém thông_minh = ( (
Anh Trung trộm vé số,0.0,20,anh trung trộm vé_số
Bùi Minh Huệ crush ưii . Anh thích em đó 😶,0.0,42,bùi minh huệ crush ưii . anh thích em đó 😶
Giọng như đang Sài máy run nói k nổi,0.0,36,giọng như đang sài máy run nói không nổi
Trung lập nhưng tớ góp ý mình nên chăm học tiếng anh chút Phản biện ngta mới tôn trọng,0.0,86,trung_lập nhưng tớ góp_ý mình nên chăm học tiếng anh chút phản_biện ngta mới tôn_trọng
Minh Nhật chuẩn cmnr. Jack tuổi j so dislike :))) haha. K atm là ca sĩ duy nhất trên thế giới mà k cần hát mà,1.0,109,minh nhật chuẩn cmnr . jack tuổi gì so dislike : ) ) ) haha . không atm là ca_sĩ duy_nhất trên thế_giới mà không cần hát mà
Xa hoi tồi tệ,1.0,13,xa hoi tồi_tệ
Mày làm thì nghĩ mẹ trọng tài đi phạt đéo đc đi xin lỗi mong mày nghỉ mẹ đi,2.0,75,mày làm thì nghĩ mẹ trọng_tài đi phạt đéo được đi xin_lỗi mong mày nghỉ mẹ đi
Biến đi. Troussier từ chức đi,1.0,29,biến đi . troussier từ_chức đi
Ác,0.0,2,ác
đây không phải tài khoản gốc của trọng tài đâu,0.0,46,đây không phải tài_khoản gốc của trọng_tài đâu
Xin cụ Lân,0.0,10,xin cụ lân
Về vn ăn mau lol à.,1.0,19,về vn ăn mau lol à .
Hồ Văn Kiệt bạn có biết khoảnh khắc kì diệu này ở video nào ko ạ?,0.0,65,hồ văn kiệt bạn có biết khoảnh_khắc kì_diệu này ở video nào không ạ ?
Nam ty co khac,0.0,14,nam_ty co khac
Ông già ơi. Yếu rồi nghỉ đi. Đừng cố. Hãy dành một chút danh dự cho hậu thế.,0.0,76,ông_già ơi . yếu rồi nghỉ đi . đừng cố . hãy dành một_chút danh_dự cho hậu_thế .
"Đợt này cả nước biết rồi cho m chạy , coi m chạy đi đâu",1.0,55,"đợt này cả nước biết rồi cho m chạy , coi m chạy đi đâu"
Nghiệp lãnh không hết,1.0,21,nghiệp lãnh không hết
Ba má đụ chi cho uổng công uổng nghệ uổng nghễ quần quân uổng công tuột quần tèo lên tuột xuống banh loz đau loz đẻ lớn chơi trò gì md ghê. Iu minh Hiếu,2.0,152,ba_má đụ chi cho uổng công uổng nghệ uổng nghễ quần quân uổng công tuột quần tèo lên tuột xuống banh loz đau loz đẻ lớn chơi trò gì md ghê . iu minh hiếu
mai tao xin đi làm dân quân xong t đi tìm ra mày giết mày ad ạ đồ phản động :v dlv dạo này hoạt động ghê lm,2.0,107,mai tao xin đi làm dân_quân xong t đi tìm ra mày giết mày admin ạ đồ phản_động : v dlv dạo này hoạt_động ghê_lm
phú bà bait thơm quá mấy thanh niên cắn nhầm r :)),1.0,50,phú bà bait thơm quá mấy thanh_niên cắn nhầm r : ) )
"Dương đông kích tây, to khoẻ đi làm lấy mà ăn",0.0,45,"dương đông_kích tây , to khoẻ đi làm lấy mà ăn"
Lão già chó,2.0,11,lão già chó
Hahaaa =))),0.0,11,hahaaa = ) ) )
TRAN DAN TIEN BO.MOI GIA NHAP DCS.,0.0,34,tran dan tien bo . moi gia nhap dcs .
Lại sống như rau dền :)))),1.0,26,lại sống như rau_dền : ) ) ) )
vãi...,1.0,6,vãi ...
k nói về vấn đề ở trên . Nếu nói về luật pháp đúng ng đúng tội thì dân đã ko ghét và nói thằng công an . Thay vì a công an .... ko fai ai cũng xấu mà tốt thì chỉ đếm trên đầu ngón tay thôi,0.0,188,không nói về vấn_đề ở trên . nếu nói về luật_pháp đúng ng đúng tội thì dân đã không ghét và nói thằng công_an . thay_vì a công_an ... . không fai ai cũng xấu mà tốt thì chỉ đếm trên đầu ngón tay thôi
Qc cl à đm con yến nguyễn,2.0,25,qc cl à đm con yến nguyễn
Từ chức mọe đi,1.0,14,từ_chức mọe đi
Bon trôm cươp nay phai xư năng phat cho chung no sơ thi thôi,0.0,60,bon trôm cươp nay phai xư năng phat cho chung no sơ thi thôi
rút con kẹc. rút rút quài,1.0,25,rút con kẹc . rút rút quài
Hoàng Xuân Tâm sơn tùng nè :),0.0,29,hoàng xuân tâm sơn tùng nè : )
 vcl tự nhận mình ngu luôn :))) đã xấu rồi thì bớt cái mõm lại nghe chưa con đần độn này :)) th jack nhà m lại chui vào xó nào khóc r đấy,2.0,137,vcl tự nhận mình ngu luôn : ) ) ) đã xấu rồi thì bớt cái mõm lại nghe chưa con đần_độn này : ) ) th jack nhà m lại chui vào xó nào khóc r đấy
thôi nín đi con chó đưa địa chỉ zả ơi =)) địt con mẹ m thứ khuyết tật ơiiii =)) m ngon m mở block ních kia của t coi =)) khuyết tật ơiiiii,2.0,138,thôi nín đi con chó đưa địa_chỉ zả ơi = ) ) địt con_mẹ m thứ khuyết_tật ơiiii = ) ) m ngon m mở block ních kia của t coi = ) ) khuyết_tật ơiiiii
Diện Trần có con r mà còn ngu mà rảnh lòn ghê,2.0,45,diện trần có con r mà còn ngu mà rảnh lòn ghê
Má t kêu trần đức bo đụ banh cạc mày giờ,2.0,40,má t kêu trần đức bo đụ banh cạc mày giờ
đ bt gì cx đòi kiện hài,1.0,23,đ bình_thường gì cũng đòi kiện hài
Ng ta gọi đó la xây đường theo định hướng xa hội chủ nghĩa,0.0,58,ng ta gọi đó la xây đường theo định_hướng xa hội chủ_nghĩa
Tứ hoàng được ấy chứ =)),0.0,24,tứ hoàng được ấy chứ = ) )
Xin lỗi làm con cặc gì. Dmm,2.0,27,xin_lỗi làm con cặc gì . dmm
Nó có công vì đã dạy dỗ em bán xôi một bài học,0.0,46,nó có công vì đã dạy_dỗ em bán xôi một bài_học
Xạo lol hk có j vui chúg ta hk nên xạo lol,1.0,42,xạo lol hk có gì vui chúg ta hk nên xạo lol
"Chừng nào vô địch. Từ chức đi , thưa ngài",0.0,41,"chừng nào vô_địch . từ_chức đi , thưa ngài"
 thôi k trêu nhá để bé ngủ mai còn canh page dắk bạn kì cục quá à,0.0,65,thôi không trêu nhá để bé ngủ mai còn canh page dắk bạn kì_cục quá à
"Hung Nguyen không, chỉ có cờ vàng cứt choá thôi 😌",1.0,49,"hung nguyen không , chỉ có cờ vàng cứt choá thôi 😌"
K-icm :,0.0,7,k - icm :
sờ đến bố hay ông cố nhà m ad =)),1.0,33,sờ đến bố hay ông cố nhà m admin = ) )
Lũ này bắt được đem bỏ ra đảo hoang,1.0,35,lũ này bắt được đem bỏ ra đảo hoang
Thấy con chó lại hửi hửi tưởng sẽ bị chó cắn chứ,0.0,48,thấy con chó lại hửi hửi tưởng sẽ bị chó cắn chứ
Bây giờ xin lỗi thì đã muộn rồi,0.0,31,bây_giờ xin_lỗi thì đã muộn rồi
Quá khốn nạn,1.0,12,quá khốn_nạn
Thà đi cướp tao còn ido-Toàn đi cướp của nghèo,1.0,46,thà đi cướp tao còn ido - toàn đi cướp của nghèo
con cháu tay rửa chén đi chê bai người dũa móng tay !,1.0,53,con_cháu tay rửa chén đi chê_bai người dũa móng tay !
"Thà mày lên Núi tu luôn đi,bắt như loz",1.0,38,"thà mày lên núi tu luôn đi , bắt như loz"
"Có những thằng Bắc Cụ đang dùng cái óc toàn Bắc của nó mà suy cho dân Nam chúng tao. Xin lỗi chứ,từ thời các Chúa thì Nam Bắc đã khác nhau hoàn toàn, đừng đem cái xuất thân ra nhé. Chúng tao là dân SG,và chúng tao là dân tộc thiểu số! Hahaha.",2.0,242,"có những thằng bắc_cụ đang dùng cái óc toàn bắc của nó mà suy cho dân nam chúng_tao . xin_lỗi chứ , từ thời các chúa thì nam bắc đã khác nhau hoàn_toàn , đừng đem cái xuất_thân ra nhé . chúng_tao là dân sg , và chúng_tao là dân_tộc_thiểu_số ! hahaha ."
I HATE YOU,1.0,10,i hate you
ưỡn à ưỡn ẹo,1.0,12,ưỡn à ưỡn_ẹo
Vcl,1.0,3,vcl
Mạnh hùng siêu dự bị cánh trái,0.0,30,mạnh hùng siêu dự_bị cánh trái
dct smurf rank nhìn lỏ cc vậy,1.0,29,dct smurf rank nhìn lỏ cc_vậy
Thực sự thì bài này ko hay. View nhiều do danh tiếng những bài trước. Chờ sản phẩm sau vậy.,0.0,93,thực_sự thì bài này không hay . view nhiều do danh_tiếng những bài trước . chờ sản_phẩm sau vậy .
có ai quen hacker ko,0.0,20,có ai quen hacker không
ad đang nói BT Hà Nội phải k :v,0.0,31,admin đang nói bình_thường hà_nội phải không : v
dot nát,1.0,7,dot nát
"Mẹ. Hởi thằng nào muốn tự tử, cứ làm gì đó cho công an bắt rồi về nhà tự giận ==> thằng ad sẽ có bài tít: CA đánh người; Tại CA mà chết người..... Đúng là thằng ad bệnh quạn",2.0,173,"mẹ . hởi thằng nào muốn tự_tử , cứ làm gì đó cho công_an bắt rồi về nhà tự giận ==> thằng admin sẽ có bài tít : ca đánh người ; tại ca mà chết người ... . . đúng là thằng admin bệnh quạn"
"Cầu mong cho e trai có được kì tích mà mau chóng bình phục, hy vọng pháp luật phán xử những hành vi tàn ác như này thật công bằng để an ủi lại phần nào cho e ấy và mẹ của e",0.0,172,"cầu_mong cho e trai có được kì_tích mà mau_chóng bình_phục , hy_vọng pháp_luật phán_xử những hành_vi tàn_ác như này thật công_bằng để an_ủi lại phần_nào cho e ấy và mẹ của e"
Long Là Rồng Hlv Philippe Trôisông,0.0,34,long là rồng hlv philippe trôisông
xử lý lỗi chứ conten gì,0.0,23,xử_lý lỗi chứ conten gì
Không chạy thầy đòn vô cái chân cho :)),0.0,39,không chạy thầy đòn vô cái chân cho : ) )
ừ chứ viết tus cay cú câu từ diễn đạt lủng củng thì giải quyết được cái gì,0.0,74,ừ chứ viết tus cay_cú câu từ diễn_đạt lủng_củng thì giải_quyết được cái gì
Kaxỹyyyy Katm??? What????,0.0,25,kaxỹyyyy katm ? ? ? what ? ? ? ?
😅 đụ mẹ mấy thằng cộng sản này nó cứ bắt bọn trung Quốc sản xuất đá không mang đi thiêu hủy mà cứ chia nhau đập lấy gì không ngáo phát biểu linh tinh,2.0,149,😅 đụ_mẹ mấy thằng cộng_sản này nó cứ bắt bọn trung quốc sản_xuất đá không mang đi thiêu_hủy mà cứ chia nhau đập lấy gì không ngáo phát_biểu linh_tinh
Sao cái bọn tìm hiểu QH theo dõi ai nó rảnh vcl thế nhỉ,1.0,55,sao cái bọn tìm_hiểu qh theo_dõi ai nó rảnh vcl thế nhỉ
địt mẹ thắm :)),1.0,15,địt_mẹ thắm : ) )
Trước còn có game vị trí sp mà tranh lane top trong khi nó chưa đồng ý đổi làm nó phải pick pyke rồi đi top với temo feed lòi lozz,1.0,130,trước còn có game vị_trí sp mà tranh lane top trong khi nó chưa đồng_ý đổi làm nó phải pick pyke rồi đi top với temo feed lòi lozz
Duma ở quán Cf lướt Face mà ai cũng kêu t là m coi sẽ à,0.0,55,duma ở quán cf lướt face mà ai cũng kêu t là m coi sẽ à
Bên Đà Nẵng chắc văn minh hơn nơi khác :)),0.0,42,bên đà_nẵng chắc văn_minh hơn nơi khác : ) )
Điều kì diệu ở phòng giam số 7,0.0,30,điều kì_diệu ở phòng giam số 7
Con di linh ca loc di cho,2.0,25,con di_linh ca loc di cho
Cái thg fake,1.0,12,cái thg fake
Vui vẻ không quạo 😅,0.0,19,vui_vẻ không quạo 😅
Diêm vương gọi m kìa thằng ngu,1.0,30,diêm vương gọi m kìa thằng ngu
cha con mẹ đang hấp hối thoi thóp tiểu nhân của mày đâu r xúc vật ơi. Đéo lo chôn cha mẹ m đi mà đi cắn bậy cho thg tiểu nhân Viruss nhiều thế con chó,2.0,150,cha con_mẹ đang hấp_hối thoi_thóp tiểu_nhân của mày đâu r xúc vật ơi . đéo lo chôn cha_mẹ m đi mà đi cắn bậy cho thg tiểu_nhân viruss nhiều thế con chó
Nói chuyện với người lạ mà xấn xá lại gần Nguy hiểm lắm,0.0,55,nói_chuyện với người lạ mà xấn_xá lại gần nguy_hiểm lắm
văn minh như m vậy,0.0,18,văn_minh như m_vậy
toàn lấy fb ảo vảo địt mẹ tự sướng ngồi đbo thằng đần độn cầy thue 1 tuần đã thoát khỏi rank bk chưa,2.0,100,toàn lấy fb ảo vảo địt_mẹ tự sướng ngồi đbo thằng đần_độn cầy thue 1 tuần đã thoát khỏi rank bk chưa
"chuẩn ông,nhìn mặt đã biết kiểu người nhỏ mọn lươn lẹo tính toán.Các cụ nói cấm sai",1.0,83,"chuẩn ông , nhìn mặt đã biết kiểu người nhỏ_mọn lươn_lẹo tính_toán . các cụ nói cấm sai"
Hợp lý cái củ c =)),1.0,19,hợp_lý cái củ c = ) )
Acc bán hàng online,0.0,19,acc bán hàng online
"Đu me giau con tham lam bi găt la đung rôi , đu me mây luc đâu nghe lơi no chưi hêt ngưoi nay đên ngưoi kia, ham tiên bi lưa gat rôi chưi con ba vang ngoc",2.0,154,"đu me giau con tham_lam bi găt la đung rôi , đu me mây luc đâu nghe lơi no chưi hêt ngưoi nay đên ngưoi kia , ham tiên bi lưa gat rôi chưi con ba vang ngoc"
Harry Long biết mà tại chọc đom đóm con á,0.0,41,harry long biết mà tại chọc đom_đóm con á
"câu chuyện ở nước ngoài sao ,",0.0,29,"câu_chuyện ở nước_ngoài sao ,"
Tình yêu vĩnh cửu,0.0,17,tình_yêu vĩnh_cửu
nhìn chị đẹp quá,0.0,16,nhìn chị đẹp quá
Thật là khốn nạn,1.0,16,thật là khốn_nạn
nói có sai đâu mà nhảy dựng lên thế=)),0.0,38,nói có sai đâu mà nhảy_dựng lên thế = ) )
Mày coi chừng đó chồng mày làm ơ đại bắc đó may đừng tưởng ko tiềm mày đc nha .khỏi thách thức đi con,2.0,101,mày coi_chừng đó chồng mày làm ơ đại bắc đó may đừng tưởng không tiềm mày được nha . khỏi thách_thức đi con
"Paula Lưu người miền đéo nào mà chả ăn cơm , ông này bị hài à ? dựa vào thịt chó chỉ là cái cớ để phân biệt vùng miền :/ không bằng cả con chó rách",2.0,147,"paula lưu người miền đéo nào mà chả ăn cơm , ông này bị hài à ? dựa vào thịt chó chỉ là cái cớ để phân_biệt vùng miền : / không bằng cả con chó rách"
Mấy thần khốn nạn người ta bán xôi mà cũng ko tha,2.0,49,mấy thần khốn_nạn người_ta bán xôi mà cũng không tha
Nhok Lầy: địt mẹ hay thì mày share đi. Nhai đi nhai lại như con bò. Tao khinh quá :)),2.0,85,nhok lầy : địt_mẹ hay thì mày share đi . nhai đi nhai_lại như con bò . tao khinh quá : ) )
Anh này chơi game hay còn nói chuyện lịch sự nữa,0.0,48,anh này chơi game hay còn nói_chuyện lịch_sự nữa
trông nó có ngu l không cơ chứ =))),1.0,35,trông nó có ngu l không cơ chứ = ) ) )
hhhh tk nguuu mỗm to,2.0,20,hhhh tk nguuu mỗm to
Chuyến này anh căng r đoá,0.0,25,chuyến này anh căng r đoá
cho bố thẻ đỏ,0.0,13,cho bố thẻ_đỏ
Thang quan ngồi cười đằng sau thấy ghét. Tổ cha nó.,2.0,51,thang quan ngồi cười đằng sau thấy ghét . tổ cha nó .
Ngu quá bán accc đi hộ t cái,1.0,28,ngu quá_bán accc đi hộ t cái
con cat bu chan,1.0,15,con cat bu chan
Hông cần lời xin lỗi giả tạo của ông đâu nước tôi không chấp nhất mấy thằng MÙ,1.0,78,hông cần lời xin_lỗi giả_tạo của ông đâu nước tôi không chấp nhất mấy thằng mù
địt cụ bọn này k con zề để bàn nữa rồi,2.0,38,địt cụ bọn này không con zề để bàn nữa rồi
M xác định là đi r con chó =))))),1.0,33,m xác_định là đi r con chó = ) ) ) ) )
Xin lổi được cc j hả thằng lồn trọng tài (về quê m làm trọng tài cho mấy đứa nhỏ đá đi,2.0,86,xin lổi được cc gì hả thằng lồn trọng_tài ( về quê m làm trọng_tài cho mấy đứa nhỏ đá đi
Ko xin dì h,0.0,11,không xin dì h
Cực kì thuyết phục oki 😂😂,0.0,25,cực_kì thuyết_phục oki 😂 😂
thoại cc nhá thầy,1.0,17,thoại cc nhá thầy
Thì chỉ có thể bên phía gia đình bé kia nói sao cho bớt tội thôi chứ sao bây giờ chuyện đâu ai muốn. Phải chi lúc chở quấn lại (chắc tôn ko to nên ko quấn lại đc) thì cũng ko tới nỗi. Chỉ khổ là đi chở thuê mà bị như vậy haizz,0.0,226,thì chỉ có_thể bên phía gia_đình bé kia nói sao cho bớt tội thôi chứ sao bây_giờ chuyện đâu ai muốn . phải chi lúc chở quấn lại ( chắc tôn không to nên không quấn lại đc ) thì cũng không tới nỗi . chỉ khổ là đi chở thuê mà bị như vậy haizz
Cha hk ra gì thì con mới nz,1.0,27,cha hk ra gì thì con mới nz
Của người ta lấy làm Của mình sẽ có ngày khổ thôi,0.0,49,của người_ta lấy làm của mình sẽ có ngày khổ thôi
Ông nên cút,1.0,11,ông nên cút
"Thằng thủ môn thái lan ra ngoài 16m50 mà chụp bóng bằng tay, còn đẩy Văn Toàn mà đ** phạt thẻ đỏ, chuyển qua phạt thẻ vàng Văn Thanh. Rất khả năng thằng trọng bán độ với thái lan.",1.0,179,"thằng thủ_môn thái lan ra ngoài 16m50 mà chụp bóng bằng tay , còn đẩy văn toàn mà đ * * phạt thẻ_đỏ , chuyển qua phạt thẻ_vàng văn thanh . rất khả_năng thằng trọng bán_độ với thái lan ."
dumemay ngu,2.0,11,dumemay ngu
Tao Học ít học nhiều cũng trả lời hợp lý hơn cái não mày bỏ 10 mấy năm đi học cũng = 0,1.0,86,tao học ít học nhiều cũng trả_lời hợp_lý hơn cái não mày bỏ 10 mấy năm đi học cũng = 0
Nát hết rồi,1.0,11,nát hết rồi
"haha hài vl! Vụ Cường Lucas cũng lên tiếng, vụ Viruss cũng lên tiếng, còn vụ ta lên tiếng hộ t cái đi Vụ bị phốt bắt cá 3 4 tay lên tiếng hộ t cái đi, có cc mà dám lên tiếng. M đừng làm t hài chứ GÓC CẢM LẠNH??",0.0,210,"haha hài vl ! vụ cường lucas cũng lên_tiếng , vụ viruss cũng lên_tiếng , còn vụ ta lên_tiếng hộ t cái đi vụ bị phốt bắt cá 3 4 tay lên_tiếng hộ t cái đi , có cc mà dám lên_tiếng . m đừng làm t hài chứ góc cảm lạnh ? ?"
Con đĩ mẹ nó chứ thường !,2.0,25,con đĩ mẹ nó chứ thường !
Kể cả mở nắp bồn cầu cũng nên đái nhẹ nhàng và thanh lịch thôi. Đm rớt vài giọt ra mép bồn cầu t nhìn mà tức nhức nách,1.0,118,kể_cả mở nắp bồn_cầu cũng_nên đái nhẹ_nhàng và thanh_lịch thôi . đm rớt vài giọt ra mép bồn_cầu t nhìn mà tức nhức nách
Đm mặc sịp vào chim to vcl ạ =)))),1.0,34,đm mặc sịp vào chim to vcl ạ = ) ) ) )
Xin lỗi cái lộn nhà m,2.0,21,xin_lỗi cái lộn nhà m
"Tàu hũ in tiền sang VN gom đất, nhà, vàng và mua chuộc chó với đầy tớ",1.0,69,"tàu_hũ in tiền sang vn gom đất , nhà , vàng và mua_chuộc chó với đầy tớ"
Đánh thì ngu như con chó bày đặt,2.0,32,đánh thì ngu như con chó bày_đặt
Le Dinh Khoa 1955 =)),0.0,21,le dinh khoa 1955 = ) )
Bút dùng vẫn còn mực cần pass lại cho ae nào chưa có . Giá yêu thương 5k,0.0,72,bút dùng vẫn còn mực cần pass lại cho anh_em nào chưa có . giá yêu_thương 5k
Không xứng đáng làm trọng tàiiii,1.0,32,không xứng_đáng làm trọng tàiiii
"Không vi phạm,ai bắt làm gì, chứ người chiến sỹ cũng chỉ là người làm công ăn lương,bao nhiêu vụ tai nạn thảm khóc, cũng vì không tuân thủ luật giao thông.",0.0,155,"không vi_phạm , ai bắt làm gì , chứ người chiến_sỹ cũng chỉ là người làm_công ăn lương , bao_nhiêu vụ tai_nạn thảm khóc , cũng vì không tuân_thủ luật giao_thông ."
Thằng nào mạnh chẳng muốn ăn thằng khác. VN lúc có quân đội mạnh tí nữa thì nuốt đc thằng Cam kìa :)),1.0,101,thằng nào mạnh chẳng muốn ăn thằng khác . vn lúc có quân_đội mạnh tí nữa thì nuốt được thằng cam kìa : ) )
chửi hay lắm ông :)) thằng lol này nhìn mặt đeo ưa r thêm cái tính trẻ trâu nữa,1.0,79,chửi hay lắm ông : ) ) thằng lol này nhìn mặt đeo ưa r thêm cái tính trẻ trâu nữa
đéo thích thì thôi cút mẹ đi =)),1.0,32,đéo thích thì thôi cút mẹ đi = ) )
Giờ sorry k giải quyết đc vấn đề gì nữa đâu . muộn rồi,0.0,54,giờ sorry không giải_quyết được vấn_đề gì nữa đâu . muộn rồi
"Ăn hôi khắp mọi mặt trận, giống như thánh ăn hôi nguyễn lân trung",1.0,65,"ăn hôi khắp mọi mặt_trận , giống như thánh_ăn hôi nguyễn lân trung"
Dấu hiệu nhận biết của những người giàu:,0.0,40,dấu_hiệu nhận_biết của những người giàu :
NAM MÔ A DI ĐÀ PHẬT nhân quả xẽ đến sớm thôi ạ,0.0,46,nam_mô a_di_đà phật nhân_quả xẽ đến sớm thôi ạ
🥰,0.0,1,🥰
Sory cái mã cha m,2.0,17,sory cái mã cha m
không chú nào quỳ bố nó xuống nước cho ổng dẫm lên lưng bước qua...như vậy có thể mau lên chức hay sớm được chiếu cố hơn! quan nhà sản có khác...bị khuyết tật!,1.0,159,không chú nào quỳ bố nó xuống_nước cho ổng dẫm lên lưng bước qua ... như_vậy có_thể mau lên chức hay sớm được chiếu_cố hơn ! quan nhà sản có khác ... bị khuyết_tật !
 tl đi con :)) cứng họng rồi hả,0.0,31,tl đi con : ) ) cứng_họng rồi hả
Dcm chs game mà làm dell gì rên ghê vậy,1.0,39,dcm chs game mà làm dell gì rên ghê_vậy
Ai gửi cho chính quyền gửi nó vào trại giam ở miền Nam hộ t cái,0.0,63,ai gửi cho chính_quyền gửi nó vào trại_giam ở miền nam hộ t cái
Ít ra cứ phải chúc mừng Hồng Kong cái đã. Chắc còn phải được hưởng dân chủ thêm chục năm.,0.0,89,ít_ra cứ phải chúc_mừng hồng kong cái đã . chắc còn phải được hưởng dân_chủ thêm chục năm .
Hay,0.0,3,hay
Lê Văn Nhất xem sẽ gầy,0.0,22,lê văn nhất xem sẽ gầy
Đánh 7/9 5/11 gáy cl,0.0,20,đánh 7 / 9 5 / 11 gáy cl
Em nghĩ mình có con mắt sau gáy anh ạ :((,0.0,41,em nghĩ mình có con mắt sau gáy anh ạ : ( (
Xem vĩnh biệt cụ....,0.0,20,xem vĩnh_biệt cụ ... .
Bình dương nhiều thể loại này lắm,0.0,33,bình dương nhiều thể_loại này lắm
"Đây đây đây ,ăn mẹ di",1.0,21,"đây đây đây , ăn mẹ_di"
Hay thương quá.. Thương mình nek bạn,0.0,36,hay thương quá . . thương mình nek bạn
Ả duconme 😂😂😂,2.0,13,ả duconme 😂 😂 😂
Hai anh em :),0.0,13,hai anh_em : )
TUYỂN HLV ĐTQG MÀ K XEM TIỂU SỬ LÝ LỊCH HLV nta phá nát bao nhiêu đội bóng cùng 1 kịch bản ntn rồi !,0.0,100,tuyển hlv đtqg mà không xem tiểu_sử lý_lịch hlv nta phá nát bao_nhiêu đội bóng cùng 1 kịch_bản như thế_nào rồi !
Kêu gọi khán giả ko đến sân tẩy chay để vff sa thải HLV troussier,1.0,65,kêu_gọi khán_giả không đến sân tẩy_chay để vff sa_thải hlv troussier
Việt Nam đi trc thời đại,0.0,24,việt nam đi trc thời_đại
Xin lỗi con mẹ mày trọng tài,2.0,28,xin_lỗi con_mẹ mày trọng_tài
Sad,0.0,3,sad
bố th rách lấy bản phối của viruss xong xào nấu lại bảo của nó,2.0,62,bố th rách lấy bản phối của viruss xong xào_nấu lại bảo của nó
 +1 single mom,0.0,14,+ 1 single mom
"thì giờ phải thiện chí chủ động liên hệ năn nỉ xin lỗi, đút tiền cho anh Virus im dùm chứ rén vc rồi gì nữa. Tội nghiệp thằng cu Jack này, dắt đc mấy con bò tiểu học này thì hay chứ tự ái với đàn anh mày làm gì để giờ ngu dại phóng lao… Xem thêm",1.0,245,"thì giờ phải thiện_chí chủ_động liên_hệ năn_nỉ xin_lỗi , đút tiền cho anh virus im dùm chứ rén vc rồi gì nữa . tội_nghiệp thằng cu jack này , dắt được mấy con bò tiểu_học này thì hay chứ tự_ái với đàn_anh mày làm gì để giờ ngu_dại phóng lao … xem thêm"
Nhờ tư tưởng thiên đường.,0.0,25,nhờ tư_tưởng thiên_đường .
rút con kẹc. rút rút quài,1.0,25,rút con kẹc . rút rút quài
Pass chuột phải dài từ hà đông sang minh khai 😂😂😂😂😂,0.0,51,pass chuột phải dài từ hà đông sang minh khai 😂 😂 😂 😂 😂
Cái đầu buồi thằng tài,2.0,22,cái đầu buồi thằng tài
2 cái lỗ mũi to zậy mà vẫn thấy ngột ngạt là sao nhỉ🙄🙄,1.0,54,2 cái lỗ mũi to zậy mà vẫn thấy ngột_ngạt là sao nhỉ 🙄 🙄
Vậy là mất nửa nồi xôi rồi,0.0,26,vậy là mất nửa nồi xôi rồi
nó không hiện cmt hiện là tao để xem lại m có ý kiến gì =)) ngoài việc phản biện ra thì chả có câu trả lời của m là hợp lý,0.0,122,nó không hiện cmt hiện là tao để xem_lại m có ý_kiến gì = ) ) ngoài việc phản_biện ra thì chả có câu trả_lời của m là hợp_lý
Cực kì thuyết phục🤣🤣,0.0,20,cực_kì thuyết_phục 🤣 🤣
Vâng anhhhh,0.0,11,vâng anhhhh
Đông Ca là địt cụ m ngủ đi,2.0,26,đông ca là địt cụ m ngủ đi
"Nể vợ chồng anh chị giáo dục Tùng Sói tốt quá . Ở tuổi đó biết tự ăn , rồi mạnh dạn hỏi , biết chọc đùa , biết nhận biết nhiều thứ ❤ Nếu có giải những bố mẹ của năm nên tặng cho anh chị một cái siêu to khổng lồ :)))",0.0,215,"nể vợ_chồng anh_chị giáo_dục tùng sói tốt quá . ở tuổi đó biết tự ăn , rồi mạnh_dạn hỏi , biết chọc đùa , biết nhận_biết nhiều thứ ❤ nếu có giải những bố_mẹ của năm nên tặng cho anh_chị một cái siêu to khổng_lồ : ) ) )"
"có cánh cụt, may quá",0.0,20,"có cánh cụt , may quá"
Con mẹ mày mắt mù à,2.0,19,con_mẹ mày mắt mù à
Chị 3 là cô này hả,0.0,18,chị 3 là cô này hả
lũ đóm con chả biết xem về góc nhìn của ViruSs mà phán như đr,1.0,61,lũ đóm con chả biết xem về góc nhìn của viruss mà phán như đr
đóm nhí táp đó,1.0,14,đóm nhí táp đó
được anh ưiiii i,0.0,16,được anh ưiiii i
Cà khịa anh Sơn mà =)),0.0,22,cà_khịa anh sơn mà = ) )
TROI UI BA BEDE NAY CHICH HOC MON NHIEU WA NEN BI KHUNG VA NO BANH XAC ...HAH HAH,1.0,81,troi ui ba bede nay chich hoc mon nhieu wa nen bi khung va no banh xac ... hah hah
"Xl cc,thg chó",2.0,13,"xl cc , thg chó"
có phải kata rank thách đấu dual bất lực gánh không nổi dct trái lane smurf rank vàng ko?,0.0,89,có phải kata rank thách đấu dual bất_lực gánh không nổi dct trái lane smurf rank vàng ko ?
Không phận cái đcmm thg ad ngu như chó,2.0,38,không_phận cái đcmm thg admin ngu như chó
Giống mấy thằng biến thái tụt quần show hàng đi lung tung trong xóm,2.0,67,giống mấy thằng biến_thái tụt quần show hàng đi lung_tung trong xóm
bồi cái thg bố m,2.0,16,bồi cái thg bố m
"thằng ad k muốn bme nó ra tù đấy mà, rõ khổ",1.0,43,"thằng admin không muốn bme nó ra tù đấy mà , rõ khổ"
"Phát ngôn ngu vãi, tao đi ị ở bến xe gia lâm còn phải đóng thuế 5k một lượt kia mà nhà vs có gia lol gì âu, bọn nó chịch nhau còn phải đóng thuế vì dùng bao con sâu hay victoria kia...",1.0,184,"phát_ngôn ngu vãi , tao đi ị ở bến_xe gia lâm còn phải đóng thuế 5k một lượt kia mà nhà với có gia lol gì âu , bọn nó chịch nhau còn phải đóng thuế vì dùng bao con sâu hay victoria kia ..."
inbox mấy tin nhắn éo thèm rep luôn,0.0,35,inbox mấy tin nhắn éo thèm rep luôn
Bố m cũng đến chịu cách ăn mac khác người của nó !,1.0,50,bố m cũng đến chịu cách ăn mac khác người của nó !
Cđmm thk loz,2.0,12,cđmm thk loz
đm may thay gê qá,1.0,17,đm may thay gê qá
Loài thú nó sống còn có nghĩa hơn tui may,2.0,41,loài thú nó sống_còn có_nghĩa hơn tui may
trong tù toàn người quen. cả thì vô đó ở cho quen,0.0,49,trong tù toàn người quen . cả thì vô đó ở cho quen
Me bon cho.ko lam di trom cua nguoi ta .cho vao tu het.bo doi ln,2.0,64,me bon cho . ko lam di_trom cua nguoi ta . cho vao tu het . bo doi ln
bạn Rách nhà bạn hiền qá làm nta có bầu r chối :)) hẳn 5 trẹo cơ đấy,1.0,68,bạn rách nhà bạn hiền qá làm nta có bầu r chối : ) ) hẳn 5 trẹo cơ đấy
"Bọn xu nịnh là những kẻ làm hư cán bộ, và là những kẻ yếu kém chuyên môn nhất.",2.0,78,"bọn xu_nịnh là những kẻ làm hư cán_bộ , và là những kẻ yếu_kém chuyên_môn nhất ."
Đm Ad m óc cức lắm...Đm người ta khổ chứ Đéo rãnh lên đăng ba cái tào lao như m đâu...m cho người ta đc đồng xu cắt bạc nào chưa...ở đây xạo lồn...mẹ m sinh cái tay m ra trước hay sao m ngu v,2.0,191,đm admin m óc cức lắm ... đm người_ta khổ chứ đéo rãnh lên đăng ba cái tào_lao như m đâu ... m cho người_ta được đồng xu cắt bạc nào chưa ... ở đây xạo lồn ... mẹ m sinh cái tay m ra trước hay sao m ngu v
10đ văn minh,0.0,12,10đ văn_minh
Vc,1.0,2,vc
Không công bằng rồi giờ đi xin lỗi,0.0,34,không công_bằng rồi giờ đi xin_lỗi
Ngu chứ cay gì,1.0,14,ngu chứ cay gì
ngoài 50 thì chắc bố của nhung,0.0,30,ngoài 50 thì chắc bố của nhung
tộc trộm cắp và lừa đảo,1.0,23,tộc trộm_cắp và lừa_đảo
@Quynh Anh Nguyen xĩuuuuu,0.0,25,anh nguyen_xĩuuuuu
Chất tiền đoán nữa  2017 xe về 2018 xe về năm 2019 xe về tiền đoán xa chúc 2022,0.0,79,chất tiền đoán nữa 2017 xe về 2018 xe về năm 2019 xe về tiền đoán xa chúc 2022
"Đồng bọn với nhau, bởi vậy cần thiết quản lý định danh xe",0.0,57,"đồng_bọn với nhau , bởi_vậy cần_thiết quản_lý định_danh xe"
Hãy nghe những gì ad nói và hãy ỉa vào những gì ad bost,1.0,55,hãy nghe những gì admin nói và hãy ỉa vào những gì admin bost
Có văn hóa nhưng hơi tục nhé bạn.. Bạn địt AD chứ đưg địt mẹ AD..,2.0,65,có văn_hóa nhưng hơi tục nhé bạn . . bạn địt admin chứ đưg địt_mẹ ad . .
gớm có bắt được bọn đi ẩu chạy nhanh đâu .bao nhieu thằng chạy vèo vượt qua csgt đó làm gì dc nó chỉ đứng bắt lỗi những người đi làm về,0.0,135,gớm có bắt được bọn đi ẩu chạy nhanh đâu . bao nhieu thằng chạy vèo vượt qua csgt đó làm gì được nó chỉ đứng bắt_lỗi những người đi làm về
Mong ng yêu bd hãy đồng thanh gọi thằng troussir là thằng chó lũ lãnh đạo vff là lũ ngu dần cút đi,2.0,98,mong ng yêu bd hãy đồng_thanh gọi thằng troussir là thằng chó lũ lãnh_đạo vff là lũ ngu dần cút đi
may ma ve vn .la cai mo may k con cai rang an chao voi cdm,2.0,58,may ma ve vn . la cai mo may không con cai rang an chao voi cdm
HLV đầu đất.,1.0,12,hlv đầu đất .
Các chị sắm tóc chưa :)))),0.0,26,các chị sắm tóc chưa : ) ) ) )
Cài tóc đánh bài cho hăng ạ 😌,0.0,29,cài tóc đánh_bài cho hăng ạ 😌
thế là ước mơ đi học của bao học sinh dần dần tan biến,0.0,54,thế_là ước_mơ đi học của bao học_sinh dần_dần tan biến
Hợp lí anh ơi,0.0,13,hợp_lí anh ơi
Một thằng hlv tồi ko có trình để đi dạy người ta đá bóng,1.0,56,một thằng hlv tồi không có trình để đi dạy người_ta đá bóng
thôi bạn ơi idol nó con còn không nhận nói chi mấy cái beat:)),0.0,62,thôi bạn ơi idol nó con còn không nhận nói chi mấy cái beat : ) )
may ko xung,1.0,11,may không xung
"giờ mới thấy được tầm quan trọng của việc học, sao em ngu thế em. Tỉnh ngộ đi em ạ, mẹ để em ra có đến nỗi đâu mà sao ngu quá vậy. Đéo hiểu sao vậy mà vẫn bảo vệ được. Ruồi sáng đít không sao hết nhưng đừng để đầu toàn shit và bố mẹ buồn",2.0,237,"giờ mới thấy được tầm quan_trọng của việc học , sao em ngu thế em . tỉnh_ngộ đi em ạ , mẹ để em ra có đến_nỗi đâu mà sao ngu quá vậy . đéo hiểu sao vậy_mà vẫn bảo_vệ được . ruồi sáng đít không sao hết nhưng đừng để đầu toàn shit và bố_mẹ buồn"
Mấy chị đẹp quá,0.0,15,mấy chị đẹp quá
Dct đánh ngu như lợn.,2.0,21,dct đánh ngu như lợn .
Ông nên tự thấy hổ thẹn mà nghỉ việc,0.0,36,ông nên tự thấy hổ_thẹn mà nghỉ_việc
Ko bận sịp luôn à,0.0,17,không bận sịp luôn à
Vũ Thị Huyền bn v b,0.0,19,vũ thị huyền bạn v b
Phat Huynh 2 trái mới dừa () :))),0.0,33,phat huynh 2 trái mới dừa ( ) : ) ) )
Cae team off luôn hả abe,0.0,24,cae team off luôn hả abe
đó là sự tinh tế kèm theo một chút vãi loz.,1.0,43,đó là sự tinh_tế kèm theo một_chút vãi loz .
Nguyễn Nguyễn Lũ thua độ,2.0,24,nguyễn nguyễn lũ thua độ
high ego pha đó đập trụ con LB nó giết = niềm tin =))) vì bạn xứng dáng,0.0,71,high ego pha đó đập trụ con lb nó giết = niềm tin = ) ) ) vì bạn xứng_dáng
Dô con di mây ngon lâm ma,2.0,25,dô con di_mây ngon lâm_ma
Nói thì hay mà làm thì dở. Chỉ biết nhận Lương hàng tháng thôi mà chẳng làm nên trò trống gì cả. Nếu còn lòng tự trọng Ông nên rời khỏi vai trò HLV trưởng đội tuyển bóng đá Việt Nam đi. Sắp đến ngày 7/5 kỷ niệm 70 năm chiến thắng Điện Biên Phủ rồi nhé..!!,0.0,255,nói thì hay mà làm thì dở . chỉ biết nhận lương hàng tháng thôi mà chẳng làm_nên trò_trống gì cả . nếu còn lòng tự_trọng ông nên rời khỏi vai_trò hlv trưởng đội_tuyển bóng_đá việt nam đi . sắp đến ngày 7 / 5 kỷ_niệm 70 năm chiến_thắng điện biên phủ rồi nhé . . ! !
Luật du tai sản chi có ở vn thôi.,0.0,33,luật du tai sản chi có ở vn thôi .
Việt Nam noi đáng sống .,0.0,24,việt nam noi đáng sống .
thì nói chung là có chơi có chịu cả chứ thằng nào cx ngu hết ko có thằng nào khôn cả (Srry nếu có đụng chạm tới ông) do đang cay thằng Mồn Lực,1.0,142,thì nói_chung là có chơi có chịu cả chứ thằng nào cũng ngu hết không có thằng nào khôn cả ( srry nếu có đụng_chạm tới ông ) do đang cay thằng mồn lực
"Nguyễn Tuấn Hiệp , nhưng thực sự nhạc nhẽo đéo nghe nổi hết 1phút =))))",1.0,71,"nguyễn tuấn hiệp , nhưng thực_sự nhạc nhẽo đéo nghe nổi hết 1phút = ) ) ) )"
 ước fan Rách làm sáng tỏ vụ chối con,1.0,37,ước fan rách làm sáng_tỏ vụ chối con
"mịa, bao nhiều đời đéo dẹp được, ông Thăng lên được mấy tháng thì dẹp thế đéo nào ngay được, nói ngu vl",1.0,103,"mịa , bao nhiều đời đéo dẹp được , ông thăng lên được mấy tháng thì dẹp thế đéo nào ngay được , nói ngu vl"
lớn rồi mà mở mồm nguu thiệt,1.0,28,lớn rồi mà mở mồm nguu thiệt
"Uầy, thế mà có cái hội lúc nào cũng ngông ngóng cái lũ đu càng đó gửi tiền về đó, chậc chậc😞",1.0,92,"uầy , thế_mà có cái hội lúc_nào cũng ngông ngóng cái lũ đu càng đó gửi tiền về đó , chậc chậc 😞"
Cực kì thuyết phục=)),0.0,21,cực_kì thuyết_phục = ) )
Giao va cho a xin 1tram do coi,0.0,30,giao va cho a xin 1tram do coi
"Hiệp Đinh v m k biết đọc à, hãy viết trước khi đọc kĩ nha thằng óc cứt, mắt chưa rà hết chữ mà tay nhanh hơn não, mối nguy hiểm của xã hội",2.0,138,"hiệp đinh v m không biết đọc à , hãy viết trước khi đọc kĩ nha thằng óc cứt , mắt chưa rà hết chữ mà tay nhanh hơn não , mối nguy_hiểm của xã_hội"
Sr cmm,1.0,6,sr cmm
Đủ trình không ???? Óc chó hoang tưởng ảo tưởng vcl,2.0,51,đủ trình không ? ? ? ? óc chó hoang_tưởng ảo_tưởng vcl
Adresmic bình định,0.0,18,adresmic bình_định
video hay quá,0.0,13,video hay quá
Dcmm cmt bài viết của bố ăn lozz ak cut,2.0,39,dcmm cmt bài viết của bố ăn lozz ak cut
Thằng ngu này bị cho cút khỏi box r đấy,2.0,39,thằng ngu này bị cho cút khỏi box r đấy
Xin lỗi gì,0.0,10,xin_lỗi gì
ủa? Chứ dân hà nội gốc đom đóm đâu r?hay lại bỏ rơi comt giống rẻ hack bỏ con,2.0,77,ủa ? chứ dân hà nội gốc đom_đóm đâu r ? hay lại bỏ_rơi comt giống rẻ hack bỏ con
Đmm thứ 2 mặt =)) bố m nt zồi kìa =))) zep đi kìa?,2.0,50,đmm thứ 2 mặt = ) ) bố m nt zồi kìa = ) ) ) zep đi kìa ?
trách ng cha chưa đặt mình vào vị trí của ng khác thì sẽ kh hiểu được đúng là lòng người đáng sợ,0.0,96,trách ng cha chưa đặt mình vào vị_trí của ng khác thì sẽ kh hiểu được đúng là lòng người đáng sợ
"phải bắt nó đính chính, xin lỗi và bồi thường tổn hại mới vừa nha",0.0,65,"phải bắt nó đính_chính , xin_lỗi và bồi_thường tổn_hại mới vừa nha"
Nhiệt quần què ms đầu vào cảm rảm như chó h khen cc,2.0,51,nhiệt quần què ms đầu_vào cảm_rảm như chó h khen cc
Ngoo :))),0.0,9,ngoo : ) ) )
Trom thì nhju.cong an thì chẳng thấy đâu..đoi bê khổ,1.0,52,trom thì nhju . cong an thì chẳng thấy đâu . . đoi bê khổ
xin lỗi cc,1.0,10,xin_lỗi cc
Công an bắt được chưa? Loại này cần t.ử hì.nh!,2.0,46,công_an bắt được chưa ? loại này cần t . ử hì . nh !
Vậy đấy it chuyện thôi quen thi nói,0.0,35,vậy đấy it chuyện thôi quen thi nói
"Có chữ để đọc mà còn không mang ơn ,,,Đúng là lũ khốn nạn ,,,,Đề nghị đổi chử của thằng giáo sư đầu bùi cho dễ sữ dụng,,,,,,,Đã vậy còn tôn thờ hai thằng mũi lõ mắt xanh gây đau khổ cho bao dân tộc trên thế giới,,,,Dân vn còn chưa có được cục phân của nó để bón cây vậy mà tôn thờ hơn cha mẹ",2.0,291,"có chữ để đọc mà còn không mang ơn , , , đúng là lũ khốn_nạn , , , , đề_nghị đổi chử của thằng giáo_sư đầu bùi cho dễ sữ_dụng , , , , , , , đã vậy còn tôn_thờ hai thằng mũi lõ mắt_xanh gây đau_khổ cho bao dân_tộc trên thế_giới , , , , dân vn còn chưa có được cục phân của nó để bón cây vậy_mà tôn_thờ hơn cha_mẹ"
Ngoc Chu đme đang ăn sáng 🙂,1.0,27,ngoc chu đme đang ăn sáng 🙂
Nguyễn Luân cẩn thận dàn cảnh,0.0,29,nguyễn luân cẩn_thận dàn_cảnh
Mình cũng muốn thử nhưng lại chơi không được giỏi :)),0.0,60,mình cũng muốn thử nhưng lại chơi không được giỏi : ) )
Thay vì ở đây xàm lol,1.0,21,thay_vì ở đây xàm lol
Thu Ngân b lm lẩu phan à :v,0.0,27,thu_ngân b lm lẩu phan à : v
"Tụi này dàn cảnh để cướp xe , bà con cảnh giác với những thủ đoạn hỏi thăm đường",0.0,80,"tụi này dàn_cảnh để cướp xe , bà_con cảnh_giác với những thủ_đoạn hỏi_thăm đường"
đm bác nói chuẩn quá,0.0,20,đm bác nói chuẩn quá
con di ngua nay chac sih ra o ho boom ha j,2.0,42,con di_ngua nay chac sih ra o ho boom ha gì
Nguyên tắc bất di bất dịch của nhân dân ta khi tham gia giao thông:,0.0,67,nguyên_tắc bất_di_bất_dịch của nhân_dân ta khi tham_gia giao_thông :
"bởi tính ra VR quân tử, đàn ông ha đang nói chuyện beat cái lên nói về điểm yếu của Ng ta k biết này kia, cái còn nói tung bằng chứng phốt. Dù Ng ta k biết thì có thể học mà, tỏ ra thanh cao mà việc làm toàn ngược lại quá. Người có học … Xem thêm",0.0,246,"bởi tính ra vr quân_tử , đàn_ông ha đang nói_chuyện beat cái lên nói về điểm yếu của ng ta không biết này kia , cái còn nói tung bằng_chứng phốt . dù ng ta không biết thì có_thể học mà , tỏ ra thanh_cao mà việc làm toàn ngược_lại quá . người có_học … xem thêm"
"thằng không có nhận thức là thằng không biết người khác bait =)). Vl thêm con cụt vào mới biết bait, đần ác",2.0,107,"thằng không có nhận_thức là thằng không biết người khác bait = ) ) . vl thêm con cụt vào mới biết bait , đần ác"
Bạn nào hợp tác làm đứa k chứ vã qué,0.0,36,bạn nào hợp_tác làm đứa không chứ vã qué
Rồi một ngày đẹp trời sẽ được đưa về đồn thôi,0.0,45,rồi một ngày đẹp trời sẽ được đưa về đồn thôi
Đọc mà bức xúc thương con quá . Cầu xin phép màu đến với con. Còn kẻ ác phải đền tội.,0.0,85,đọc mà bức_xúc thương con quá . cầu_xin phép màu đến với con . còn kẻ ác phải đền_tội .
Xin con mẹ nó con chó,1.0,21,xin con_mẹ nó con chó
Do dân vì dân mà :))),0.0,21,do dân vì dân mà : ) ) )
"cái đó chỉ áp dụng cho ""người ngồi trên phương tiện đang bị kiểm soát"", còn nếu muốn dừng xe bạn để kiểm soát thì vẫn cần ""Trực tiếp phát hiện hoặc thông qua phương tiện, thiết bị kỹ thuật nghiệp vụ phát hiện, ghi nhận được các hành vi vi phạm pháp luật về giao thông đường bộ""",0.0,277,"cái đó chỉ áp_dụng cho "" người ngồi trên phương_tiện đang bị kiểm_soát "" , còn nếu muốn dừng xe bạn để kiểm_soát thì vẫn cần "" trực_tiếp phát_hiện hoặc thông_qua phương_tiện , thiết_bị kỹ_thuật nghiệp_vụ phát_hiện , ghi_nhận được các hành_vi vi_phạm_pháp_luật về giao_thông đường_bộ """
ở Hàn gọi là chiếc lá còn VN là lá chà bồn.,1.0,43,ở hàn gọi là chiếc lá còn vn là lá chà_bồn .
dan tran …vụ này mà cảnh sát không điều tra ra.thì qua gio…người ta đã nghèo ban xôi rồi.,0.0,89,dan tran … vụ này mà cảnh_sát không điều_tra ra . thì qua gio … người_ta đã nghèo ban xôi rồi .
"Cách ly vẫn tranh thủ tạo chút scandal câu like, đánh bóng tên tuổi, xuất viện đăng đàn xin lỗi! sợ thật sự cái anh Tiệp này 🙏",1.0,126,"cách_ly vẫn tranh_thủ tạo chút scandal câu like , đánh_bóng tên_tuổi , xuất_viện đăng_đàn xin_lỗi ! sợ thật_sự cái anh tiệp này 🙏"
"Nó chửi Cô Minh Hiếu là sai, nhưng mà đm tụi m thật sự rất quá đáng, nó có xạo hay gì đó nếu ko ảnh hưởng ai thì việc gì phải đập phá chén cơm người khác v, còn việc giá 1 chai nước hoa rẻ thì tự tụi m phải nhận thức được nó là hàng loại nào, nếu thấy chấp nhận thì mua nó đâu ship lại hay lấy dao kề cổ bắt bây mua. Còn Trần Đoàn nên có lời xin lôi tới cô MH đi, còn TĐ nó có xạo sài hàng fake hay thật kệ nó, tụi bây chắc gì ko sống ảo chắc gì ko sài hàng fake nên ai làm gì kệ ngta tạo nghiệp chi v.",1.0,502,"nó chửi cô minh hiếu là sai , nhưng mà đm tụi m thật_sự rất quá_đáng , nó có xạo hay gì đó nếu không ảnh_hưởng ai thì việc gì phải đập phá chén cơm người khác v , còn việc giá 1 chai nước_hoa rẻ thì tự tụi m phải nhận_thức được nó là hàng loại nào , nếu thấy chấp_nhận thì mua nó đâu ship lại hay lấy dao kề cổ bắt bây mua . còn trần đoàn nên có lời xin lôi tới cô mh đi , còn tđ nó có xạo sài hàng fake hay thật kệ nó , tụi bây chắc gì không sống ảo chắc gì không sài hàng fake nên ai làm gì kệ ngta tạo nghiệp chi v ."
long cao tag trong cmt,0.0,22,long cao tag trong cmt
1 lũ ăn cướp.,2.0,15,1 lũ ăn_cướp .
Thèn ngáo,1.0,9,thèn ngáo
Rồi cũng thân tàn ma dại thôi. Chúc mấy thanh niên sớm về với ông bà.,2.0,69,rồi cũng thân tàn_ma dại thôi . chúc mấy thanh_niên sớm về với ông_bà .
Đừng phân biệt vùng miền nữa anh em,0.0,35,đừng phân_biệt vùng miền nữa anh_em
má fong rộng z ma la ngột ngạt me nó,1.0,36,má fong rộng z ma la ngột_ngạt me nó
xin lỗi con căk,1.0,15,xin_lỗi con căk
"địt mẹ mấy thằng hay phân biệt Bắc Nam đâu rồi , các ""Nam Kì Boys"" đâu , sao ko vào đây phân biệt HN SG tiếp đi nào ?",2.0,117,"địt_mẹ mấy thằng hay phân_biệt bắc_nam đâu rồi , các "" nam kì boys "" đâu , sao không vào đây phân_biệt hn sg tiếp đi nào ?"
"công nghệ làm sạch môi trường của nhật cản trở tham nhũng của công chức búa liềm, đúng là chuyện hài nhà sản",1.0,108,"công_nghệ làm sạch môi_trường của nhật cản_trở tham_nhũng của công_chức búa liềm , đúng là chuyện hài nhà_sản"
Thằng chó cút mẹ về Pháp đi,2.0,27,thằng chó cút mẹ về pháp đi
Fake thôi,0.0,9,fake thôi
Bọn 3/// tuột quần và bọn CCCĐ lúc này chui đi đâu mất mà kg nghe thấy chúng sủa vậy anh Vũ Hoàng Lân? Hay là chúa rước bọn chúng xuống địa ngục hết rồi?,2.0,153,bọn 3 / / / tuột quần và bọn cccđ lúc này chui đi đâu mất mà kg nghe thấy chúng sủa vậy anh_vũ hoàng lân ? hay_là chúa rước bọn chúng xuống địa_ngục hết rồi ?
Mấy thằng này phải xử như 2 thằng trộm chó ở đồng tháp mới vừa,2.0,62,mấy thằng này phải xử như 2 thằng trộm chó ở đồng tháp mới vừa
May xạo lồn do am binh,2.0,22,may xạo lồn do am_binh
"Thằng ml mày thấy dân việt chúng tao nhục chưa , đcmm cút khỏi Việt Nam đi",2.0,74,"thằng ml mày thấy dân việt chúng_tao nhục chưa , đcmm cút khỏi việt nam đi"
"Cô ấy mà con của chủ tịch huyện thì chiếc xe ấy trở về 30p... nhưng con của dân thì dân chịu,,,,",0.0,96,"cô ấy mà con của chủ_tịch huyện thì chiếc xe ấy trở về 30p ... nhưng con của dân thì dân chịu , , , ,"
Khốn nạn . Tội cho cô gái,1.0,25,khốn_nạn . tội cho cô gái
Xin mẹ m chớ xin,1.0,16,xin mẹ m chớ xin
GỌI TRẦN DẦN LÀ CON TINH TRÙNG KHUYẾT TẬT.,2.0,42,gọi trần dần là con tinh_trùng khuyết_tật .
Vũ Thanh Huyền bọn Hàn Quốc biết nói tiếng Việt à :)),0.0,53,vũ thanh huyền bọn hàn quốc biết nói tiếng việt à : ) )
Nói ngta chửi con gái kh bằng súc vật xong h chửi con gái là sao ta . Hông lẻ bạn .....kkk,0.0,90,nói ngta chửi con_gái kh bằng súc_vật xong h chửi con_gái là sao ta . hông lẻ bạn ... . . kkk
Bê đê dơ,1.0,8,bê đê dơ
Nó học võ để giết người à ..!! Mé nó tức quá zị kkk,1.0,51,nó học võ để giết người à . . ! ! mé nó tức quá zị kkk
coi kìa. cay nữa rồi kkkkk cay lắm.khóc it thoi con chó,2.0,55,coi kìa . cay nữa rồi kkkkk cay lắm . khóc it thoi con chó
khui đi coi động tr tới cỡ nào? Nếu có thì đã k đợt đến bâyh đâu tôm ơi,0.0,71,khui đi coi động tr tới cỡ nào ? nếu có thì đã không đợt đến bâyh đâu tôm ơi
sor ccc,1.0,7,sor ccc
Cảnh giác chút,0.0,14,cảnh_giác chút
Noi Tum lai hai thang đều ngu,2.0,30,noi tum lai hai thang đều ngu
Thằng súc sinh,2.0,14,thằng súc_sinh
Hlv óc chó nhất lịch sử bdvn,2.0,28,hlv óc chó nhất lịch_sử bdvn
ngồi đó mà nói ngta ttkt sau này con cái mình ko thoát được cái mồm đi chơi xa của mình đâu,0.0,91,ngồi đó mà nói ngta ttkt sau_này con_cái mình không thoát được cái mồm đi chơi xa của mình đâu
Lồn mẹ mày dốt quá thì dừng có live con chó ngu,2.0,47,lồn mẹ mày dốt quá thì dừng có live con chó ngu
"Phải con trai thì đuổi kịp ,đây là cướp đường mong pháp luật vào cuộc manh mối rõ ràng hai thằng đồng bọn cam quay rõ luôn",1.0,122,"phải con_trai thì đuổi kịp , đây là cướp đường mong pháp_luật vào_cuộc manh_mối rõ_ràng hai thằng đồng_bọn cam quay rõ luôn"
Con. Quy nay. No. Khung.nang. No ngao da.  Het. Thuoc. Chua.,2.0,60,con . quy nay . no . khung . nang . no_ngao da . het . thuoc . chua .
Lê Nhân Trí Tín Lầy ghê con .,0.0,29,lê nhân trí tín lầy ghê con .
Thằng làm nghề giáo dục cuồng like .,1.0,36,thằng làm nghề giáo_dục cuồng like .
ngu như chó,1.0,11,ngu như chó
Xl cái lồn .. đụ má,2.0,19,xl cái lồn . . đụ má
Chị ba vàng ngọc có cây đinh mọc giữa dái :)),1.0,45,chị ba vàng_ngọc có cây đinh mọc giữa dái : ) )
"Tiếc ziêng là tui ngon cơm , đi chợ bình thường",0.0,47,"tiếc ziêng là tui ngon cơm , đi chợ bình_thường"
Phạm Văn Lộc lên nghỉ?,0.0,22,phạm văn lộc lên nghỉ ?
Thanh Trẻ Trâu đm :)),1.0,21,thanh trẻ trâu đm : ) )
Vn mà,0.0,5,vn mà
hq k còn ca nào nhiễm vì nhiễm gần hết,0.0,38,hq không còn ca nào nhiễm vì nhiễm gần hết
tl đi cu :)) cứng họng rồi hả,1.0,29,tl đi cu : ) ) cứng_họng rồi hả
ít nhất t dell sủa bằng mồm như m đâu,1.0,37,ít_nhất t dell sủa bằng mồm như m đâu
Sao tôi lại nghe thấy tiếng cậu vàng nhể,0.0,40,sao tôi lại nghe thấy tiếng cậu vàng nhể
ra CA xem của ba được ko nha,0.0,28,ra ca xem của ba được không nha
Mấy tml này trc sau gì cũng bị xe giày,2.0,38,mấy tml này trc sau gì cũng bị xe giày
Đẹp trai k abe :v,0.0,17,đẹp_trai không abe : v
Mả cha mày súc vật,2.0,18,mả cha mày súc_vật
Haha. Chết mẹ con Nhung rồi.,2.0,28,haha . chết mẹ con nhung rồi .
Sao sao cái mả cha m,2.0,20,sao sao cái mả cha m
phú ông phú bà nào mà thả cái bait được nhiều người táp quá =)),0.0,63,phú ông phú bà nào mà thả cái bait được nhiều người táp quá = ) )
Cú lừa hoàn hảo,0.0,15,cú lừa hoàn_hảo
Nguyễn Đức Khang chửi là bị ban mà bạn ơi,0.0,41,nguyễn đức khang chửi là bị ban mà bạn ơi
Ai cho lũ chống Tổ Quốc về nước? Bọn mày mơ...,2.0,46,ai cho lũ chống tổ_quốc về nước ? bọn mày mơ ...
Xin địt mẹ mày,2.0,14,xin địt_mẹ mày
Trọng tài như l*n chết mẹ đi,2.0,28,trọng_tài như l * n chết mẹ đi
"Dương Châu.Cô gái ĐÃ MẤT TÀI SẢN RỒI.ĐỪNG NÊN NÓI NHỮNG LỜI CAY ĐỘC."" THÁNG 5 ĐI TRƯỚC THÁNG 10 ĐI SAO"". CƯỜI NGƯỜI CHỚ KHÁ CƯỜI LÂU. CƯỜI NGƯỜI HÔM TRƯỚC - HÔM SAU NGƯỜI CƯỜI ""????",0.0,181,"dương châu . cô gái đã mất tài_sản rồi . đừng nên nói những lời cay_độc . "" tháng 5 đi trước tháng 10 đi sao "" . cười người chớ khá cười lâu . cười người hôm trước - hôm sau người cười "" ? ? ? ?"
lũ chó chúng m ko cắn thì thôi chứ bọn t là người ai lại cắn người,2.0,66,lũ chó chúng m không cắn thì_thôi chứ bọn t là người ai_lại cắn người
NSND TRẦN CỌP,0.0,13,nsnd trần cọp
Xin lỗi con cặt,1.0,15,xin_lỗi con cặt
Kh biết đang côi j luôn,0.0,23,kh biết đang côi gì luôn
"Mới làm từ thiện, hôm nay đại gia cái miệng giống cái hầm cầu vậy, mã cha mầy chạy xe có ngày đâm cột điện nè",1.0,109,"mới làm từ_thiện , hôm_nay đại_gia cái miệng giống cái hầm cầu_vậy , mã cha mầy chạy xe có ngày đâm cột điện nè"
"Không quen ,không biết thì nên giữ khoảng cách. Nhìn cách nói chuyện ối giời ơi. Bài học hay.",0.0,93,"không quen , không biết thì nên giữ khoảng_cách . nhìn cách nói_chuyện ối giời ơi . bài_học hay ."
Ông này có vào ăn bao h ko nhìn quen quen Lê Lê Thị Kiều Ngân,0.0,61,ông này có vào ăn bao h không nhìn quen quen lê lê thị kiều ngân
Câm mẹ mày đi tao thấy mệt với cái thằng dốt mà toả ra học nhiều lắm :)) đéo thèm rep nữa,1.0,89,câm mẹ mày đi tao thấy mệt với cái thằng dốt mà toả ra học nhiều lắm : ) ) đéo thèm rep nữa
Lộc bắn nha yogut,0.0,17,lộc bắn nha_yogut
Cực kì thuyết phục ☺,0.0,20,cực_kì thuyết_phục ☺
"Do then hlv qua ngu thoi,ca tran ko 1 cu sut,tien toi wc kkkk,thay nguoi ngu bo me,co hoang duc va ho tan tai hom qua eo thua,sa thai no di,then hlv ngu ngoc nhat",1.0,162,"do then hlv qua ngu thoi , ca tran không 1 cu sut , tien toi wc kkkk , thay nguoi ngu bo me , co hoang duc va ho tan tai hom qua eo thua , sa thai no_di , then hlv ngu ngoc nhat"
Đổi cái avt đi trông bẩn vl,1.0,27,đổi cái avt đi trông bẩn vl
xin chào anh em,0.0,15,xin chào anh_em
"Thằng add chắc đầu mày toàn cứt ko á.! Đúng là ""Ngu có gia phả"" mà.!",2.0,80,"thằng add chắc đầu mày toàn cứt không á . ! đúng là "" ngu có gia_phả "" mà . !"
vn thi deo no no cho trung Quốc bon dien,2.0,40,vn thi deo no no cho trung quốc bon dien
Gần bước sang tháng mới rồi rốt cuộc cả công ty không liên hệ được hả :)))) Hay chỉ nói mõm thôi để biết khỏi hóng nữa nè,1.0,121,gần bước sang tháng mới_rồi rốt_cuộc cả công_ty không liên_hệ được hả : ) ) ) ) hay chỉ nói mõm thôi để biết khỏi hóng nữa nè
Thu phí tiền bãi Nhưng để xe như cỏ rác lụm tiền thì nhanh chớ ói tiếng thì đừng mong nhé,0.0,89,thu phí tiền bãi nhưng để xe như cỏ rác lụm tiền thì nhanh chớ ói tiếng thì đừng mong nhé
Ghê tởm con bóng già 😡😡,2.0,23,ghê_tởm con bóng già 😡 😡
xem ở coffee mà khánh nhìn quá tr :))),0.0,38,xem ở coffee mà khánh nhìn quá tr : ) ) )
"May mà đã cho HS nghỉ học, chỉ cần 1 hs có gia đình bị lây thôi là toang tất cả.",0.0,80,"may_mà đã cho hs nghỉ học , chỉ cần 1 hs có gia_đình bị lây thôi là toang tất_cả ."
Chị ba vàng là chị chó phèn ak haha,1.0,35,chị ba vàng là chị chó phèn ak haha
thg cha con đỹ mẹ m tao nắc nè lo mua hòm chôn đi tao nắc chết thg cha m r còn con đỹ mẹ m tao để ché nắc đẻ ra em mày đó,2.0,121,thg cha con đỹ mẹ m tao nắc nè lo mua hòm chôn đi tao nắc chết thg cha m r còn con đỹ mẹ m tao để ché nắc đẻ ra em mày đó
"Nhà mặt tiền cái l*n, mặt l*n thì có",2.0,36,"nhà mặt_tiền cái l * n , mặt l * n thì có"
Sorry cái đb,1.0,12,sorry cái đb
Đào Hà Văn Rinaky Cn anh chị ơi cẩn thận nhé ạ,0.0,46,đào hà văn rinaky cn anh_chị ơi cẩn_thận nhé ạ
"Chị yên tâm, chị mất cái này thì ông trời cho chị lại cái khác, còn 3 thằng chó đó, người nhà,con cái hắn phải gánh nghiệp, rồi hắn cũng bị xe hắn cán bẹt não",2.0,158,"chị yên_tâm , chị mất cái này thì ông trời cho chị lại cái khác , còn 3 thằng chó đó , người_nhà , con_cái hắn phải gánh_nghiệp , rồi hắn cũng bị xe hắn cán bẹt não"
"Đm, bực bội tức tối, cay cú rồ người lên rồi mà ko dc cất lời ca, xả cơn tức thì khác éo gì ngậm .c..Ức vẫn thấy thơm,",1.0,118,"đm , bực_bội tức_tối , cay_cú rồ người lên rồi mà không được cất lời ca , xả cơn tức_thì khác éo gì ngậm . c . . ức vẫn thấy thơm ,"
chả thế lúc ăn lại chả gáy bẩn vãi lz,1.0,37,chả thế lúc ăn lại chả gáy bẩn vãi lz
"Đĩ mẹ nhung, lựa đi em",2.0,22,"đĩ mẹ nhung , lựa đi em"
"tao không biết lũ nam kì m như nào, rủa ít thôi",2.0,47,"tao không biết lũ nam kì m như nào , rủa ít thôi"
mày bị đần à?? =))))),2.0,21,mày bị đần à ? ? = ) ) ) ) )
ông qua nói nó nói t làm gì,0.0,27,ông qua nói nó nói t làm gì
xin vĩnh biệt cụ,0.0,16,xin vĩnh_biệt_cụ
mặt cặc m á lồn trọng tài đụ mẹ bắt như cc,2.0,42,mặt cặc m á lồn trọng_tài đụ_mẹ bắt như cc
Ông ấy đã trở lại và lợi hại hơn bội phần,0.0,41,ông ấy đã trở_lại và lợi_hại hơn bội_phần
sao nói dệ,0.0,10,sao nói dệ
Yêu cầu pháp luật nhà nc quét sạch truyệt để cái lủ này vô tù hết cho nhân vân yên ổn lm ăn phát truyển cho xã hội,1.0,114,yêu_cầu pháp_luật nhà nc quét sạch truyệt để cái lủ này vô tù hết cho nhân vân yên_ổn lm ăn phát truyển cho xã_hội
"Trọng tài Bán Độ,mắt bị mù cần thiết ra sân phải đeu cái kính cho nhìn rõ vào",1.0,77,"trọng_tài bán_độ , mắt bị mù cần_thiết ra sân phải đeu cái kính cho nhìn rõ vào"
lớn quá ko a,0.0,12,lớn quá không a
"đúng r phải bắt nó phạt nặng vào vì đã tiêm vào giới trẻ tư tưởng bỏ con , phản bội ae bạn bè , ....",1.0,100,"đúng r phải bắt nó phạt nặng vào vì đã tiêm vào giới trẻ tư_tưởng bỏ con , phản_bội anh_em bạn_bè , ... ."
"haha chúng nó tính thoát trung bằng các chui vào rọ Mỹ =)) thoát thoát cái cm mấy thằng phản động , não chó bày đặt chê bai",2.0,123,"haha chúng_nó tính thoát trung bằng các chui vào rọ mỹ = ) ) thoát thoát cái cm mấy thằng phản_động , não chó bày_đặt chê_bai"
Nhanh chí nhìn biển số xe Hai thằng đó,0.0,38,nhanh chí nhìn biển số xe hai thằng đó
chúc mừng cả gia đình mắt lé đi tò,1.0,34,chúc_mừng cả gia_đình mắt lé đi tò
Đồng bọn,0.0,8,đồng_bọn
Xin lỗi cứt chó gì,1.0,18,xin_lỗi cứt chó gì
MTP hơn jack nhiều nhé,0.0,22,mtp hơn jack nhiều nhé
"Thớt óc chó, dư lợn viên ăn cám heo, con bò đỏ ngu si..thằng đàn ông rẻ tiền mất dạy..1 con người khốn nạn..",2.0,108,"thớt óc chó , dư lợn viên ăn_cám heo , con bò đỏ ngu_si . . thằng đàn_ông rẻ_tiền mất_dạy . . 1 con_người khốn_nạn . ."
Iu,0.0,2,iu
Dell cần loại súc vật như mày,2.0,29,dell cần loại súc_vật như mày
bồi cho cái cc nhá,1.0,18,bồi cho cái cc nhá
Abe lớn thật ròii ông giáo ạ,0.0,28,abe lớn thật ròii ông giáo ạ
được ông :))),0.0,13,được ông : ) ) )
Bỏ cái tôi đi thì cũng ok thôi,0.0,30,bỏ cái tôi đi thì cũng ok thôi
Thắm thối lồn viết văn dài quá. Cần địt gì để ý cái bọn ko biết gì . :)))),2.0,74,thắm thối lồn viết văn dài quá . cần địt gì để_ý cái bọn không biết gì . : ) ) ) )
nữa đêm coi cuời ẻ https://facebook.com/l.php?u=l-fb.co/profile/id-100934216506881,0.0,82,nữa đêm coi cuời ẻ
Hướng Dương lên google search Tim Cook nó cho hàng nghìn kết quả nhé.,0.0,69,hướng_dương lên google search tim cook nó cho hàng nghìn kết_quả nhé .
Đã bán xôi rồi mà nó ko tha,0.0,27,đã bán xôi rồi mà nó không tha
Đây mới là người có bản lĩnh thực sự 👍,0.0,38,đây mới là người có bản_lĩnh thực_sự 👍
sau có con thì nó hỏi sao xưa bố đánh mực ngu bị ngta chửi nhiều thế !! mà chắc lol gì loại m lấy đc vợ,2.0,103,sau có con thì nó hỏi sao xưa bố đánh mực ngu bị ngta chửi nhiều thế ! ! mà chắc lol gì loại m lấy được vợ
cái loại mày ngang lắm Con ạ về bảo bố mẹ dậy bắt bố đời lại địt cụ thằng mắt lá dăm,1.0,84,cái loại mày ngang lắm con ạ về bảo bố_mẹ dậy bắt bố đời lại địt cụ thằng mắt lá dăm
Thuyết cực kì phục,0.0,18,thuyết cực_kì phục
trọng tài đẹp trai quá,0.0,22,trọng_tài đẹp_trai quá
Bởi ta nói nhìn mini map nó quan trọng mà nhìn mini map là xử lí khác r,0.0,71,bởi ta nói nhìn mini map nó quan_trọng mà nhìn mini map là xử_lí khác r
Nãy h yên bình quá..Ko thấy đóm táp nhỉ,1.0,39,nãy h yên bình quá . . ko thấy đóm táp nhỉ
tôi có xem ông đi rừng Hacerim 2/17 rank Vàng rồi ạ. Thật là bái phục,0.0,69,tôi có xem ông đi rừng hacerim 2 / 17 rank vàng rồi ạ . thật là bái_phục
Vcl fb fake mà các bố cmt nhưu thật sợ vcl,0.0,42,vcl fb fake mà các bố cmt nhưu thật sợ vcl
"Đa số bố mẹ lao vào kiếm tiền bất chấp cả gian dối , tham nhũng thì con nó cũng bất chấp vì tiền. Thay bằng kiếm tiền xứng đáng và giành thời gian tình cảm cho con thì con nó cũng vì bố mẹ.... cha nào con lấy. Công bằng thôi chỉ là khôn dại đồng tiền loá mắt",1.0,258,"đa_số bố_mẹ lao vào kiếm tiền bất_chấp cả gian_dối , tham_nhũng thì con nó cũng bất_chấp vì tiền . thay bằng kiếm tiền xứng_đáng và giành thời_gian tình_cảm cho con thì con nó cũng vì bố_mẹ ... . cha nào con lấy . công_bằng thôi chỉ là khôn dại đồng_tiền loá_mắt"
 còn . Mẹ MX thằng chó ông bà già MX dcm cái lollll vợ MX ... ông bà già MX chết hát,2.0,84,còn . mẹ mx thằng chó ông bà_già mx dcm cái lollll vợ mx ... ông bà_già mx chết hát
cố lên,0.0,6,cố lên
Bài này k hay lắm,0.0,17,bài này không hay lắm
Hỏi thật là ông có thấy nhục không? Cầm đồng lương từ tiền của nhân dân VN ông không biết xấu hổ với lương tâm à?,0.0,113,hỏi thật là ông có thấy nhục không ? cầm đồng_lương từ tiền của nhân_dân vn ông không biết xấu_hổ với lương_tâm à ?
đcm bọn ăn cháo đá bát,2.0,22,đcm bọn ăn cháo đá bát
Người ta nghèo mới buôn bán nhỏ lẻ nay bị lừa mất xe vẫn không yên với mấy đứa óc toàn cứt.,2.0,91,người_ta nghèo mới buôn_bán nhỏ_lẻ nay bị lừa mất xe vẫn không yên với mấy đứa óc toàn cứt .
Đưa nó vào nam đi cho nó gặp toàng người quen,0.0,45,đưa nó vào nam đi cho nó gặp toàng người quen
Lợi clmn chứ lợi,1.0,16,lợi clmn chứ lợi
Nản ngực giá bao nhiêu vậy chị,0.0,30,nản ngực giá bao_nhiêu vậy chị
lên đây tifm nhau đê,0.0,20,lên đây tifm nhau đê
Ôi bố cái lũ thanh niên hãm lol. Đẹp mặt quá 😒😒,2.0,47,ôi bố cái lũ thanh_niên hãm lol . đẹp_mặt quá 😒 😒
"Cách ly vẫn tranh thủ tạo chút scandal câu like, đánh bóng tên tuổi, xuất viện đăng đàn xin lỗi! sợ thật sự cái anh Tiệp này 🙏",1.0,126,"cách_ly vẫn tranh_thủ tạo chút scandal câu like , đánh_bóng tên_tuổi , xuất_viện đăng_đàn xin_lỗi ! sợ thật_sự cái anh tiệp này 🙏"
ko thêm cánh cụt thì mai đổi cccd thành Linh single mom mất:),0.0,61,không thêm cánh cụt thì mai đổi cccd thành linh single mom mất : )
"xin lỗi đc cái j,NGHĨ ĐIIIII",0.0,28,"xin_lỗi được cái j , nghĩ điiiii"
From Mixi With Love ❤!,0.0,22,from mixi with love ❤ !
Bọn này còn biết đến ai khổ ai đau đớn,1.0,38,bọn này còn biết đến ai khổ ai đau_đớn
Ông nên thay đổi triết lí tấn công sang phòng ngự thật chặt chẽ thay đổi tư Duy đa dạng trong cách chơi sử dụng 5 hậu vệ và bà vệ tiền vệ trung tâm mới hay giúp cho đôi tuyển Việt Nam chơi hay hơn,0.0,196,ông nên thay_đổi triết_lí tấn_công sang phòng_ngự thật chặt_chẽ thay_đổi tư_duy đa_dạng trong cách chơi sử_dụng 5 hậu_vệ và bà vệ tiền_vệ trung_tâm mới hay giúp cho đôi tuyển việt nam chơi hay hơn
đcm m,1.0,5,đcm m
"Lời nghe và hiểu đc 2 câu, chắc t phải học lại trình NGHE - HIỂU lớp 1 😨😨😨",0.0,74,"lời nghe và hiểu được 2 câu , chắc t phải học lại trình nghe - hiểu lớp 1 😨 😨 😨"
má ác thế,0.0,9,má ác_thế
mài có óc để suy nghĩ ko add? cái đồng băng đó mài tính đào hồ bnhiu cho đủ hả thằng ngu?,2.0,89,mài có óc để suy_nghĩ không add ? cái đồng băng đó mài tính đào hồ bnhiu cho đủ hả thằng ngu ?
"Bọn cặn bã của xã hội,ko làm đòi ă ngọn,tốt nhất ăn cứt mà sống đừng có đi lừa đảo người lành",2.0,93,"bọn cặn_bã của xã_hội , ko làm đòi ă ngọn , tốt nhất ăn cứt mà sống đừng có đi lừa_đảo người lành"
Giọng phải giả như con nít giống như vừa nói vừa ngậm nguyên cái cc. Trích từ bài hát của ai đó,0.0,95,giọng phải giả như con_nít giống như vừa nói vừa ngậm nguyên cái cc . trích từ bài hát của ai đó
Sao k mổ cho thằng bố con mẹ lão bác sĩ chết ra đấy rồi bảo đúng quy trình? Địt mẹ chúng mày lũ sâu mọt thối nát.,2.0,113,sao không mổ cho thằng bố con_mẹ lão bác_sĩ chết ra đấy rồi bảo đúng quy_trình ? địt_mẹ chúng_mày lũ sâu_mọt thối_nát .
Cái đám chết chạy đấy thì nó ghét cs đến xương tuỷ còn gửi tiền về? Gửi đc bn khi làm nail culi lo cuộc sống chưa xong dư dả quá ha :)) còn Việt kiều thành đạt kiếm tiền còn gửi về tổ quốc thì chắc chắn ko có time mà lên fb share 3 cái tin rồi chửi ch,2.0,251,cái đám chết chạy đấy thì nó ghét cs đến xương_tuỷ còn gửi tiền về ? gửi được bạn khi làm nail culi lo cuộc_sống chưa xong dư_dả quá ha : ) ) còn việt_kiều thành_đạt kiếm tiền còn gửi về tổ_quốc thì chắc_chắn không có time mà lên fb share 3 cái tin rồi chửi ch
Dã man quá,0.0,10,dã_man quá
":))) vl t có phải đóm đâu, m ngoo à",1.0,35,": ) ) ) vl t có phải đóm đâu , m ngoo à"
ngu chết mẹ đi,2.0,14,ngu chết mẹ đi
"Việt Nam có văn hóa từ chức, hãy để cho bộ mặt đẹp trước khi về nhà ông nhé",0.0,75,"việt nam có văn_hóa từ_chức , hãy để cho bộ_mặt đẹp trước khi về nhà ông nhé"
"ngài ngầu ác, chiến dữ z",0.0,24,"ngài ngầu ác , chiến dữ z"
có cái nút unlike mà bấm rồi phắn cmmd,1.0,38,có cái nút unlike mà bấm rồi phắn cmmd
con chó,1.0,7,con chó
Nhị Thắng cực địt lol mẹ mày,2.0,28,nhị thắng cực địt lol mẹ mày
mầy là thằng trọng tài khốn nhất thế giới do thằng kia,2.0,54,mầy là thằng trọng_tài khốn nhất thế_giới do thằng kia
"có ai biết làm cách nào để tìm lại được, đồng đội, đồng chí, hay bạn hữu cùng đơn vị của người trong bức ảnh không.",0.0,115,"có ai biết làm cách nào để tìm lại được , đồng_đội , đồng_chí , hay bạn_hữu cùng đơn_vị của người trong bức ảnh không ."
r là hiền dữ chưa hả mấy con nhặng đ ít phát sáng,2.0,49,r là hiền dữ chưa hả mấy con nhặng đ ít phát sáng
Thiện chí trong các việc liên hệ .Nhưng vợ con lại của mình lại ko đc như vậy,0.0,77,thiện_chí trong các việc liên_hệ . nhưng vợ_con lại của mình lại không được như_vậy
ở VN có bọn dư luận viên ăn tiền tài trợ từ TQ. Chấp nhận kiếp sống chó săn :),2.0,78,ở vn có bọn dư_luận viên ăn_tiền_tài_trợ từ tq . chấp_nhận kiếp sống chó_săn : )
1 đòn nữa thui mà còn cố nhây thì chấp nhận thui,0.0,48,1 đòn nữa thui mà còn cố nhây thì chấp_nhận thui
Bóng dơ,1.0,7,bóng dơ
Sorry cc m,1.0,10,sorry cc m
Hot girl?? Đáng ra phải là pónk dơ chứ nhỉ???,1.0,45,hot_girl ? ? đáng_ra phải là pónk dơ chứ nhỉ ? ? ?
Kazuki Kiya haha. Hồng Nhan đéo phải làm với thằng katm. Cái đơn giản nhất mày còn sai nói chi mấy cái phức tạp,1.0,111,kazuki kiya haha . hồng nhan đéo phải làm với thằng katm . cái đơn_giản nhất mày còn sai nói chi mấy cái phức_tạp
Nghiệp đến nhanh lắm,1.0,20,nghiệp đến nhanh lắm
@Bé Hoan Banana ?,0.0,17,hoan banana ?
"Nói tóm lại là thời gian này A chung đang bị ngáo đá nên toàn nói lung tung, hầu như phát biểu không có chuẩn mực ))) Thương cho Dân thủ đô có người đứng đầu vô liêm sỉ ......... Tốt nhất cho A í vào trại cai tiền thôi kkkkkkkk",1.0,227,"nói tóm_lại là thời_gian này a chung đang bị ngáo đá nên toàn nói lung_tung , hầu_như phát_biểu không có chuẩn_mực ) ) ) thương cho dân thủ_đô có người đứng đầu vô liêm_sỉ ... ... ... tốt nhất cho a í vào trại cai tiền thôi kkkkkkkk"
Ngu người,1.0,9,ngu người
"Lại Ngọc Tuyền Phúc FB thằng ml đây r ae ! Ae uốn lưỡi, buông lời đi =))))",1.0,74,"lại ngọc tuyền phúc fb thằng ml đây r anh_em ! anh_em uốn lưỡi , buông lời đi = ) ) ) )"
Choán hông 😌,0.0,12,choán hông 😌
Bảo khoe mới khoe chứ không phải cố tình đâu nhé 😌,0.0,50,bảo khoe mới khoe chứ không phải cố_tình đâu nhé 😌
"Bất cần đời, but cần em :3",0.0,26,"bất_cần đời , but cần em : 3"
ông kêu không binh ai xong đi chửi thằng Quyền thảo mai đểu xong kêu thằng Mực tồ tồ nên dễ bị dắt ? Wtf ông Ms là người cần đọc lại đấy ?,1.0,138,ông kêu không binh ai xong đi chửi thằng quyền thảo mai đểu xong kêu thằng mực tồ_tồ nên dễ bị dắt ? wtf ông ms là người cần đọc lại đấy ?
"thì đã nói rồi. thế giới người ta có mỏ bạc, mỏ vàng mỏ kim cương. còn việt nam có mỏ lồn là hay :3",1.0,99,"thì đã nói rồi . thế_giới người_ta có mỏ bạc , mỏ vàng mỏ kim_cương . còn việt nam có mỏ lồn là hay : 3"
Quang Quang Tường cãi lộn cát không,0.0,35,quang quang tường cãi_lộn cát không
"Ko so với mấy nước trong khu vực đi thằng cha mày, cái cc j cx nói đc, nghĩ mình thông minh thâm thuý à:))",2.0,106,"không so với mấy nước trong khu_vực đi thằng_cha mày , cái cc gì cũng nói đc , nghĩ mình thông_minh thâm_thuý à : ) )"
ý là mình già r đó cô=)),0.0,24,ý là mình già r đó cô = ) )
"Bán nước rõ ràng rồi, các cháu dư luận viên còn gì để sủa ko?",1.0,61,"bán_nước rõ_ràng rồi , các cháu dư_luận viên còn gì để sủa ko ?"
 có ck rồi còn muốn làm single mom nữa hả ní,0.0,44,có ck rồi còn muốn làm single mom nữa hả ní
Bắt được bọn này lấy kim chọc mù hai mắt rồi thả,2.0,48,bắt được bọn này lấy kim chọc mù hai mắt rồi thả
Biết sao thua ko do ko đánh nhà cứ Q xong thua cứ ơ ơ thôi còn kêu nó đánh chết thì đánh thường 1 cái là hồi máu r cứ háu chiến thì thua thôi ez,0.0,144,biết sao thua không do không đánh nhà cứ q xong thua cứ ơ ơ thôi còn kêu nó đánh chết thì đánh thường 1 cái là hồi máu r cứ háu chiến thì thua thôi ez
dkm toàn acc fake,1.0,17,dkm toàn acc fake
anh này chơi game hay quá :)),0.0,29,anh này chơi game hay quá : ) )
Uyên Thu tag chị mình vào này,0.0,29,uyên thu tag chị mình vào này
Thanh Trẻ Trâu đm :)),1.0,21,thanh trẻ trâu đm : ) )
Ngọc Bình Má đó hài thiệc,0.0,25,ngọc bình má đó hài thiệc
Ngheo mà yên bình là đc. Tao nói riết giờ thấy uổng công. Tao cứ ở nc ngoài ngồi cười khì khì coi tụi bây đống vài thứ thuế ba láp. Ăn đồ ăn hoá chất. Ra đường thi trộm cướp. Uhm yên bình đi tụi mày ạ. Thấy đất nc xây nhiều cao tầng là thấy phát triễn. Tụi ngu ạ tiền vay ODA ấy con ạ. Rồi đời con cháu chúng mày sẽ trả há há.,2.0,326,ngheo mà yên bình là đc . tao nói riết giờ thấy uổng công . tao cứ ở nc ngoài ngồi cười_khì khì coi tụi bây đống vài thứ thuế ba láp . ăn đồ ăn hoá_chất . ra đường thi trộm_cướp . uhm yên bình đi tụi mày ạ . thấy đất nc xây nhiều cao_tầng là thấy phát triễn . tụi ngu ạ tiền vay oda ấy con ạ . rồi đời con_cháu chúng_mày sẽ trả há há .
sự thật thì mất lòng-)),0.0,23,sự_thật thì mất_lòng - ) )
hhhhaâ t cười ỉa hhhh Bố m ra trường từ lúc m bú sữa mẹ rồi Chắt mỗi m biết đi làm mà thể hiện gì v em?,2.0,103,hhhhaâ t cười ỉa hhhh bố m ra trường từ lúc m bú sữa mẹ rồi chắt mỗi m biết đi làm mà thể_hiện gì v em ?
ngu =]],1.0,7,ngu = ] ]
thuyết phục cực kỳ,0.0,18,thuyết_phục cực_kỳ
cay là gì v,0.0,11,cay là gì v
Jack còn văn minh với uy tín à,0.0,30,jack còn văn_minh với uy_tín à
"Nguyễn Lê Vĩnh Hưng vấn đề là chọn cầu thủ ở đâu! thế hệ vàng VN đã qua rồi, bớt sống ảo tưởng lại cái.",1.0,103,"nguyễn lê vĩnh hưng vấn_đề là chọn cầu_thủ ở đâu ! thế_hệ vàng vn đã qua rồi , bớt sống ảo_tưởng lại cái ."
Phương Yếncho mình xin cái đơn mình bồi thường nè huhu sợ quá,0.0,61,phương yếncho mình xin cái đơn mình bồi_thường nè huhu sợ quá
Chả bù cho K-ATM tí nào😩,1.0,24,chả_bù cho k - atm tí nào 😩
hhhh nguuu bị ng khác chửi còn k khôn ra,1.0,40,hhhh nguuu bị ng khác chửi còn không khôn ra
Chết,1.0,4,chết
Chắc ti vi hỏng rồi... chứ thắng hay thua chả ảnh hưởng đến KT nhà mình...mai không cày là treo niêu,0.0,100,chắc ti_vi hỏng rồi ... chứ thắng hay thua chả ảnh_hưởng đến kt nhà mình ... mai không cày là treo_niêu
to đầu rồi mà ngu vl :)),2.0,24,to_đầu rồi mà ngu vl : ) )
cái acc đó h mới lên bk 1 à=)) chậm vãi cc z,1.0,44,cái acc đó h mới lên bk 1 à = ) ) chậm vãi cc z
Clm nó dơ như chó rách,1.0,22,clm nó dơ như chó rách
Trần Nhật 🙂 m đọc lại cmt xem t ns đúng hay sai mà m ns t như con bò ở quê m,1.0,76,trần nhật 🙂 m đọc lại cmt xem t nói đúng hay sai mà m nói t như con bò ở quê m
"con óc chó gà vườn, trình m tuổi đếch gì đòi mở mồm?",2.0,52,"con óc chó gà vườn , trình m tuổi đếch gì đòi mở mồm ?"
"Các bạn đọc thông cảm bme của tg ad đi gặm xương rồi, k mang nó theo nên nó xàm lồn, ngồi liếm cứt của bọn Bốc Bãi Cứt ra ăn đấy",2.0,128,"các bạn_đọc thông_cảm_bme của tg admin đi gặm xương rồi , không mang nó theo nên nó xàm lồn , ngồi liếm cứt của bọn bốc bãi cứt ra ăn đấy"
Một xã hội thối nát lam con người thành súc vật,2.0,47,một xã_hội thối_nát lam con_người thành súc_vật
"Già xóa mẹ game đi già, già khóc lóc nhiều quá trẻ con nó khinh. Già ngu vl già ạ",2.0,81,"già xóa_mẹ game đi già , già khóc_lóc nhiều quá trẻ_con nó khinh . già ngu vl già ạ"
Bé Ba vailone:))),1.0,17,bé ba vailone : ) ) )
Ngọc Yên con cak:),1.0,18,ngọc yên con cak : )
Đợi đó nó bồi thường có khi xe tốt còn bị mất phụ tùng nữa đấy,0.0,62,đợi đó nó bồi_thường có khi xe tốt còn bị mất phụ_tùng nữa đấy
":))) ng nổi tiếng mà cty thằng rách làm như dân đen muốn gặp là gặp, giờ lấy tiền bịt mõm thằng Vr lại thôi chứ dám kiện tụng gì",0.0,128,": ) ) ) ng nổi_tiếng mà cty thằng rách làm như dân đen muốn gặp là gặp , giờ lấy tiền bịt mõm thằng vr lại thôi chứ dám kiện_tụng gì"
"Xử thật mạnh tay cha con nhà này, xã hội mà tồn tại những người thế này thì loạn mất.",1.0,85,"xử thật mạnh_tay cha con nhà này , xã_hội mà tồn_tại những người thế này thì loạn mất ."
Lê Luân đừng so sánh lương. Mà hãy so sánh quyền lực và lợi ích. Làm cty tư nhân là người lao động không có quyền lực . Còn làm nhà nước là con cháu các quan chức có quyền lực và nắm trong tay nguồn lực của địa phương vả quốc gia. Vì vậy một người hưởng lương do công sức lao động của mình và một người hưởng lợi ích từ toàn bộ dân địa phương hoặc quốc gia gom lại thì tiền của ai nhiều hơn????,0.0,394,lê luân đừng so_sánh lương . mà hãy so_sánh quyền_lực và lợi_ích . làm cty tư_nhân là người lao_động không có quyền_lực . còn làm nhà_nước là con_cháu các quan_chức có quyền_lực và nắm trong tay nguồn_lực của địa_phương vả quốc_gia . vì_vậy một người hưởng lương do công_sức lao_động của mình và một người hưởng lợi_ích từ toàn_bộ dân địa_phương hoặc quốc_gia gom lại thì tiền của ai nhiều hơn ? ? ? ?
Trần Nhật 🙂 m đọc lại cmt xem t ns đúng hay sai mà m ns t như con bò ở quê m,1.0,76,trần nhật 🙂 m đọc lại cmt xem t nói đúng hay sai mà m nói t như con bò ở quê m
vcl bôi cứt mũi,1.0,15,vcl bôi cứt mũi
5C và 5Đ,0.0,8,5c và 5đ
Nghe rất là vô sinh nhưng lại có bầu :)))),0.0,42,nghe rất là vô_sinh nhưng lại có bầu : ) ) ) )
Thối nát quá r!!!!!!!!!!!!,1.0,26,thối_nát quá r ! ! ! ! ! ! ! ! ! ! ! !
Tôi rất hoan nghênh tinh thần vượt khó của 1 trọng tài mù,0.0,57,tôi rất hoan_nghênh tinh_thần vượt khó của 1 trọng_tài mù
Tìm bắt luôn hai đứa trên xe là ra thằng kia..,0.0,46,tìm bắt luôn hai đứa trên xe là ra thằng kia . .
Đúng là trọng tài bá dơ,1.0,23,đúng là trọng_tài bá dơ
thế làm kèo show cmnd không cu em,0.0,33,thế làm kèo show cmnd không cu em
sống chó. Bỏ con. Ăn cháo đá bát như thằng dáck thì ...,2.0,55,sống chó . bỏ con . ăn cháo đá bát như thằng dáck thì ...
Nói mấy người nghèo cho chết đói. V trc đó gửi đồ về cho minh hiếu làm từ thiện dell gì,1.0,87,nói mấy người nghèo cho chết đói . v trc đó gửi đồ về cho minh hiếu làm từ_thiện dell gì
gáy cho cố xong solo thua ngta cay vcl.conten cái lol má m kkkkk :))))) ngu nói mẹ là ngu đi :))) vuầ gửi link của thằng cha khuyết tật nhà m solo thua đó.m coi chưa :))),2.0,170,gáy cho cố xong solo thua ngta cay vcl . conten cái lol má m kkkkk : ) ) ) ) ) ngu nói mẹ là ngu đi : ) ) ) vuầ gửi link của thằng_cha khuyết_tật nhà m solo thua đó . m coi chưa : ) ) )
TAnh Mạc fan rách cay quá chửi tùm lum,1.0,38,tanh mạc fan rách cay quá chửi tùm_lum
Thằng này ngộ không giả nha,0.0,27,thằng này ngộ không giả nha
sì tai củ l gì thế này??,1.0,24,sì tai củ l gì thế này ? ?
Minh hiếu có cặt linh cá lóc có lồn 2 đua bay loạn luan di kiếm đứa con nuoi,2.0,76,minh hiếu có cặt linh cá_lóc có lồn 2 đua bay loạn luan di_kiếm đứa con nuoi
Tôi thấy ông Troussier nên ở ẩn thì tốt hơn cho tất cả nền bóng đá thế giới,0.0,75,tôi thấy ông troussier nên ở ẩn thì tốt hơn cho tất_cả nền bóng_đá thế_giới
Địt con mẹ mày,2.0,14,địt con_mẹ mày
Xã hội bồng bềnh.,1.0,17,xã_hội bồng_bềnh .
CÔN ĐỒ CỤC SÚC VÔ NHÂN TÍNH ĐỀ NGHI VN. NHÀ NƯỚC VN BAN THƯỞNG.,2.0,63,côn_đồ cục_súc vô nhân_tính đề nghi vn . nhà_nước vn ban thưởng .
bạch kim cx ngồi sủa đc,1.0,23,bạch_kim cũng ngồi sủa được
I love you 3000,0.0,15,i love you 3000
Dkm con chó,2.0,11,dkm con chó
len rank ct dct đi gap nhau nào,0.0,31,len rank ct dct đi gap nhau nào
Ko nhận hối lộ,0.0,14,không nhận hối_lộ
tkg đần duy nhất là tkg Kiệt đang nghĩ mình b’ tuốt. Đ’ hiểu ch trõ mõm vào vc ng khác,2.0,86,tkg đần duy_nhất là tkg kiệt đang nghĩ mình b ’ tuốt . đ ’ hiểu ch trõ mõm vào vc ng khác
Thằng ad page nào đúng là Óc Chó 😒,2.0,34,thằng admin page nào đúng là óc chó 😒
"Xã hội bây giờ cứ dàn cảnh như này biết tin ai, 2 thanh niên chắc giả vờ lại hỏi han gì cô này tốt bụng tl phân tâm mất cảnh giác…thương",0.0,136,"xã_hội bây_giờ cứ dàn_cảnh như này biết tin ai , 2 thanh_niên chắc giả_vờ lại hỏi_han gì cô này tốt_bụng tl phân tâm mất cảnh_giác … thương"
Xem bực mình thêm,0.0,17,xem bực_mình thêm
Anh dột mức,1.0,11,anh dột mức
Giọng bạn nữ làm tôi,0.0,20,giọng bạn nữ làm tôi
hhhhh nhìn cách nc biết trẩu 2k8 rồi,1.0,36,hhhhh nhìn cách nc biết trẩu 2k8 rồi
Bác sĩ chữa khỏi bệnh cho một người trả tiền cho bệnh viện nó khác.,0.0,67,bác_sĩ chữa khỏi bệnh cho một người trả tiền cho bệnh_viện nó khác .
Philippe Troussier hãy từ chức! Ông đã phá nát đội tuyển bóng đá nam Việt Nam rồi!,0.0,82,philippe troussier hãy từ_chức ! ông đã phá nát đội_tuyển bóng_đá nam việt nam rồi !
"anh jack ảnh đần ác, cay ",2.0,25,"anh jack ảnh đần ác , cay"
Occho sân cỏ,1.0,12,occho sân_cỏ
đcm,1.0,3,đcm
Sao thấy thằng Vàng trong đây,0.0,29,sao thấy thằng vàng trong đây
rank m đâu r cu?,0.0,16,rank m đâu r cu ?
nhiều khi ngu quá nên fan rách cũng đéo biết sai mà mù quáng bú nó,2.0,66,nhiều khi ngu quá nên fan rách cũng đéo biết sai mà mù_quáng bú nó
Nhiều ng tán dương thế,0.0,22,nhiều ng tán_dương_thế
Ngao ngán thanh niên bây giờ không làm mà thích có ăn của thiên hạ Mình sức dài vai rộng tay chân còn mà sao không sống đàn hoàn một chút,1.0,137,ngao_ngán thanh_niên bây_giờ không làm mà thích có_ăn của thiên_hạ_mình sức dài vai rộng tay_chân còn mà sao không sống đàn hoàn một_chút
Tú Trinh Đen quá mới dính 😤,0.0,27,tú trinh đen quá mới dính 😤
Vương Thiên cơ hội đây r,0.0,24,vương thiên_cơ_hội đây r
Lê Trángg sờ vào bố nó nên nó cắn ghê thật,1.0,42,lê trángg sờ vào bố nó nên nó cắn ghê thật
não chó thì câm đi,1.0,18,não chó thì câm đi
"chất tướng thì con này đang out meta nhìn vào mùa này là bt sân chơi của pháp sư ,ôg này đánh mãi con mực thì smurf kiểu gì ,Đct mà đánh đúng 1 con",0.0,147,"chất tướng thì con này đang out meta nhìn vào mùa này là bình_thường sân_chơi của pháp_sư , ôg này đánh mãi con mực thì smurf kiểu gì , đct mà đánh đúng 1 con"
coppy anh3 clmm tao rip chet me may,2.0,35,coppy anh3 clmm tao rip chet me may
"Kỹ năng thì như cac bày đặt viết cap ""chiều lòng anti"". Đúng là đã n g u còn thêm cả cái xàm lon",2.0,96,"kỹ_năng thì như cac bày_đặt viết cap "" chiều lòng anti "" . đúng là đã n g u còn thêm cả cái xàm lon"
Mày chửi đi ad . Đúng nghề chửi đấy,1.0,35,mày chửi đi admin . đúng nghề chửi đấy
ngủ làm sao đc khi bh là csgo time chứ :)),0.0,42,ngủ làm_sao được khi bh là csgo time chứ : ) )
Mô phật :)))))) Trâm Mai Phương Mai Khánh Ly Thủy Tiên,0.0,54,mô phật : ) ) ) ) ) ) trâm mai phương mai khánh ly thủy_tiên
@Đạt Henry 0774679582 zalo mình nhaaa,0.0,37,henry 0774679582 zalo mình nhaaa
????,0.0,4,? ? ? ?
Cái mặt con bò biểu cảm vãi haha.... đhs tự nhiên thèm thịt bò khô,2.0,66,cái mặt con bò biểu_cảm_vãi haha ... . đhs tự_nhiên thèm thịt bò khô
Đi đá giải ao làng,0.0,18,đi đá giải ao làng
uy tín chó gì bọn độc tài,2.0,25,uy_tín chó gì bọn độc_tài
Người có tiền mặc gì chả đẹp,0.0,28,người có tiền mặc gì chả đẹp
T mà gặp m đi t giết m đấy con chó,2.0,34,t mà gặp m đi t giết m đấy con chó
"Trư Bát Giới bạn ơi, nó cố tình uống hạ sốt,khai gian thì bố cụ ô kiểm tra yte ở sân bay biết dc à??? ko thể tha thứ cho con chó này dc.",2.0,136,"trư bát giới bạn ơi , nó cố_tình uống hạ_sốt , khai gian thì bố cụ ô kiểm_tra yte ở sân_bay biết được à ? ? ? không_thể tha_thứ cho con chó này dc ."
Không biết VFF có vào xem bình luận không. Hay là giả điếc như không biết gì nhỉ …,0.0,82,không biết vff có vào xem bình_luận không . hay là giả điếc như không biết gì nhỉ …
"Thầy lồn được cái sủa dơ, yêu thầy <3",2.0,37,"thầy lồn được cái sủa dơ , yêu thầy < 3"
"fake con mẹ mày, report ae ơi",1.0,29,"fake con_mẹ mày , report anh_em ơi"
"Không nha,coi ông này đỡ buồn hẳn=)))))",0.0,39,"không nha , coi ông này đỡ buồn hẳn = ) ) ) ) )"
Cũng chỉ vì luật pháp không nghiêm...... Đề nghị tăng hình phạt lên mức cao nhất,0.0,80,cũng chỉ vì luật_pháp không nghiêm ... ... đề_nghị tăng hình_phạt lên mức cao nhất
"i do chính quyền không thắt chặt kiểm soát. Phải lập thành nhiều đội làm mồi giả bộ nai tơ, trang bị bộ đàm không giây để liên lạc khi chứng đến. nhử bọn này đến ăn cắp, bên trong nhảy ra tóm trọn cả đám",0.0,206,"i do chính_quyền không thắt chặt kiểm_soát . phải lập thành nhiều đội làm mồi giả_bộ nai tơ , trang_bị bộ_đàm không giây để liên_lạc khi chứng đến . nhử bọn này đến ăn_cắp , bên trong nhảy ra tóm trọn cả đám"
Bắt được phạt hành chính thôi,0.0,29,bắt được phạt hành_chính thôi
Huỷ lễ tang mẹ m à,2.0,18,huỷ lễ tang mẹ m à
Đ.m thằng ad lại dùng IE rồi =))),1.0,33,đ . m thằng admin lại dùng ie rồi = ) ) )
bồi thường 5 củ nhé,0.0,19,bồi_thường 5 củ nhé
"Nguyễn Thị Thủy Tiên miễn là vẫn có tiền trả cho nhân viên thì ngta vẫn làm, nhưng những chỗ khác ko có tiền trả lương thì phải chịu rồi",0.0,136,"nguyễn thị thủy_tiên miễn_là vẫn có tiền trả cho nhân_viên thì ngta vẫn làm , nhưng những chỗ khác không có tiền trả lương thì phải chịu rồi"
"Nghe chán, ko cuốn như mất bài trước.",0.0,37,"nghe chán , không cuốn như mất bài trước ."
trán ngắn tóc dài mồm lai trung cuốc.,1.0,37,trán ngắn tóc dài_mồm lai trung cuốc .
Năm Lê Nguyễn Thu Hằng dm vcl bar con đeo khéo chưa đc 1p giật tung l :)),1.0,73,năm lê nguyễn thu hằng dm vcl bar con đeo khéo chưa được 1p giật tung l : ) )
"Anh dần lên sóng nhiều chút,,,chứ ở nhà ko đi đâu buồn quá",0.0,58,"anh dần lên sóng nhiều chút , , , chứ ở nhà không đi đâu buồn quá"
Thuong con qua .neu nha con ngheo xin manh thuong quan giup do cho xon tien mua xe khat .xin cam on .,0.0,101,thuong con qua . neu nha con ngheo xin manh thuong quan giup do cho xon tien mua xe khat . xin cam on .
Xem ngay hậu trường cực hiếm của cô Minh Hiếu : https://www.facebook.com/ComeOut.BuocRaAnhSang,0.0,94,xem ngay hậu_trường cực hiếm của cô minh hiếu :
"Mất dạy, làm trọng tài kiểu j z",1.0,31,"mất_dạy , làm trọng_tài kiểu gì z"
kệ tổ nhà chúng nó chứ mắc mớ gì thế,1.0,36,kệ tổ nhà chúng_nó chứ mắc_mớ gì thế
Ai kêu không đóng phạt ngay để lâu ngày thì vậy,0.0,47,ai kêu không đóng phạt ngay để lâu ngày thì vậy
Làm đến nơi luôn nha,0.0,20,làm đến nơi luôn nha
đã cay lordai đăng lên bị chửi thối đầu mà công nhận vừa chủ quan vừa ngu =)))),1.0,79,đã cay lordai đăng lên bị chửi thối đầu mà công_nhận vừa chủ_quan vừa ngu = ) ) ) )
Dcm mày cút về nước đi,2.0,22,dcm mày cút về nước đi
dr phải bắt nó xin lỗi vợ nó vì bỏ con,1.0,38,dr phải bắt nó xin_lỗi vợ nó vì bỏ con
Đồng bọn cả,0.0,11,đồng_bọn cả
người ta giúp xong thì nó ăn cháo đá bát mà vẫn cố bên vực cho nó vậy sao lúc jack bỏ con thì ko ai nói gì tới việc đó v,0.0,120,người_ta giúp xong thì nó ăn cháo đá bát mà vẫn cố bên vực cho nó vậy sao lúc jack bỏ con thì không ai nói gì tới việc đó v
streamer chứ đéo phải nhà đạo đức :)) nó chửi k chửi lại để n ngồi lên đầu hay gì ?,1.0,83,streamer chứ đéo phải nhà đạo_đức : ) ) nó chửi không chửi lại để n ngồi lên đầu hay gì ?
"Bọn no dàn cảnh ăn cướp xe của cô gái .rồi bọn lưu manh này sẽ gặp thất bại trong cuộc sống thôi vì trời phật sẽ trừng trị tụi no ,hãy sống đàng hoàng vì co luật nhân quả ,hãy tin tôi đi và hãy đợi đấy !",2.0,203,"bọn no dàn_cảnh ăn_cướp xe của cô gái . rồi bọn lưu_manh này sẽ gặp thất_bại trong cuộc_sống thôi vì trời phật sẽ trừng_trị tụi no , hãy sống đàng_hoàng vì co luật nhân_quả , hãy tin tôi đi và hãy đợi đấy !"
"nguyễn mạnh nếu còn nghèo và dốt, cuộc sống bạn không như mong muốn. thì lỗi của bạn là tư duy. và tư duy thần tượng 1 thằng rác như dách dũng thì cuộc đời bạn còn khổ thôi",1.0,172,"nguyễn mạnh nếu còn nghèo và dốt , cuộc_sống bạn không như mong_muốn . thì lỗi của bạn là tư_duy . và tư_duy thần_tượng 1 thằng rác như dách dũng thì cuộc_đời bạn còn khổ thôi"
cút về nước đi ông già bất tài,2.0,30,cút về nước đi ông_già bất_tài
Danh cho banh cai lon luông con lin loc,2.0,39,danh cho banh cai lon luông con lin loc
Biến đi troussier,1.0,17,biến đi troussier
"Trương Bình chơi game mà t tưởng đóng phim , nghe ứa :))",1.0,56,"trương bình chơi game mà t tưởng đóng phim , nghe ứa : ) )"
"Đây nữa nek, toàn lũ giáo sư tiến sĩ đầu óc cức",2.0,56,"đây nữa nek , toàn lũ giáo_sư tiến_sĩ đầu_óc cức"
Vã lắm r,0.0,8,vã lắm r
Đm cb mất acc xl t đã lường trc đc điều này r nên hỏi han mấy ôg trọng tài từng mất acc ở world cup ổg trao dồi kinh nghiệm cho mấy ổg mất rất nhiều acc r đấy. Bắt k côg bằng h xl xl cc cl hãm lồn vãi,0.0,200,đm cb mất acc xl t đã lường trc được điều này r nên hỏi_han mấy ôg trọng_tài từng mất acc ở world_cup ổg trao dồi kinh_nghiệm cho mấy ổg mất rất nhiều acc r đấy . bắt không côg bằng h xl xl cc cl hãm lồn vãi
mài có óc để suy nghĩ ko add? cái đồng băng đó mài tính đào hồ bnhiu cho đủ hả thằng ngu?,2.0,89,mài có óc để suy_nghĩ không add ? cái đồng băng đó mài tính đào hồ bnhiu cho đủ hả thằng ngu ?
Bắt đúng tý,0.0,11,bắt đúng tý
Mù à bị ngu nx,1.0,14,mù à bị ngu nx
"Báo chí vn như cái củ căc vậy,tụi nó có con có cháu có ba có mẹ,mà ăn ở k có đức,v thôi cho con ở nhà mẹ di,cho di học làm mẹ gì,an nói xạo xược,ăn k nói có mà cũng bày đặt đẻ con,giáo dục con,cho con di học đm t khinh cái xã hội vn,khinh cái đám báo chí",2.0,254,"báo_chí vn như cái củ căc_vậy , tụi nó có con có cháu có ba có mẹ , mà ăn ở không có đức , v thôi cho con ở nhà mẹ_di , cho di_học làm mẹ gì , an nói xạo xược , ăn không nói có mà cũng bày_đặt đẻ con , giáo_dục con , cho con di_học đm t khinh cái xã_hội vn , khinh cái đám báo_chí"
Dẹo trai chi,1.0,12,dẹo trai chi
"trình mày gà như shit :vvv , sợ mấy thằng cày thuê như thằng mực gặp tao đi top mà thấy ilaoi tao hành cho vỡ mồm :)))",2.0,118,"trình mày gà như shit : vvv , sợ mấy thằng cày thuê như thằng mực gặp tao đi top mà thấy ilaoi tao hành cho vỡ mồm : ) ) )"
đánh nhà k đánh làm cai gì k ?!,0.0,31,đánh nhà không đánh làm cai gì không ? !
Bạn muốn biết Sam hay So thì hãy thử trc khi ăn nhá,0.0,51,bạn muốn biết sam hay so thì hãy thử trc khi ăn nhá
"Uầy, thế mà có cái hội lúc nào cũng ngông ngóng cái lũ đu càng đó gửi tiền về đó, chậc chậc😞",1.0,92,"uầy , thế_mà có cái hội lúc_nào cũng ngông ngóng cái lũ đu càng đó gửi tiền về đó , chậc chậc 😞"
Một thằng ngu,1.0,13,một thằng ngu
Chị ba vàng ngọc có cây đinh mọc giữa dái :)),1.0,45,chị ba vàng_ngọc có cây đinh mọc giữa dái : ) )
Ok thầy ;v,0.0,10,ok thầy ; v
"Bạn không xứng đáng được tha thứ, vì bạn đã hành xử thiếu văn hóa lặp lại nhiều lần với đội tuyển Việt Nam",0.0,106,"bạn không xứng_đáng được tha_thứ , vì bạn đã hành xử thiếu văn_hóa_lặp lại nhiều lần với đội_tuyển việt_nam"
Nguyễn Chí Đông chửi ác,0.0,23,nguyễn chí đông chửi ác
Bài vở này tỉ lệ thành công vẫn cao nhỉ,0.0,39,bài_vở này tỉ_lệ thành_công vẫn cao nhỉ
ụa nãy giờ chọc đóm con mà như chọc chủ cmt v,0.0,45,ụa nãy_giờ chọc đóm con mà như chọc chủ cmt v
Thuỳ Trang giờ có nè :>>,0.0,24,thuỳ trang giờ có nè : >>
Con chó nó ngửi được mùi thằng trộm,0.0,35,con chó nó ngửi được mùi thằng trộm
"Dạo này mấy bố ts giấy phát biểu hơi nhiều, phần lớn cho thấy tư duy kiến thức quá lạc hậu, nhiệt tình cộng với sự ngu dốt thì sẽ thành phá hoại 😤",1.0,146,"dạo này mấy bố ts giấy phát_biểu hơi nhiều , phần_lớn cho thấy tư_duy kiến_thức quá lạc_hậu , nhiệt_tình cộng với sự ngu_dốt thì sẽ thành phá_hoại 😤"
"Nguyễn Mạnh nhỏ không học, lớn lên thiểu năng vì rách",2.0,53,"nguyễn mạnh nhỏ không học , lớn lên thiểu_năng vì rách"
sau mà ác quá tội cô gái,0.0,24,sau mà ác quá_tội cô gái
Mịa cái bọn trộm cắp,2.0,20,mịa cái bọn trộm_cắp
"Chị nói chuyện quá sản khoái  1000 like cho chị , quá thực tế",0.0,61,"chị nói_chuyện quá sản khoái 1000 like cho chị , quá thực_tế"
Ủng hộ huấn luyện viên philip trousser. Chúng tôi vẫn luôn luôn tin vào huấn luyện viên và đội tuyển. Nhưng ai không thích chỉ đại diện cho một phần không phải tất cả. Bóng đá không phải lúc nào cũng thắng thua.,0.0,211,ủng_hộ huấn_luyện_viên philip trousser . chúng_tôi vẫn luôn_luôn tin vào huấn_luyện_viên và đội_tuyển . nhưng ai không thích chỉ đại_diện cho một phần không phải tất_cả . bóng_đá không phải lúc_nào cũng thắng thua .
sờ mớp :)) nhìn đánh Ngu VkL :)),1.0,32,sờ mớp : ) ) nhìn đánh ngu vkl : ) )
Ngânn Lào Keyyy =)),0.0,19,ngânn lào keyyy = ) )
Mày biến khỏi đất nước VN biến khỏi ĐTVN đi thằng đầu phân người Pháp Troussier,2.0,79,mày biến khỏi đất_nước vn biến khỏi đtvn đi thằng đầu phân người pháp troussier
hãy cứ mãi thơ ngây thế này nhé.,0.0,32,hãy cứ mãi thơ_ngây thế này nhé .
Thế con trai bảo đợi thì sao?,0.0,29,thế con_trai bảo đợi thì sao ?
kiểu đánh bục mặt kh ai biết mất kiểm soát 1 trận cả làng game hay,0.0,66,kiểu đánh bục mặt kh ai biết mất kiểm_soát 1 trận cả làng game hay
"Lê Tấn Tài vì tao thấy mày là khỉ đầu chó lên tao mới chửi, nhưng tao đã nhầm , mày là xúc vật thì sao hiểu tiếng người 😂",2.0,121,"lê tấn tài vì tao thấy mày là khỉ đầu chó lên tao mới chửi , nhưng tao đã nhầm , mày là xúc vật thì sao hiểu tiếng người 😂"
miệng như đích trẻ con,1.0,22,miệng như đích trẻ_con
Mày mất thẻ đỏ r à hay sao mà k rút,0.0,35,mày mất thẻ_đỏ r à hay sao mà không rút
Thấy thì thấy nói giàu lắm có tiền lắm con ông cháu cha lắm. Ra nước ngoài dell có tiền về .Bệnh xạo lozzz thì vẫn còn mỗi ngày.,1.0,128,thấy thì thấy nói giàu lắm có tiền lắm con ông cháu cha lắm . ra nước_ngoài dell có tiền về . bệnh xạo lozzz thì vẫn còn mỗi ngày .
Chả hiểu cái mẹ gì luôn,1.0,23,chả hiểu cái mẹ gì luôn
Võ Thành Phước P đánh con nunu như zày là ez win,0.0,48,võ thành phước p đánh con nunu như zày là ez win
Luật phải đem xuống 15 tuổi tử hình đi thôi.lúc nào cũng chưa đủ tuổi rồi như vậy,0.0,81,luật phải đem xuống 15 tuổi tử_hình đi thôi . lúc_nào cũng chưa đủ tuổi rồi như_vậy
Lại mọc thêm 1 trang của viẹt tân ag. Đkm bọn chó đẻ,2.0,52,lại mọc thêm 1 trang của viẹt tân ag . đkm bọn chó_đẻ
CON NAY MAT DAI THAT,2.0,20,con nay mat dai that
Không cho chúng bố ăn là chết với chúng bố. Thiên đường xhcn nó thế đấy con ạ.,2.0,78,không cho chúng bố ăn là chết với chúng bố . thiên_đường xhcn nó thế đấy con ạ .
"Ngọc Nữ nói thật là 1 bộ phận lớn dân miền trong các b vẫn chưa đủ thông minh để có 1 xã hội hoàn thiện :))) như dân HÀn Quốc thì jack của các bạn lụi từ lâu rồi :))) ,đúng là dân trí thấp nên mới chấp nhận giá trị thấp",2.0,219,"ngọc nữ nói thật là 1 bộ_phận lớn dân miền trong các b vẫn chưa đủ thông_minh để có 1 xã_hội hoàn_thiện : ) ) ) như dân hàn_quốc thì jack của các bạn lụi từ lâu rồi : ) ) ) , đúng là dân_trí thấp nên mới chấp_nhận giá_trị thấp"
"xin lỗi cc gì mực, cởi quần ra đi",1.0,33,"xin_lỗi cc gì mực , cởi quần ra đi"
kay vờ lờ.,1.0,10,kay vờ lờ .
"Chuẩn bị từ chức đi ông ơi,tôi xem ông cầm quân kiểu chấp đối thủ là tôi sợ rồi. Chiến thuật thì kiểu chó chạy ruộng cày tốn sức mà không hiệu quả,công cùn thủ kém còn coi thường đối thủ. Chưa bao giờ sân Mỹ đình lại vắng vẻ như trận ông cầm quân là… Xem thêm",0.0,259,"chuẩn_bị từ_chức đi ông ơi , tôi xem ông cầm_quân kiểu chấp đối_thủ là tôi sợ rồi . chiến_thuật thì kiểu chó chạy ruộng cày tốn sức mà không hiệu_quả , công cùn thủ kém còn coi_thường đối_thủ . chưa bao_giờ sân mỹ đình lại vắng_vẻ như trận ông cầm_quân là … xem thêm"
Bạn bât thế này là fb bạn cẩn thận,0.0,34,bạn bât thế này là fb bạn cẩn_thận
Của mình hay của người ae,0.0,25,của mình hay của người anh_em
Mọi chuyện sẽ được làm sáng tỏ để chứng minh sự thật.,0.0,53,mọi chuyện sẽ được làm sáng_tỏ để chứng_minh sự_thật .
Đừng stream nữa k có tương lai đâu về hốt cớt ăn đi e,1.0,53,đừng stream nữa không có tương_lai đâu về hốt cớt ăn đi e
ngu thì nó mới thua? Thua thì chung và xog chuyện đéo lải nhải. Cả đời bạn bạn nghĩ khôn hơn tất cả ko hay cũng ngu với người khôn hơn bạn? Bạn chắc cả đời k mất tiền ngu?,1.0,171,ngu thì nó mới thua ? thua thì chung và xog chuyện đéo lải_nhải . cả đời bạn bạn nghĩ khôn hơn tất_cả không hay cũng ngu với người khôn hơn bạn ? bạn chắc cả đời không mất tiền ngu ?
còn miếng danh dự nào đâu mà mất,0.0,32,còn miếng danh_dự nào đâu mà mất
Dạo này không thấy bọn dlv vào chửi phản động nữa nhỉ. Hay tiền lương thấp quá không đủ nên chuồn rồi.,1.0,118,dạo này không thấy bọn dlv vào chửi phản_động nữa nhỉ . hay tiền_lương thấp quá không đủ nên chuồn rồi .
liên quan ông ơi nợ là ngta nợ ko liên quan tới nhà ông ăn nói thoi là thấy con người ông ko tốt r á,0.0,100,liên_quan ông ơi nợ là ngta nợ không liên_quan tới nhà ông ăn_nói thoi là thấy con_người ông không tốt r á
Thằng điên,1.0,10,thằng điên
"Vả vô cái mỏ loz mày bây giờ, thứ học sinh trời đánh",2.0,52,"vả vô cái mỏ loz mày bây_giờ , thứ học_sinh trời_đánh"
Đúng là sâu bọ giệt hoài ko hết được,2.0,36,đúng là sâu_bọ giệt hoài không hết được
con linh này nói tục ko có duyên đồ mất nết 😎,2.0,45,con linh này nói_tục không có duyên đồ mất_nết 😎
Haha. Chết mẹ con Nhung rồi.,2.0,28,haha . chết mẹ con nhung rồi .
Xin con đi me may,2.0,17,xin con đi me may
Xin cha mày,2.0,11,xin cha mày
"thế thì ngậm cái mồm lại, nhận là ván đấy mình sai đi, và đừng bảo mình là rank cao thủ cày thuê nữa? Và thêm nữa nó là một streamer, có nhiều người theo dõi, nhiều lượt tiếp cận, truyền tải những thứ toxic như vậy có nên khong?",1.0,228,"thế_thì ngậm cái mồm lại , nhận là ván đấy mình sai đi , và đừng bảo mình là rank cao_thủ cày thuê nữa ? và thêm nữa nó là một streamer , có nhiều người theo_dõi , nhiều lượt tiếp_cận , truyền_tải những thứ toxic như_vậy có nên khong ?"
nếu có lòng tự trọng . ông nên từ chức đi nhé,0.0,45,nếu có lòng tự_trọng . ông nên từ_chức đi nhé
Con so tròn chứ ko có mấy cái ngạnh như sam nhé,0.0,47,con so tròn chứ không có mấy cái ngạnh như sam nhé
nó vẫn cứ cố cãi cơ thà nhận cm đi ae còn thương,0.0,48,nó vẫn cứ cố cãi cơ thà nhận cm đi anh_em còn thương
Mầy lên mạng xã hội mà mầy vỗ lồn con nầy quá trời sao ko ai dám làm gì nó hết dậy trời tức muốn ói máu,2.0,103,mầy lên mạng xã_hội mà mầy vỗ lồn con nầy quá trời sao không ai dám làm gì nó hết dậy trời tức muốn ói máu
Thấy bọn cướp này ngứa gan.,2.0,27,thấy bọn cướp này ngứa_gan .
"Tấn Tài trình độ nào đá trung vệ lệch trái, thể hình mỏng, non, Bùi Tiến Dũng thì không sử dụng, ngoài ra còn có Thành Chung, ở Vleague còn có Hữu Tuấn, Dương Thanh Hào... Mục tiêu world cup mà ko qua vòng loại 2, những trận đấu chính thức đâu phải thử… Xem thêm",0.0,262,"tấn tài trình_độ nào đá trung_vệ lệch trái , thể_hình mỏng , non , bùi tiến dũng thì không sử_dụng , ngoài_ra còn có thành chung , ở vleague còn có hữu tuấn , dương thanh hào ... mục_tiêu world_cup mà không qua vòng_loại 2 , những trận_đấu chính_thức đâu phải thử … xem thêm"
Mới ngày nào chị chị em em sao giờ chửi rồi,0.0,43,mới ngày nào chị chị_em_em sao giờ chửi rồi
Ngao ngán quá !,0.0,15,ngao_ngán quá !
Thanh niên bây giờ đi trộm cắp theo bầy đàn nhiều quá... Tởm thật...,1.0,68,thanh_niên bây_giờ đi trộm_cắp theo bầy đàn nhiều quá ... tởm thật ...
So quần đ,1.0,9,so quần đ
"Thật ko chịu nổi. Jack đã quá hiền, Đóm chịu quá nhiều uất ức, mình tha thiết mong công ty kiện Vai Rớt ra toà để lấy lại công bằng cho Jack và Đóm.. thật sự mình hiền quá ng ta ngồi lên đầu lên cổ.. thương Jack và Đóm lắm các bạn quản lý ơi.. Hãy kiện anh ta tội xúc phạm danh dự... Đòi công bằng",0.0,297,"thật không chịu nổi . jack đã quá hiền , đóm chịu quá nhiều uất_ức , mình tha_thiết mong công_ty kiện vai rớt ra toà để lấy lại công_bằng cho jack và đóm . . thật_sự mình hiền quá ng ta ngồi lên đầu lên cổ . . thương jack và đóm lắm các bạn quản_lý ơi . . hãy kiện anh ta tội xúc_phạm danh_dự ... đòi công_bằng"
"Ủa tứ quý có chặt đôi heo đc đâu, lộ tứ quý rồi nhaaa hahhahaha t cho m thúi Trần Thị Linh Ánh Bui Thi My Ngoc Thanh Hà Thanh Thảo Thùy Trang Lê Thị Oanh Hoàng Linhc",0.0,165,"ủa tứ_quý có chặt đôi heo được đâu , lộ tứ_quý rồi nhaaa hahhahaha t cho m thúi trần thị linh ánh bui thi my ngoc thanh hà_thanh thảo thùy trang lê thị oanh hoàng linhc"
Linda như thám tử bắt tận tay đối chấp với thanh niên quay lén mình,0.0,67,linda như thám_tử bắt tận_tay đối_chấp với thanh_niên quay lén mình
Giày trăm rưỡi trên sóp pe hơi bị xịn nha các ông =)))),0.0,55,giày trăm rưỡi trên sóp pe hơi bị xịn nha các ông = ) ) ) )
 why cái con cặc,1.0,16,why cái con cặc
Mê cái cách anh ta choke,0.0,24,mê cái cách anh ta choke
"M thằng dốt nó ko pik đăng tào lao e ak, chứ móng trụ ko đạt dựng trụ nó sập oy, đâu dựng lên thành hình rồi kéo dây, đổ thừa con bò kéo sập trụ. Đúng là mấy thằng ngu như bò",1.0,174,"m thằng dốt nó không pik đăng tào_lao e ak , chứ móng trụ không đạt dựng trụ nó sập oy , đâu dựng lên thành_hình rồi kéo dây , đổ_thừa con bò kéo sập trụ . đúng là mấy thằng ngu như bò"
"Thoại Trần ok chính \""tã\"" :))",0.0,30,"thoại trần ok chính \ "" tã \ "" : ) )"
Liên Hoa :))) bị thằng rách cho đội quần năm này qua năm nọ mà vẫn tin. Niềm tin bất diệt của lũ ruồi mất não,2.0,109,liên hoa : ) ) ) bị thằng rách cho đội quần năm này qua năm nọ mà vẫn tin . niềm tin bất_diệt của lũ ruồi mất não
Đập chết bọn này còn bị chửi nữa đấy,1.0,36,đập chết bọn này còn bị chửi nữa đấy
K live ak bạn. Thỉnh thoảng xem thấy cũng vui,0.0,45,không live ak bạn . thỉnh_thoảng xem thấy cũng vui
Xin lỗi cc,1.0,10,xin_lỗi cc
đcm. phạt! phạt cái loz. cáu!!!,1.0,31,đcm . phạt ! phạt cái loz . cáu ! ! !
Cái cần phạt thì mày không thôi phạt cái cần thẻ thì mày không rút ra xin lỗi cái con lồn mẹ nhà mày,2.0,100,cái cần phạt thì mày không thôi phạt cái cần thẻ thì mày không rút ra xin_lỗi cái con lồn mẹ nhà mày
Cho nó bay mâu là vừa,0.0,21,cho nó bay mâu là vừa
"m lảm nhảm cái đéo gì thế, sai lè còn cãi, ở Việt Nam! cái hay nhất nhà chối tội đổ lỗi thanh minh, từ thằng quan tới thằng dân, sai lè thế kia mà còn lái đi đâu đâu để cãi, chúng mày vác cái đth sương chúng m, còn dân Việt Nam! bên đó với nhưng ng sau này sẽ qua thì sao?",1.0,272,"m lảm_nhảm cái đéo gì thế , sai lè còn cãi , ở việt nam ! cái hay nhất nhà chối tội đổ lỗi thanh_minh , từ thằng quan tới thằng dân , sai lè thế kia mà còn lái đi đâu_đâu để cãi , chúng_mày vác cái đth sương chúng m , còn dân việt nam ! bên đó với nhưng ng sau_này sẽ qua thì sao ?"
Cai vu veadan cung the thoi. Dit cmcm um xum len dc cai cc j,2.0,60,cai vu veadan cung the thoi . dit cmcm um xum len được cai cc gì
haha cay nên nói mấy cái văn cấp 1 đúng là văn cạn nên suy nghĩ được nhiêu đấy thôi :)) mấy thằng nhóc ác hay vậy lắm :)),1.0,121,haha cay nên nói mấy cái văn cấp 1 đúng là văn cạn nên suy_nghĩ được nhiêu đấy thôi : ) ) mấy thằng nhóc ác hay vậy lắm : ) )
"clm coi đct phân tích rưng ftalon gank top akacua , khi đó fiora hết bà n chặn r,n mà ném tiêu :vúng,n hốt hết bà n cả 2 thằng chứ ở đó mà chạy xa item thì 1 maquf,cày thuê cl gì mà cày thuê? game nào cũng để team nâng hẳn là cày thuê có cái kèo xem ai solo q rank cao hơn trong 20 30 game mãi méo dám rep. đến chịu",1.0,315,"clm coi đct phân_tích rưng ftalon gank top akacua , khi đó fiora hết bà n chặn r , n mà ném tiêu : vúng , n hốt hết bà n cả 2 thằng chứ ở đó mà chạy xa item thì 1 maquf , cày thuê cl gì mà cày thuê ? game nào cũng để team nâng hẳn là cày thuê có cái kèo xem ai solo q rank cao hơn trong 20 30 game mãi méo dám rep . đến chịu"
 ruồi đít vàng mãi đỉnh,1.0,23,ruồi đít vàng mãi đỉnh
"ê mực rác,t vs m làm cai kèo hem? cho m chọn midman,làm kèo nhẹ nhàng 2tr thôi,tiền midman t chịu cũng đc. Luật chơi rất đơn giản 2 acc chưa leo rank mùa này và các mùa trc(acc new) cùng chơi solo q(solo q nha ko phải dual vs bạn bè) trong 20 or 30 game(tùy m chọn) ai rank cao hơn thì lụm lúa,nếu bằng rank thì t thua.",1.0,319,"ê mực rác , t với m làm cai kèo hem ? cho m chọn midman , làm kèo nhẹ_nhàng 2tr thôi , tiền midman t chịu cũng đc . luật_chơi rất đơn_giản 2 acc chưa leo rank mùa này và các mùa trc ( acc new ) cùng chơi solo q ( solo q nha không phải dual với bạn_bè ) trong 20 or 30 game ( tùy m chọn ) ai rank cao hơn thì lụm lúa , nếu bằng rank thì t thua ."
Con bò biết đi này,1.0,18,con bò biết đi này
Chuẩn nha:)),0.0,12,chuẩn nha : ) )
"Cmm xin lỗi cái củ cặc, nghỉ việc đi",2.0,36,"cmm xin_lỗi cái củ cặc , nghỉ_việc đi"
T ko bất hạnh vì hôm qua thua mà t cảm thấy có lỗi vì bố mẹ m đẻ ra m,2.0,69,t không bất_hạnh vì hôm_qua thua mà t cảm_thấy có lỗi vì bố_mẹ m đẻ ra m
Chơi game nuốt phải lưỡi hả má,0.0,30,chơi game nuốt phải lưỡi hả má
Cái con mẹ mày... Sớm muộn mày cũng chết,2.0,40,cái con_mẹ mày ... sớm_muộn mày cũng chết
Những loại người như này cứ phải cho cách ly khỏi xã hội,1.0,56,những loại người như này cứ phải cho cách_ly khỏi xã_hội
Mình không có tiền để lái xe ra nữa họ sẽ làm gì Xe của mình ta,0.0,63,mình không có tiền để lái_xe ra nữa họ sẽ làm gì xe của mình ta
Hợp lý😆,0.0,7,hợp_lý 😆
giật đ trượt phát nào đến từ vị trí của Độ Tày,1.0,46,giật đ trượt phát nào đến từ vị_trí của độ tày
Nên chụp ảnh lại cho cả nước biết lần sau còn ai dám trốn?,0.0,58,nên chụp ảnh lại cho cả nước biết lần sau còn ai dám trốn ?
Tóm lại bạn cũng như Linh nóc Toàn là lũ thất học vì một chút tiền lợi nhuận chửi nhau kiếm tiền,2.0,96,tóm lại bạn cũng như linh nóc toàn là lũ thất_học vì một_chút tiền lợi_nhuận chửi nhau kiếm tiền
Sau này lớn lên ms thấy hối hận,0.0,31,sau_này lớn lên ms thấy hối_hận
4 thằng đi chung,0.0,16,4 thằng đi chung
Uống dc tuần thấy có sự cải thiện,0.0,33,uống được tuần thấy có sự cải_thiện
Đánh ngu vl,1.0,11,đánh ngu vl
chị dễ thương quá,0.0,17,chị dễ_thương quá
"Ông lân giỏi thật,,,, phỏng vấn mà mặt tỉnh như bơ",0.0,50,"ông lân giỏi thật , , , , phỏng_vấn mà mặt tỉnh như bơ"
Áo chất,0.0,7,áo chất
Bỏ cái tặc nhiều chuyện nhe.ko coi chừng xe.,0.0,44,bỏ cái tặc nhiều chuyện nhe . ko coi_chừng xe .
bảo vô văn hóa lại tự ái,1.0,24,bảo vô văn_hóa lại tự_ái
Sủa hay lắm ad,1.0,16,sủa hay lắm admin
"xinh thế, coi chừng thả 1 đứa con quay về bình dương bán nước tương đó",0.0,70,"xinh thế , coi_chừng thả 1 đứa con_quay về bình dương bán_nước tương đó"
Táo quân năm nay người đóng vai ngọc hoàng là Idol Lộc Fuho phải không mọi người? :)),0.0,85,táo_quân năm nay người đóng vai ngọc hoàng là idol lộc fuho phải không mọi người ? : ) )
Vitamin Nhung cđ m chứ ai nữa 😁😁,1.0,32,vitamin nhung cđ m chứ ai nữa 😁 😁
Nguyễn Hoàng Sâm lồnnn Sâm,2.0,26,nguyễn hoàng sâm lồnnn sâm
Người ko ra người.ngợm ko ra ngợm.ý thức thì như đống rác.nhà nước nên bỏ tù những thằng coi thường pháp luật và tính mạng người khác như nó.phạt thật nặng xem nó có im mỏm nó ko.,1.0,179,người không ra người . ngợm không ra ngợm . ý_thức thì như đống rác . nhà_nước nên bỏ_tù những thằng coi_thường pháp_luật và tính_mạng người khác như nó . phạt thật nặng xem nó có im mỏm nó ko .
bảo hiểm có phải bồi thường xe này không? bảo hiểm vật chất mà ???,0.0,66,bảo_hiểm có phải bồi_thường xe này không ? bảo_hiểm vật_chất mà ? ? ?
"Toàn bọn đầu trộm , đuôi cướp !",2.0,31,"toàn bọn đầu trộm , đuôi cướp !"
yên tâm đi e hầu toà còn có các nhân chứng bị Ráck ăn cức đá bô theo phe viruss mà,1.0,82,yên_tâm đi e hầu toà còn có các nhân_chứng bị ráck ăn cức đá bô theo phe viruss mà
Minh Hieu Ali Chui Noi Bon Ngu NguCo Bang Cap,2.0,45,minh hieu ali chui noi bon ngu nguco bang cap
Thành Trung đọc bình luận tục vc anh :)))),0.0,42,thành trung đọc bình_luận tục vc anh : ) ) ) )
Thùy Promise nghe Hư Trúc nhưng lại rất Mộ Dung Phục à emmm???,0.0,62,thùy promise nghe hư trúc nhưng lại rất mộ dung phục à emmm ? ? ?
"Ngu ran chieu con nguoi bay gio dung tin ai ,hay that trong",0.0,59,"ngu ran chieu con nguoi bay gio dung tin ai , hay that trong"
Yêu người Hồng Kông và yêu cảnh sát Hồng Kông Vì Hồng Kông Tự Do,0.0,64,yêu người hồng kông và yêu cảnh_sát hồng kông vì hồng kông tự_do
"nghỉ mẹ đi cho nước nó trong, gà vcl",1.0,36,"nghỉ mẹ đi cho nước nó trong , gà vcl"
Ông im mẹ mồm đi :))))))),1.0,25,ông im mẹ mồm đi : ) ) ) ) ) ) )
Thương quá,0.0,10,thương quá
"Dơ dái, bẩn thiểu, hèn hạ, hạ cấp. Ghê tởm",2.0,42,"dơ dái , bẩn_thiểu , hèn_hạ , hạ_cấp . ghê_tởm"
Lan Hoa ăn nói như bộ phận sinh dục vậy bạn êii,1.0,47,lan hoa ăn_nói như bộ_phận sinh_dục vậy bạn êii
Đụ con đĩ mẹ chúng m đừng có nhai đi nhai lại đc k? Con người chứ có phải con trâu con bò đâu mà có cái câu nhai mãi mà chả có cái ý nghĩa con cặc gì cả,2.0,152,đụ con đĩ mẹ chúng m đừng có nhai đi nhai_lại được k ? con_người chứ có phải con trâu con bò đâu mà có cái câu nhai mãi mà chả có cái ý_nghĩa con cặc gì cả
Trọng tài bị lé à,1.0,17,trọng_tài bị lé à
T k thích k ưa mẹ này.... Mà dx cái chưit ngta nghe hài vcl bù lại củng đỡ 😂😂,1.0,77,t không thích không ưa mẹ này ... . mà dx cái chưit ngta nghe hài vcl bù lại củng đỡ 😂 😂
"Ăn hôi khắp mọi mặt trận, giống như thánh ăn hôi nguyễn lân trung",1.0,65,"ăn hôi khắp mọi mặt_trận , giống như thánh_ăn hôi nguyễn lân trung"
Phá hoại nền bóng đá vn,0.0,23,phá_hoại nền bóng_đá vn
"đánh ngu như con lợn, mồm thì mõm, mặt thì như cái đầu cặc tao",2.0,62,"đánh ngu như con lợn , mồm thì mõm , mặt thì như cái đầu cặc tao"
"Thế là cùng , bọn này nó phối hợp ăn ý thế ko biết",0.0,50,"thế_là cùng , bọn này nó phối_hợp ăn_ý thế không biết"
Trang MyHan nho lém á,0.0,21,trang myhan nho lém á
Chúng nó dàn cảnh để cướp.,1.0,26,chúng_nó dàn_cảnh để cướp .
thằng này 2-17 đi trái lane đc ACN review đây à?,1.0,48,thằng này 2 - 17 đi trái lane được acn review đây à ?
Trọng tài kiểu bíp j thế ha,1.0,27,trọng_tài kiểu bíp gì thế ha
chưa vk chưa ny uống vào ko biết có động dục ko nhỉ 🤨,0.0,53,chưa vk chưa ny uống vào không biết có động_dục không nhỉ 🤨
Lo học đi cháu :)) thi tới nơi rồi mà ở đó mà xàm loz :))))))))))))))))))))))))))))))))))))))))))),1.0,98,lo học đi cháu : ) ) thi tới nơi rồi mà ở đó mà xàm loz : ) ) ) ) ) ) ) ) ) ) ) ) ) ) ) ) ) ) ) ) ) ) ) ) ) ) ) ) ) ) ) ) ) ) ) ) ) ) ) ) ) ) )
Bê đê dơ,1.0,8,bê đê dơ
Mình thiệt sự chán ghét cảm giác này.,0.0,37,mình thiệt sự chán_ghét cảm_giác này .
So Pre Tài Trợ Độ Tây Ngày Hôm Ngày =)),0.0,39,so pre tài_trợ độ tây ngày hôm ngày = ) )
"Thấy trai mê nè mình bán mua thì bản ko mua thì thôi còn chạy ra khỏi xe đung gần nơi vh,w ko nói gì",0.0,100,"thấy trai mê nè mình bán mua thì bản không mua thì thôi còn chạy ra khỏi xe đung gần nơi vh , w không nói_gì"
Nguyễn Triệu Thu Thảo mệt lòn 🙂,1.0,31,nguyễn triệu thu thảo mệt lòn 🙂
Thanh xuân như 1 ly trà,0.0,23,thanh_xuân như 1 ly trà
hhhhh cười ỉa hhhhh nhục quá con trai ơi hhhh,1.0,45,hhhhh cười ỉa hhhhh nhục quá con_trai ơi hhhh
Xin lỗi đã làm phiền quý vị https://youtu.be/yW6Tmk4lnJ4?si=HXW9uKsRvdc6C5Nn,0.0,76,xin_lỗi đã làm_phiền quý_vị
bầu cử cl gì mà tao lên fb biết kq đâu mấy tháng trc rồi. bâu làm cm gì nữa lấy tiền chia đi nhâu có đã k,1.0,105,bầu_cử cl gì mà tao lên fb biết kq đâu mấy tháng trc rồi . bâu làm cm gì nữa lấy tiền chia đi nhâu có đã không
Dcm thằng súc vật không có não này chết con mm đi,2.0,49,dcm thằng súc_vật không có não này chết con mm đi
Mắt để dưới đít à chú Theo cháu thấy thì ý chú bắt như qq,1.0,57,mắt để dưới đít à chú theo cháu thấy thì ý chú bắt như qq
tui đoán có nghề đi chửi mướn...mà ko ngờ có thiệt. Nên thag J nó mà hiền hiền là bị dập ngay. Tới 1 lần luôn đi.,0.0,113,tui đoán có nghề đi chửi mướn ... mà không ngờ có thiệt . nên thag gì nó mà hiền hiền là bị dập ngay . tới 1 lần luôn đi .
Thôi tao sin mày Tiệp ạ sủa ít thôi ko nhà nước cho mày cách ly o chỗ châu Việt cường đấy.,2.0,90,thôi tao sin mày tiệp ạ sủa ít thôi không nhà_nước cho mày cách_ly o chỗ châu việt cường đấy .
"Mặt bà này là biết có dương vật ở dưới háng , mặt nhìn coi không có hậu gì hết .ăn nói như giang hồ mất dạy",2.0,107,"mặt bà này là biết có dương_vật ở dưới háng , mặt nhìn coi không có_hậu gì hết . ăn_nói như giang_hồ mất_dạy"
Sory cái dcmm,2.0,13,sory cái dcmm
ko phải hiền hay dữ nhưng đừng tỏ ra mình là thằng không có người dạy,1.0,69,không phải hiền hay dữ nhưng đừng tỏ ra mình là thằng không có người dạy
ăn bẩn ko chừa thứ gì kể cả bê tông.,1.0,36,ăn_bẩn không chừa thứ gì kể_cả bê_tông .
Cuối đời rồi ông Trần dần cũng nghĩ ra được để sam hoi đoàn kết để còn một số thành phần chống cộng nghĩ lại,0.0,108,cuối đời rồi ông trần dần cũng nghĩ ra được để sam hoi đoàn_kết để còn một_số_thành_phần chống cộng nghĩ_lại
"Chúc thầy năm mới, thêm nhiều mật danh mới :>",0.0,45,"chúc thầy năm mới , thêm nhiều mật_danh mới : >"
Nước ngoài tội tộm cấp xử rất nghiêm minh.việt nam mình thì luật pháp bảo vệ thằng ăn trộm ăn cướp.chịu,1.0,103,nước_ngoài tội tộm cấp xử rất nghiêm_minh . việt nam mình thì luật_pháp_bảo_vệ thằng ăn_trộm ăn_cướp . chịu
Xã hội ko có gì là ko thể quá khổ cho con. Người lao động,0.0,57,xã_hội không có gì là không_thể quá_khổ cho con . người lao_động
"Con chó nó có linh cảm,nó đánh hơi noé sủa mấy lần....",0.0,54,"con chó nó có linh_cảm , nó đánh_hơi noé sủa mấy lần ... ."
quên mai cuối tuần nữa mai ông nt tui thử hk thấy onl là biết sặp rồi đó,0.0,72,quên mai cuối tuần nữa mai ông nt tui thử hk thấy onl là biết sặp rồi đó
 • Mở quà lấy mã toàn sàn giảm 20K/50K tại: https://shope.ee/6ANITns44y MỸ PHẨM: • 18H: COS300K18H10 giảm 100K đơn từ 300K. … Xem thêm,0.0,134,• mở quà lấy mã toàn sàn giảm 20k / 50k tại : mỹ_phẩm : • 18h : cos300k18h10 giảm 100k đơn từ 300k . … xem thêm
Xin lỗi cái địt mẹ mày,2.0,22,xin_lỗi cái địt_mẹ mày
Bố m hóng ảnh m trên bàn thờ,1.0,28,bố m hóng ảnh m trên bàn_thờ
Xin lỗi cái địt cụ mày,2.0,22,xin_lỗi cái địt cụ mày
"Lũ CS đúng là một lũ súc sinh ác độc hơn lũ ngạ quỹ, một lũ người khg có chút nhân tính, quá tàn độc khg biết phải dùng từ gì đễ mô tả cho lũ này! Bất luận thế nào thì cũng có ngày bọn súc vật này cũng phãi đền tội và kết thúc trong đau đớn hơn nhửng gì mà bọn mọi rợ này đả gây ra trong một ngày gần đây....",2.0,308,"lũ cs đúng là một lũ súc_sinh ác_độc hơn lũ ngạ quỹ , một lũ người khg có chút nhân_tính , quá tàn độc khg biết phải dùng từ gì đễ mô_tả cho lũ này ! bất_luận thế_nào thì cũng có ngày bọn súc_vật này cũng phãi đền_tội và kết_thúc trong đau_đớn hơn nhửng gì mà bọn mọi_rợ này đả gây ra trong một ngày gần đây ... ."
Thôi anh im đi,0.0,14,thôi anh im đi
"Cái gian hàng trong tổ hợp nhà ga chứ đéo phải cả nhà ga nhá :v ngu vừa thôi,ngu hết cả phần thiên hạ",1.0,101,"cái gian_hàng trong tổ_hợp nhà_ga chứ đéo phải cả nhà_ga nhá : v ngu vừa thôi , ngu hết cả phần thiên_hạ"
"Cho nó vào tù miền nam này xem, bố láo thật",1.0,43,"cho nó vào tù miền nam này xem , bố_láo thật"
"hẳn là CH!CH khỏe, CH!CH phê, đê mê tối ngày!!!",1.0,47,"hẳn là ch ! ch_khỏe , ch ! ch phê , đê_mê tối_ngày ! ! !"
mày sv đó,2.0,9,mày sv đó
Hoàng Minh Giáp tôi seach gg luôn đó bạn :),0.0,43,hoàng minh giáp tôi seach gg luôn đó bạn : )
"Trụ thì đ đánh, ngựa ngựa múa múa thua là đúng r. Này là nguu, rút kinh nghiệm lần sau",1.0,86,"trụ thì đ đánh , ngựa ngựa múa múa thua là đúng r . này là nguu , rút kinh_nghiệm lần sau"
Cút về nước,1.0,11,cút về nước
70 tuổi già rồi từ chức sớm đi cút về bên nước Pháp nghỉ ngơi đi,1.0,64,70 tuổi già rồi từ_chức sớm đi cút về bên nước pháp nghỉ_ngơi đi
clm nhỏ chủ tus nói đùa mà có cái con chim cánh cụt là biết khịa r,0.0,66,clm nhỏ chủ tus nói đùa mà có cái con chim cánh_cụt là biết khịa r
Biết lỗi thì lượt về ép thailan cho thua lại 2-0 đê,0.0,51,biết lỗi thì lượt về ép thailan cho thua lại 2 - 0 đê
Thi m van ngu,2.0,13,thi m van ngu
"Chuyện đéo đâu xa về đạo đức mấy thằng chó công an giao thông:sáng nãy e đi tiễn mấy thằng bạn đi lính..bọn giao thông đi dẹp đường nó cầm gậy sắt vừa vụt vừa chửi dân như con ""bố mày đập chết cụ mày giờ,địt cụ mày"" mình đéo ngờ luôn đấy",2.0,237,"chuyện đéo đâu xa về đạo_đức mấy thằng chó công_an giao_thông : sáng nãy e đi tiễn mấy thằng bạn đi lính . . bọn giao_thông đi dẹp đường nó cầm gậy sắt vừa vụt vừa chửi dân như con "" bố mày đập chết cụ mày giờ , địt cụ mày "" mình đéo ngờ luôn đấy"
Hải Yến Đ care cmt làm gì??? :))) Ô ai hỏi m à? :)))),1.0,53,hải_yến đ care cmt làm gì ? ? ? : ) ) ) ô ai hỏi m à ? : ) ) ) )
BỌN ĐÓ BẮT ĐƯỢC NÊN GIẾT,2.0,24,bọn đó bắt được nên giết
Ccccccc,1.0,7,ccccccc
Đức Thịnh e cũng thấy a có cô nào đấy mà 😂😂,0.0,43,đức thịnh e cũng thấy a có cô nào đấy mà 😂 😂
nhà thì ko đánh lo pk,0.0,21,nhà thì không đánh lo pk
"Tạm đình chỉ, chờ cấp phép rồi xey dựng lủ ngu ạ. Với lại có 1 số hạng mục xây dựng ngoài thiết kế. Thằng chó nào mạnh miệng bảo dừng xây dựng luôn ko??",2.0,152,"tạm đình_chỉ , chờ cấp phép rồi xey dựng lủ ngu ạ . với lại có 1 số hạng_mục xây_dựng ngoài thiết_kế . thằng chó nào mạnh_miệng bảo dừng xây_dựng luôn ko ? ?"
Giống người k :)),0.0,17,giống người không : ) )
Nghỉ mẹ luôn đi…. Xin lỗi gì….,1.0,30,nghỉ mẹ luôn đi … . xin_lỗi gì … .
"Thánh này thông minh lắm, đừng có giỡn nhe,,...lương lẹo lắm à..kk",0.0,66,"thánh này thông_minh lắm , đừng có giỡn nhe , , ... lương lẹo lắm à . . kk"
"Gọi làm gì ? Nó láo thật , nhưng rõ là chửi đúng , thằng kia đúng là ngu mà !",2.0,77,"gọi làm gì ? nó láo thật , nhưng rõ là chửi đúng , thằng kia đúng là ngu mà !"
ad bạn đang ở thế giới nào vậy?,0.0,31,admin bạn đang ở thế_giới nào vậy ?
Lộc gồng Lộc bắn nè,0.0,19,lộc gồng lộc bắn_nè
bay acc,0.0,7,bay acc
ma ba vang ngoc noi thiet khg bao gio noi doc,0.0,45,ma ba vang ngoc noi thiet khg bao gio noi doc
Dm cụ nhà tao không thiếu tiền nhà dột từ nóc,1.0,45,dm cụ nhà tao không thiếu tiền nhà dột từ nóc
Địt mẹ các bạn ý. Cười rụng con mẹ nó mồm rồi.,2.0,46,địt_mẹ các bạn ý . cười rụng con_mẹ nó mồm rồi .
Xin lỗi cặc 3 màyy =)),2.0,22,xin_lỗi cặc 3 màyy = ) )
"Thang cc nao ma chang the dc,",1.0,29,"thang cc nao ma chang the_dc ,"
Xin lỗi cái cc,1.0,14,xin_lỗi cái cc
Địt mẹ mày mai ra đường đâm vào cột điện mà chết đi,2.0,51,địt_mẹ mày mai ra đường đâm vào cột điện mà chết đi
"Bắt được sử bắn bỏ vài thằng riết nó sợ hà,làm ăn méo lo làm tối ngày trộm cấp.",1.0,79,"bắt được sử bắn bỏ vài thằng riết nó sợ hà , làm_ăn méo lo làm tối_ngày trộm cấp ."
( Trâu ngu si ơi) tốn tiền thuế dân việt đi nuôi mày quá.,2.0,57,( trâu ngu_si ơi ) tốn tiền thuế_dân việt đi nuôi mày quá .
Mày bắt ngu vậy mà cũng đy làm trọng tài,2.0,40,mày bắt ngu vậy_mà cũng đy làm trọng_tài
Xe tao để trước tiệm này cầu mong tụi nó đến lấy dùm cái tao thề tao vồ dc tao cho tụi này tàn phế suốt đời luôn,1.0,112,xe tao để trước tiệm này cầu_mong tụi nó đến lấy dùm cái tao thề tao vồ được tao cho tụi này tàn_phế suốt đời luôn
Giải nghệ thôi chú,0.0,18,giải_nghệ thôi chú
8k/1000 Follow 35k/5000 Follow 70k/10000 Follow bao ko tụt Mn có thể vào tcn của mk check uy tín ai mua ib hoặc LH 0966868802 bao uy tín hiệu quả Chỉ cần link tk cần buff ko cần mật khẩu hay bấy cứ thông tin nào khác. mấy thằng làm 5k/1000fl toàn fl ảo nhanh tụt Xin lỗi đã làm phiền chủ video 151,0.0,297,8k / 1000 follow 35k / 5000 follow 70k / 10000 follow bao không tụt mọi người có_thể vào tcn của mình check uy_tín ai mua inbox hoặc lh 0966868802 bao uy_tín_hiệu_quả chỉ cần link tk cần buff không cần mật_khẩu hay bấy cứ thông_tin nào khác . mấy thằng làm 5k / 1000fl toàn fl ảo nhanh tụt xin_lỗi đã làm_phiền chủ video 151
"Không thoát đâu được, yên tâm bị bắt cả 3 à",0.0,43,"không thoát đâu được , yên_tâm bị bắt cả 3 à"
Rảnh thì giúp mẹ giúp cha. Ở đây sống chậm mả cha chúng mày...,2.0,62,rảnh thì giúp mẹ giúp cha . ở đây sống chậm mả cha chúng_mày ...
Chống tham nhũng ở ViêtNam như kiểu con Mèo ăn miếng mỡ thì bắt được còn Còn cọp ăn con hươu thì đeoa bắt đc,1.0,108,chống tham_nhũng ở viêtnam như kiểu con mèo ăn miếng mỡ thì bắt được còn còn cọp ăn con hươu thì đeoa bắt được
Ngu xuẩn nhất nhì là TT Mỹ (thơ trần đăng khoa),1.0,47,ngu_xuẩn nhất nhì là tt mỹ ( thơ trần đăng_khoa )
Dại trai thì cũng là 1 cái ngu,1.0,30,dại trai thì cũng là 1 cái ngu
Lâm Châu Minh dàn cảnh lấy xe,0.0,29,lâm châu minh dàn_cảnh lấy xe
"thằng âm binh, xéo",2.0,18,"thằng âm_binh , xéo"
pew đau lắm,0.0,11,pew đau lắm
Cái đcmm thằng trâu sề. Cút cmm đi. Loại mày dẵn dắt được ai?,2.0,61,cái đcmm thằng trâu sề . cút cmm đi . loại mày dẵn dắt được ai ?
Thương con quá nhìn mà sót sa con ho cg như con mình chứ sao nỡ lòng nào mà đứng nhìn nó đánh con ng ta như vây quá ác đôc mong phát luât vào cuôc để dăn đe nh kẻ khác và cầu xin chúa thương xót chữa lành cho con,0.0,212,thương con quá nhìn mà sót sa con ho cg như con mình chứ sao nỡ lòng nào mà đứng nhìn nó đánh con ng ta như vây quá ác đôc mong phát luât vào cuôc để dăn đe_nh kẻ khác và cầu_xin chúa thương_xót chữa lành cho con
Thiên tai hạn hán cũng đổ lỗi cho chính phủ. Vậy có lẽ tao cũng nên coi mày là thất bại của việc bố mẹ mày làm tình phải ko thằng ad óc chó?,2.0,140,thiên_tai hạn_hán cũng đổ lỗi cho chính_phủ . vậy có_lẽ tao cũng_nên coi mày là thất_bại của việc bố_mẹ mày làm_tình phải không thằng admin óc chó ?
Cưng ơi..,0.0,9,cưng ơi . .
Vui vẻ có quạu abe ơi,0.0,21,vui_vẻ có quạu abe ơi
"Tụi này bắt được phải chặt tay bỏ, nó mới không đi ăn cướp đc",1.0,61,"tụi này bắt được phải chặt tay bỏ , nó mới không đi ăn_cướp được"
Nó thích mình nó đã yêu cmm luôn chứ bắt m đợi làm lồn gì. Đợi chỉ là lí do để nó tìm xem có kèo nào ngon hơn không thôi,1.0,120,nó thích mình nó đã yêu cmm luôn chứ bắt m đợi làm lồn gì . đợi chỉ là lí_do để nó tìm xem có kèo nào ngon hơn không thôi
KO BÍT ĐẦU ĐUÔI. CÂU CHUYỆN RA SAO. LÚC TRƯỚC HÙA NHAU CHƯỞI NGƯỜI TA.  H RỒI BÂY H QUAY LẠI CẮN. KHẨU NGHIỆP TẠO NGHIỆP.,1.0,121,không bít đầu_đuôi . câu_chuyện ra sao . lúc trước hùa nhau chưởi người_ta . h rồi bây h quay lại cắn . khẩu nghiệp tạo nghiệp .
Quân thất đức,2.0,13,quân thất_đức
Xạo lồn quá chị ba ơi,1.0,21,xạo lồn quá chị ba ơi
"Võ Hồng Gấm rồi mấy đó tiếp xúc với thêm nhiều người khác nữa á,nghe mà ớn lạnh,cầu mong cho đừng ai nhiễm nữa,k ở quê làm rần rần riết chị muốn bệnh lun á",0.0,155,"võ hồng gấm rồi mấy đó tiếp_xúc với thêm nhiều người khác nữa á , nghe mà ớn lạnh , cầu_mong cho đừng ai nhiễm nữa , k ở quê làm rần_rần riết chị muốn bệnh lun á"
Nghỉ đi về Pháp mà trồng nho nấu rượu đi,0.0,40,nghỉ đi về pháp mà trồng nho nấu rượu đi
Chí Cường up dc 2 bac oai vc =))),0.0,33,chí cường up được 2 bac oai vc = ) ) )
đít phát sáng đã rõ ;))),1.0,24,đít phát sáng đã rõ ; ) ) )
 trực tiếp thì k chịu cứ phải đt với nt là sao nhỉ?,0.0,51,trực_tiếp thì không chịu cứ phải đt với nt là sao nhỉ ?
Đhs nói ngu vl :))),1.0,19,đhs nói ngu vl : ) ) )
Xã hội này muốn làm người tốt cũng khó,0.0,38,xã_hội này muốn làm người tốt cũng khó
Đập chết cmn luôn,2.0,17,đập chết cmn luôn
"Hết dịch COVID rồi, thấy ai mang khẩu trang thì phải cẩn thận",0.0,61,"hết dịch covid rồi , thấy ai mang khẩu_trang thì phải cẩn_thận"
Tết thầy mà để Sela xông nhà là năm sau tán gia bại sản luôn đó thầy.,0.0,69,tết thầy mà để sela xông nhà là năm sau tán gia bại sản luôn đó thầy .
ông biết cái cc dì mà nói. Có nghe nó đã ngu còn tỏ ra nguy hiểm chửi bới đồng đội nó chư?,1.0,90,ông biết cái cc dì mà nói . có nghe nó đã ngu còn tỏ ra nguy_hiểm chửi_bới đồng_đội nó chư ?
Con mẹ mày. Nhạ ơi. Nhòm vào bữa cơm 25k của các cháu trường tiểu học hạp lĩnh. Tp Bắc ninh xem mày có đớp đc ko,2.0,112,con_mẹ mày . nhạ ơi . nhòm vào bữa cơm 25k của các cháu trường tiểu_học hạp lĩnh . tp bắc ninh xem mày có đớp được không
"Vcl tự nhiên chửi người khác ngu rồi đem trường hợp ngu của nó ra ví dụ! Đụ mẹ thằng ""lỏng bao"" dành hết phần ngu người khác! Não teo rồi hoá chó à",2.0,147,"vcl tự_nhiên chửi người khác ngu rồi đem trường_hợp ngu của nó ra ví_dụ ! đụ_mẹ thằng "" lỏng bao "" dành hết phần ngu người khác ! não teo rồi hoá chó à"
"Chửi 3 que nữa đi, có phải 3 thằng không ? Có phải tỷ số với Indonesia 3 trái không ? Nghiệp mõm cho lắm vào !",1.0,110,"chửi 3 que nữa đi , có phải 3 thằng không ? có phải tỷ_số với indonesia 3 trái không ? nghiệp mõm cho lắm vào !"
"thay vì chê cái văn bản, nên chỉ ra nó sai ở chỗ nào",0.0,52,"thay_vì chê cái văn_bản , nên chỉ ra nó sai ở chỗ nào"
Chữi nhiều quá tắt thở bây giờ,0.0,30,chữi nhiều quá tắt_thở bây_giờ
Huỳnh Minh lực,0.0,14,huỳnh minh lực
"3 thằng đàn ông cao to ăn cướp của một người phụ nữ nhỏ bé,3 thằng này còn thua cả loài súc vật",2.0,95,"3 thằng đàn_ông cao to ăn_cướp của một người phụ_nữ nhỏ_bé , 3 thằng này còn thua cả loài súc_vật"
Đức Thịnh 🙆🙆🙆😂😂😂,0.0,16,đức thịnh 🙆 🙆 🙆 😂 😂 😂
"Ad nói đúng,còn những thằng phản bác ở đây toàn là lũ vô học nói làm đéo gì",2.0,91,"admin nói đúng , còn những thằng phản_bác ở đây toàn là lũ vô_học nói làm đéo gì"
"hẳn là CH!CH khỏe, CH!CH phê, đê mê tối ngày!!!",1.0,47,"hẳn là ch ! ch_khỏe , ch ! ch phê , đê_mê tối_ngày ! ! !"
Đánh như cc họ..nhìn bẩn hết cả mắt,1.0,35,đánh như cc họ . . nhìn bẩn hết cả mắt
Cảm giác anh nhớ em,0.0,19,cảm_giác anh nhớ em
Dinh Hong Ngoc vắt chanh vắt quất cho sảng khoái thơm tho,0.0,57,dinh hong ngoc vắt chanh vắt quất cho sảng_khoái thơm_tho
M nói ngu nói dốt vl mày thấy bọn nó Bênh thằng jack chứ có phải là nó thấy mày cmt rồi vô cắn trước như tụi m chưa thằng đàn bà m nói chuyện cũng phải xem lại cmt trc hả cắn con trai :))) Nói ngu thì tự ái nó đàn bà thì lại cắn,2.0,228,m nói ngu nói dốt vl mày thấy bọn nó bênh thằng jack chứ có phải là nó thấy mày cmt rồi vô cắn trước như tụi m chưa thằng đàn_bà m nói_chuyện cũng phải xem_lại cmt trc hả cắn con_trai : ) ) ) nói ngu thì tự_ái nó đàn_bà thì lại cắn
"Có một người đàn ông nọ đứng ở giữa quảng trường và hét to: ""Lãnh đạo đất nước là những thằng ngu"".",2.0,99,"có một người đàn_ông nọ đứng ở giữa quảng_trường và hét to : "" lãnh_đạo đất_nước là những thằng ngu "" ."
Mẹ mày hưởi quần xì của con ômô  ý lộn ômôi chứ kkk😁😁😁😁😁😁 cười ỉa,2.0,65,mẹ mày hưởi quần xì của con ômô ý lộn ômôi chứ kkk 😁 😁 😁 😁 😁 😁 cười ỉa
chửi cái dcmmm,2.0,14,chửi cái dcmmm
cái tội mê trai nè. cho chừa,1.0,28,cái tội mê trai nè . cho chừa
thế để chửi dùm Nhân nhé,0.0,24,thế để chửi dùm nhân nhé
Anh em học trò thầy ba like avt hộ tôi :((,0.0,42,anh_em học_trò thầy ba like avt hộ tôi : ( (
" Lũ chúng m kêu ng ta reaction xong ng ta nêu ra cảm nhận là chúng m vào cắn như 1 lũ chó bầy đàn. Hiểu từ ""REACTION"" là gì ko?",1.0,127,"lũ chúng m kêu ng ta reaction xong ng ta nêu ra cảm_nhận là chúng m vào cắn như 1 lũ chó bầy đàn . hiểu từ "" reaction "" là gì ko ?"
tiền,0.0,4,tiền
Mẹ nó,1.0,5,mẹ nó
Bắt như cc h đi xin lỗi,1.0,23,bắt như cc h đi xin_lỗi
Trông mặt thằng bố còn ác ôn hơn hai thằng con,2.0,46,trông mặt thằng bố còn ác_ôn hơn hai thằng con
Con chó diên dan chuong trình nghe muon ỉa ra quần,2.0,50,con chó diên dan chuong trình nghe muon ỉa ra quần
Thì chế độ nào người moi như vậy,1.0,32,thì chế_độ nào người moi như_vậy
Đề nghĩ mấy đứa rich kids não phẳng ngoài Hà Nội bớt hãm lone bênh con điên kia! Tao muốn bay ra vả cho mỗi đứa một phát vào mõm!,2.0,129,đề nghĩ mấy đứa rich kids não phẳng ngoài hà_nội bớt hãm lone bênh con điên kia ! tao muốn bay ra vả cho mỗi đứa một phát vào mõm !
Đéo bắt được thì cút,1.0,20,đéo bắt được thì cút
"Nguyễn Dương t đâu như con kia tự vác lol đi tìm trai, rồi than khóc bị bỏ tốt đẹp hơn ai. M bị nó dắt mũi thì cũng ngu ko kém",1.0,126,"nguyễn dương t đâu như con kia tự vác lol đi tìm trai , rồi than_khóc bị bỏ tốt_đẹp hơn ai . m bị nó dắt_mũi thì cũng ngu không kém"
Người nhật mà còn có thể loại ko não này thì bảo sao VN lại ko ..chán dell muốn nói,1.0,83,người nhật mà còn có_thể_loại không não này thì bảo sao vn lại không . . chán dell muốn nói
"Ban xôi đuoc mây đông,bi cuop xe",0.0,32,"ban xôi đuoc mây đông , bi cuop xe"
vậy ông trong cuộc à?,0.0,21,vậy ông trong cuộc à ?
Mấy thằng hèn,2.0,13,mấy thằng hèn
Co ba vang ngọc noi hay qua cho e cacmobi 100 nha co,0.0,52,co ba vang ngọc noi hay qua cho e cacmobi 100 nha_co
Ở ASEAN cup thì tuyển Việt Nam thua đẹp. Thua tiến bộ. Ở vòng loại wc thì tuyển Việt Nam thua lạc quan. Ko còn gì để nói ông này,0.0,128,ở asean cup thì tuyển việt nam thua đẹp . thua tiến_bộ . ở vòng_loại wc thì tuyển việt nam thua lạc_quan . không còn gì để nói ông này
Tù toàn người quen thì vào để các anh làm quen với mày,0.0,54,tù toàn người quen thì vào để các anh làm_quen với mày
Ảnh xinh thế. cmt như này cẩn thận bị jack nó gạ đ** nhé :)) Nếu mà có đi thì bảo nó dùng bao không là không có tiền chu cấp nữa đâu,1.0,132,ảnh xinh thế . cmt như này cẩn_thận bị jack nó gạ đ * * nhé : ) ) nếu mà có đi thì bảo nó dùng bao không là không có tiền chu_cấp nữa đâu
Thằng mặt l này đi trên đường tưởng thần kinh đấy,2.0,49,thằng mặt l này đi trên đường tưởng thần_kinh đấy
Có chứ sao ko phá hoại tài sản ng ta mà,0.0,39,có chứ sao không phá_hoại tài_sản ng ta mà
đầu chứa cứt hay gì mà đá trận nào thua trận đó.,1.0,48,đầu chứa cứt hay gì mà đá trận nào thua trận đó .
đọc lại kĩ hết coi tôi có bênh thằng nào đâu,0.0,44,đọc lại kĩ hết coi tôi có bênh thằng nào đâu
Lỗi cc fuck,1.0,11,lỗi cc fuck
Trẻ trâu đóng film hài hả 🙂,1.0,27,trẻ trâu đóng film hài hả 🙂
"Xàm, ăn không rảnh rỗi l, dịch ko giúp đc ai thì thôi còn chửi nhau đăng lên, chụp gạo đồ,  trẻ trâu",2.0,100,"xàm , ăn_không rảnh_rỗi l , dịch không giúp được ai thì thôi còn chửi nhau đăng lên , chụp gạo đồ , trẻ trâu"
sợ thật,0.0,7,sợ thật
Trần Văn Hưng tia nhanh thế,0.0,27,trần văn hưng tia nhanh_thế
jack có chịu trách nhiệm k b,0.0,28,jack có chịu trách_nhiệm không b
Giày hiệu made mixi :),0.0,22,giày hiệu made mixi : )
Im mẹ mồm,1.0,9,im mẹ mồm
Chó ăn cức,1.0,10,chó ăn cức
Tội cho chí bán hàng,0.0,20,tội cho chí bán hàng
Sorry cái qq,1.0,12,sorry cái qq
Vô học,1.0,6,vô_học
Vợ mình thì chả bao giờ chửi mình Toàn chửi cha mẹ mình thôi,0.0,60,vợ mình thì chả bao_giờ chửi mình toàn chửi cha_mẹ mình thôi
"3M/month khi share live vào group ảnh hỏi không kĩ ảnh nghĩ  3M/ buổi share live xong ảnh ghim mình suốt 4 năm =)) .  chơi với bạn hết mình , bạn chơi mình hết hồn =))",0.0,167,"3m / month khi share live vào group ảnh hỏi không kĩ ảnh nghĩ 3m / buổi share live xong ảnh ghim mình suốt 4 năm = ) ) . chơi với bạn hết_mình , bạn chơi mình hết_hồn = ) )"
Yogurt ơi lộk bắnn lôk bắnn :))),0.0,32,yogurt ơi lộk bắnn lôk bắnn : ) ) )
Cút mẹ mày khỏi vn đi thằng hlv loz,2.0,35,cút mẹ mày khỏi vn đi thằng hlv loz
Cô duyên dáng quá à,0.0,19,cô duyên_dáng quá à
Châu á còn đá không nổi. Hlv tồi,1.0,32,châu á còn đá không nổi . hlv tồi
Mày cút mẹ đi. Bắt ngu lắm,2.0,26,mày cút mẹ đi . bắt ngu lắm
Jack an l,2.0,9,jack an l
Thâm hết cả hậu!!!,1.0,18,thâm hết cả hậu ! ! !
Ế quá nên sale à thầy,0.0,21,ế quá nên sale à thầy
bầu cử cl gì mà tao lên fb biết kq đâu mấy tháng trc rồi. bâu làm cm gì nữa lấy tiền chia đi nhâu có đã k,1.0,105,bầu_cử cl gì mà tao lên fb biết kq đâu mấy tháng trc rồi . bâu làm cm gì nữa lấy tiền chia đi nhâu có đã không
Levi làm quả call quá chi làm suất sắc =)),0.0,42,levi làm quả call quá chi làm suất sắc = ) )
viết đơn kiện ra tòa đối chất,0.0,29,viết đơn kiện ra tòa đối_chất
đập ngu như thầy thì mãi mãi cx dell lên đc +7 e thề,1.0,52,đập ngu như thầy thì mãi_mãi cũng dell lên được + 7 e_thề
fake đó ae,0.0,10,fake đó anh_em
"T thề là nếu như dịch bệnh mà hết và con Nhung này ra viện thì chắc là ai nhìn thấy nó thì cũng muốn lao vào xé xác nó ra ấy, thế có mà nó sợ tụt lờ k dám đi đâu đâu =)))))",1.0,172,"t_thề là nếu_như dịch_bệnh mà hết và con nhung này ra viện thì chắc là ai nhìn thấy nó thì cũng muốn lao vào xé_xác nó ra ấy , thế có mà nó sợ tụt lờ không dám đi đâu_đâu = ) ) ) ) )"
Chào thằng khốn,2.0,15,chào thằng khốn
"Không thể tha thứ cho loại mat dạy này,",2.0,39,"không_thể tha_thứ cho loại mat dạy này ,"
Lấy của người khác làm của mình sợ thật,0.0,39,lấy của người khác làm của mình sợ thật
Rồi bị bắt chưa mn? Toàn thứ ăn bẩn xh? Toàn thanh niên trai trán. Toàn trộm cướp?,2.0,82,rồi bị bắt chưa mn ? toàn thứ ăn_bẩn xh ? toàn thanh_niên trai trán . toàn trộm_cướp ?
Khứa này hồn hồn lài,0.0,20,khứa này hồn hồn lài
Xứ đông Lào này chúng chỉ có hốc thôi,2.0,37,xứ đông lào này chúng chỉ có hốc thôi
Yêu thầy dấu bé 3,0.0,17,yêu thầy dấu bé 3
Biến khỏi vn đi đm mỗi tháng ông hưởng mấy tỉ mà dẫn dắt như cc,2.0,63,biến khỏi vn đi đm mỗi tháng ông hưởng mấy tỉ mà dẫn_dắt như cc
You suck,2.0,8,you suck
"Tàu hũ in tiền sang VN gom đất, nhà, vàng và mua chuộc chó với đầy tớ",1.0,69,"tàu_hũ in tiền sang vn gom đất , nhà , vàng và mua_chuộc chó với đầy tớ"
thương bố mẹ em đẻ ra được óc chó như em,2.0,40,thương bố_mẹ em đẻ ra được óc chó như em
Đừng là trong tài của một giải ao làng.,0.0,39,đừng là trong tài của một giải ao làng .
Lũ chó lãnh đạo Đcs,2.0,19,lũ chó lãnh_đạo đcs
May lm the đung sao,1.0,19,may lm the đung sao
Clm fake để bú fame à đm,1.0,24,clm fake để bú fame à đm
ĐM thanh niên sức dài vai rộng mà ko chịu làm chỉ muốn ăn của người khác.,2.0,73,đm thanh_niên sức dài vai rộng mà không chịu làm chỉ muốn ăn của người khác .
người cay là người xem còn người ngu là ông đấy,1.0,47,người cay là người xem còn người ngu là ông đấy
Con linh này nó k biết nhục sao mà còn đua cái mặt lên cà..,2.0,59,con linh này nó không biết nhục sao mà còn đua cái mặt lên cà . .
Đớp tiền cho lắm vào nên mắt bị đui mù.VN đéo chấp nhận lời xl,1.0,62,đớp tiền cho lắm vào nên mắt bị đui_mù . vn đéo chấp_nhận_lời xl
An tiền nó lam vào,0.0,18,an tiền nó lam vào
VỢ JACK5TR BẾN TRE,0.0,18,vợ jack5tr bến_tre
ấy sao lại nói con bố Phước thế brooooo,0.0,39,ấy sao lại nói con bố phước thế brooooo
"thằng Rách nó còn uy tín cơ à,cười vkl thằng giẻ Rách",2.0,53,"thằng rách nó còn uy_tín cơ à , cười vkl thằng giẻ rách"
Mày ngu vừa thôi ad :)),2.0,23,mày ngu vừa thôi admin : ) )
Đeo hieu kieu gi,1.0,16,đeo hieu kieu gi
"chửi nhau sao kg gọi Phone chửi cho dã cái miệng,mà lên dây khoe vàng hả cha,ỉa déo ra cũng dưa lên,bó tay,",1.0,107,"chửi nhau sao kg gọi phone chửi cho dã cái miệng , mà lên_dây khoe vàng hả cha , ỉa déo ra cũng dưa lên , bó_tay ,"
Không sao nó ăn cũng chỉ một tuần là hết cái xe thôi rồi xẽ đến ngày trả giá quá đắt mà thôi,0.0,92,không sao nó ăn cũng chỉ một tuần là hết cái xe thôi rồi xẽ đến ngày trả_giá quá đắt mà thôi
"Mo mom ra biet ngu.nghi sao dung tu nhin,",1.0,41,"mo mom ra biet ngu . nghi sao dung tu nhin ,"
mình vẫn tin jack bạn nhé nhưng mà là jack grealish bên man city =)),0.0,68,mình vẫn tin jack bạn nhé nhưng mà là jack grealish bên man city = ) )
Tốt nhất gặp người la không nên nhiều chuyện,0.0,44,tốt nhất gặp người la không nên nhiều chuyện
 dcmm sợ à,2.0,10,dcmm sợ à
"nhanh đi ngăn cản dị không gian đi đh, tụi vực ngoại thiên ma sắp xâm lấn r kìa",0.0,79,"nhanh đi ngăn_cản dị không_gian đi đh , tụi vực ngoại thiên_ma sắp xâm_lấn r kìa"
Lý Quốc Việt hmmm,0.0,17,lý quốc việt_hmmm
Khóc lóc con cặc. Nhét ku vào mồm mày,2.0,37,khóc_lóc con cặc . nhét ku vào mồm mày
Anh Minh 5 tỉ tới chơiiii,0.0,25,anh_minh 5 tỉ tới chơiiii
Con me may,2.0,10,con me may
Hoan ho chị ba .sao ko cho cai cad zạ chị ba .ung ho qua ma sao ko cho em,0.0,73,hoan ho chị ba . sao không cho cai cad zạ chị ba . ung ho qua ma_sao không cho em
Đet mẹ trong tài như con cắc trong tài như lồn me no trong tài này chết hết cả ho no jk,2.0,87,đet mẹ trong tài như con cắc trong tài như lồn me no trong tài này chết hết cả ho no jk
"Giao dịch với nhau thôi chứ bạn bè đ gì mà nhận nghe chúa hề vc.t ko fan thằng nào cả nghe như đấm vào tai kiểu giải thích , Nhận xét thật sự trình bạn ncc đến đường cùng góng lên chửi giải thích cả live cả duo",1.0,210,"giao_dịch với nhau thôi chứ bạn_bè đ gì mà nhận nghe chúa hề vc . t không fan thằng nào cả nghe như đấm vào tai kiểu giải_thích , nhận_xét thật_sự trình bạn ncc đến đường cùng góng lên chửi giải_thích cả live cả duo"
Mong huấn luyện viên có thể trao cơ hội cho ibrahim maza ở hertha bsc . Anh ấy là 1 cầu thủ rất có tiềm năng để trở thành siêu sao bóng đá thế giới,0.0,147,mong huấn_luyện_viên có_thể trao cơ_hội cho ibrahim maza ở hertha bsc . anh ấy là 1 cầu_thủ rất có tiềm_năng để trở_thành siêu_sao bóng_đá thế_giới
Ko ghi Trang mixi lại tưởng e nào khác 🤣🤣🤣,0.0,42,không ghi trang mixi lại tưởng e nào khác 🤣 🤣 🤣
Giàu mà sao não để ở đâu vậy Đức Ngọc,2.0,37,giàu mà sao não để ở đâu vậy đức ngọc
Bố m sẽ xẻo m,1.0,13,bố m sẽ xẻo m
Chi e thich chi . Chi dep,0.0,25,chi e thich chi . chi dep
Óc chó,1.0,6,óc chó
Cmt nhớ mang theo não nha :'(,1.0,29,cmt nhớ mang theo não nha : ' (
"Con điên, next mẹ mày đi",2.0,24,"con điên , next mẹ mày đi"
Tuyển thủ trong team chuyên nghiệp mang Pubg VN ra thế giới này :)),0.0,67,tuyển_thủ trong team chuyên_nghiệp mang pubg vn ra thế_giới này : ) )
tyler1 phiên bản việt à :)),0.0,27,tyler1 phiên_bản việt à : ) )
có khúc kêu LD share live để e tính cho chị hả ta. ;)),0.0,54,có khúc kêu ld share live để e tính cho chị hả ta . ; ) )
"Nguyễn Huy sai chính tả kìa, Red chứ ko phải rad",0.0,48,"nguyễn huy sai chính_tả kìa , red chứ không phải rad"
Bà này xạo khổ mà cú nói giàu,1.0,29,bà này xạo khổ mà cú nói giàu
Cởi bố ra cho rồi ngứa mắt á🤦‍♀️,1.0,32,cởi bố ra cho rồi ngứa_mắt á 🤦 ‍ ♀ ️
Cay chân giữa cx cay theo,0.0,25,cay chân giữa cũng cay theo
Như 2 giọt nước luôn thầy ơi. Trinh giọt nước suối còn thầy giọt nước cống thầy ạ =))),1.0,86,như 2 giọt nước luôn thầy ơi . trinh giọt nước suối còn thầy giọt nước cống thầy ạ = ) ) )
Dơ vlll nhưng t thích,1.0,21,dơ vlll nhưng t_thích
Bat dc chắc tay nó bỏ la dc,0.0,27,bat được chắc_tay nó bỏ la được
mịe con chó nàyyyy,2.0,18,mịe con chó nàyyyy
Nó fan thằng này nó thích thì nó cmt ngu chổ nào ai ngu hơn ai,1.0,62,nó fan thằng này nó thích thì nó cmt ngu chổ nào ai ngu hơn ai
Phan rách bị hối lộ 5 củ hả đến thời điểm này r qua bao nhiêu cái drama r vẫn cố chấp ở lại với súc vật bỏ con,2.0,110,phan rách bị hối_lộ 5 củ hả đến thời_điểm này r qua bao_nhiêu cái drama r vẫn cố_chấp ở lại với súc_vật bỏ con
Thật đáng sợ con người với nhau mà tàn nhẫn thế,0.0,47,thật đáng sợ con_người với nhau mà tàn_nhẫn thế
Rồi cập nhật dữ chưa :)))),0.0,26,rồi cập_nhật dữ chưa : ) ) ) )
Lạy mấy ông :((( sáng sớm mới thức coi từ tối qua giờ còn ám ảnh đ'dám đi đánh răng luôn,0.0,88,lạy mấy ông : ( ( ( sáng sớm mới thức coi từ tối qua giờ còn ám_ảnh đ ' dám đi đánh răng luôn
rồi vụ việc đã làm tới chưa ạ chứ e thấy hơi lâu ạ,0.0,60,rồi vụ_việc đã làm_tới chưa ạ chứ e thấy hơi lâu ạ
"Luật Nhân Quyền của Mỹ dành cho HonhKong thật sự rất GOOD. Lũ hắc cảnh đã rón dái hết rồi các Bác ạ, làm chó săn cũng để kiếm tiền đi sứ giãy chết, mà giờ bị áp chế thế này thì làm chó chi cho người ta chửi nữa chứ 😷😷😷",1.0,218,"luật nhân_quyền của mỹ dành cho honhkong thật_sự rất good . lũ hắc cảnh đã rón dái hết rồi các bác ạ , làm chó_săn cũng để kiếm tiền đi sứ giãy_chết , mà giờ bị áp chế thế này thì làm chó chi cho người_ta chửi nữa chứ 😷 😷 😷"
"﻿Từng được giúp không lấy một đồng, giờ Jack quên hết ơn nghĩa sao? Tóm tắt livestream mới nhất: https://tinhotnew.com/viruss-livestream-moi-nhat",0.0,145,"﻿ từng được giúp không lấy một đồng , giờ jack quên hết ơn_nghĩa sao ? tóm_tắt livestream mới nhất :"
sống chậm thôi mn ơi,0.0,20,sống chậm thôi mọi người ơi
Nguyễn Trọng Hiệp hiệp bmw à 🤣🤣,0.0,31,nguyễn trọng hiệp hiệp bmw à 🤣 🤣
Vaidai,1.0,6,vaidai
Vũ Đức nghe giống tiếng e Nguyễn Long bi rên ko :)),0.0,51,vũ đức nghe giống tiếng e nguyễn long bi rên không : ) )
bú win nữa hả =)),1.0,17,bú win nữa hả = ) )
Bởi vậy đôi khi muốn làm ng tốt khó quá ak,0.0,42,bởi_vậy đôi_khi muốn làm ng tốt khó quá ak
"Tại sao Việt Nam ko làm dứt điểm mấy cái vụ này nhỉ, tôi là cứ bắt đc chặt tay xem thằng nào dám nữa, cứ bảo nhân đạo mà sao chúng nó không nghĩ lỗi khổ của người mất của",1.0,170,"tại_sao việt nam không làm dứt_điểm mấy cái vụ này nhỉ , tôi là cứ bắt được chặt tay xem thằng nào dám nữa , cứ bảo nhân_đạo mà sao chúng_nó không nghĩ lỗi khổ của người mất của"
Ko luộc đồ là mình còn phải cảm ơn ấy chứ,0.0,41,không luộc đồ là mình còn phải cảm_ơn ấy chứ
No mung vi no su sai nhung van co nguoi bi ngoi tu vi ngu,1.0,57,no mung vi no su sai nhung van co nguoi bi ngoi tu vi ngu
Trang Moon cười đỏ hết lợi,0.0,26,trang moon cười đỏ hết lợi
Thấy thì thấy nói giàu lắm có tiền lắm con ông cháu cha lắm. Ra nước ngoài dell có tiền về .Bệnh xạo lozzz thì vẫn còn mỗi ngày.,1.0,128,thấy thì thấy nói giàu lắm có tiền lắm con ông cháu cha lắm . ra nước_ngoài dell có tiền về . bệnh xạo lozzz thì vẫn còn mỗi ngày .
Đmm quả chạm tay m mù hả,2.0,24,đmm quả chạm tay m mù_hả
Xl con kặc chơi xong xl ai chs la8j,1.0,35,xl con kặc chơi xong xl ai chs la8j
Hơn 100 năm chước nước Pháp mang súng bom đạn đến sâm lược giết hại người Việt Nam! Bây giờ một người Pháp đang phá nát bóng đá Việt Nam,0.0,136,hơn 100 năm chước nước pháp mang súng bom_đạn đến sâm lược giết_hại người việt nam ! bây_giờ một người pháp đang phá nát bóng_đá việt_nam
Nứng,1.0,4,nứng
Ditconmemay mù chắc,2.0,19,ditconmemay mù chắc
"Con nay kieu ha ,,,mo cua no an cuc nhieu qua ,,,nen len mang sua qua troi ,,do phan quoc ,,,,,,,,mo lon ,,,,,,,,LINH an lon dap chet me no di ,,,,,,,con cho vua gia vua sau",2.0,173,"con nay kieu ha , , , mo cua no an cuc nhieu qua , , , nen len mang sua qua troi , , do phan quoc , , , , , , , , mo lon , , , , , , , , linh an lon dap chet me no_di , , , , , , , con cho vua gia vua sau"
Ai lớp du chu cờ mo cô hiếuuu💁‍♀️❤🙆‍♀️,0.0,38,ai lớp du chu cờ mo cô hiếuuu 💁 ‍ ♀ ️ ❤ 🙆 ‍ ♀ ️
"mấy ông học FPT lấy ý tưởng mà làm đồ án nè, biết đâu lại xuất sắc :v",0.0,69,"mấy ông học fpt lấy ý_tưởng mà làm đồ_án nè , biết_đâu lại xuất_sắc : v"
"Với tình trạng người dân dọn dẹp nhà cửa trước tết đang leo thang. Tôi đề nghị các ban ngành, cơ quan hữu quan phải có biện pháp cải thiện tình trạng bằng một số hình thức như tuyên truyền, răn đe, thu thuế môi trường thật nặng cho những ai dọn nhà cửa nhân dịp tết đến xuân về",0.0,277,"với tình_trạng người dân dọn_dẹp nhà_cửa trước tết đang leo_thang . tôi đề_nghị các ban_ngành , cơ_quan hữu_quan phải có biện_pháp cải_thiện tình_trạng bằng một_số hình_thức như tuyên_truyền , răn_đe , thu thuế môi_trường thật nặng cho những ai dọn nhà_cửa nhân_dịp tết đến xuân về"
Sinh Sinh k bt nên im lặng Rồi sẽ khác,0.0,38,sinh sinh không bình_thường nên im_lặng rồi sẽ khác
"Ban,xôi cug ko tha",0.0,18,"ban , xôi cug không tha"
Im mẹ đi thằng mặt lon,2.0,22,im mẹ đi thằng mặt lon
Cái thằng BD lộn kiếp nỗ banh nhà lòng,2.0,38,cái thằng bd lộn kiếp nỗ banh nhà lòng
Nghỉ hiu hộ tao,0.0,15,nghỉ hiu hộ tao
Bảo dạng háng leo rank lại giãy đành đạch,1.0,41,bảo dạng háng leo rank lại giãy đành_đạch
Hãy cút xéo khỏi đất nước chúng tôi,1.0,35,hãy cút xéo khỏi đất_nước chúng_tôi
"Nước giờ đắt, bán được giá mà",0.0,29,"nước giờ đắt , bán được giá mà"
Xin lỗi thì được cái mẹ gì,1.0,32,xin_lỗi thì được cái mẹ gì
"Thiên Di Thảo Thảo Bùi Đức Hữu Nhat Nhật Hoàng Minh tội cô gái quá, nhiệt tình quá thành ra củng ko hay",0.0,103,"thiên_di_thảo thảo bùi đức hữu nhat nhật hoàng minh tội cô gái quá , nhiệt_tình quá thành_ra củng không hay"
tưởng thầy chuyển qua đóng phim này chứ :),0.0,42,tưởng thầy chuyển qua đóng phim này chứ : )
DM...thằng assmin mặt L.. Hiếp zdam thị giác...,2.0,47,dm ... thằng assmin mặt l . . hiếp zdam thị_giác ...
Nghe có vẻ vô sinh nhưng rất dễ có thai =]]],0.0,44,nghe có vẻ vô_sinh nhưng rất dễ có_thai = ] ] ]
Lỗi qq,1.0,6,lỗi qq
chịch cả lò bọn nam kỳ xuc sinh ,2.0,32,chịch cả lò bọn nam kỳ xuc sinh
Nay hơi chậm :)) cailozcatkhong,1.0,31,nay hơi chậm : ) ) cailozcatkhong
Trình độ yếu kém đá như vậy thì thấy hài lòng,0.0,45,trình_độ yếu_kém đá như_vậy thì thấy hài_lòng
Người ta nghèo khổ bán xôi cũng không tha,0.0,41,người_ta nghèo_khổ bán xôi cũng không tha
trọng tài made in Ha Noi :)),0.0,28,trọng_tài made in ha noi : ) )
"Ý thức phải như thế mới đúng người biết bảo vệ cộng đồng, đâu như mấy cái loại trốn khai báo, khai báo sai rồi còn livestream khoe hay trốn cách li đâu, ý thức chuột cắn. Hãm",1.0,174,"ý_thức phải như thế mới đúng người biết bảo_vệ cộng_đồng , đâu như mấy cái loại trốn khai_báo , khai_báo sai rồi còn livestream khoe hay trốn cách_li đâu , ý_thức chuột cắn . hãm"
Trọng tài bị mù à,1.0,17,trọng_tài bị mù à
chết cười pha JJLeo hiến thân cho Rambo =))),0.0,44,chết cười pha jjleo hiến thân cho rambo = ) ) )
Ngu xuẩn nhất nhì là TT Mỹ (thơ trần đăng khoa),1.0,47,ngu_xuẩn nhất nhì là tt mỹ ( thơ trần đăng_khoa )
vàng sạch mà mỗi đại cao thủ bẩn th,1.0,35,vàng sạch mà mỗi đại_cao_thủ bẩn th
mong cho nó trút moẹ tro vào quần !,1.0,35,mong cho nó trút moẹ tro vào quần !
A vẫn chăm chỉ nayd a vẫn cố găng cho đến khi lỗ đít của a bị mọc đinh 🤧🤧 kiểu vừa đấm vừa xoa .. Rap fofun vc 🤣🤣🤣,1.0,114,a vẫn chăm_chỉ nayd a vẫn cố găng cho đến khi lỗ_đít của a bị mọc đinh 🤧 🤧 kiểu vừa đấm vừa xoa . . rap fofun vc 🤣 🤣 🤣
trung trần dần ? D: ?,0.0,21,trung trần dần ? d : ?
Ok Haha t chết t cũng k tha cho dòng họ m,2.0,41,ok haha t chết t cũng không tha cho dòng_họ m
"Phạm Long Vũ nào, anh k đc trêu idol của em",0.0,43,"phạm long vũ nào , anh không được trêu idol của em"
thì ông nói đi ai hỏi ông thế,0.0,29,thì ông nói đi ai hỏi ông thế
"Chửi hông lại tức quá ngủ hổng được,thức tới sáng luôn 😶",0.0,56,"chửi hông lại tức quá ngủ hổng được , thức tới sáng luôn 😶"
bắt đc 1 con đóm con,0.0,20,bắt được 1 con đóm con
"yêu mến Jack vì đã chịu nhiều tổn thương, ở lại mãi mãi với Jack, vẫn vững vàng như thế nhé. Thời gian sẽ trả lời tất cả, tôi đã hiểu rõ tất cả những gì đã xảy ra…nên vẫn mãi mãi ủng hộ Jack trong bất cứ hoàn cảnh nào! Đóm vẫn mãi bên M… Xem thêm",0.0,246,"yêu_mến jack vì đã chịu nhiều tổn_thương , ở lại mãi_mãi với jack , vẫn vững_vàng như thế nhé . thời_gian sẽ trả_lời tất_cả , tôi đã hiểu rõ tất_cả những gì đã xảy ra … nên vẫn mãi_mãi ủng_hộ jack trong bất_cứ hoàn_cảnh nào ! đóm vẫn mãi bên m … xem thêm"
Bọn đấy ngang với đa cấp đấy tàn mồm thầy cúng,2.0,46,bọn đấy ngang với đa_cấp đấy tàn mồm thầy_cúng
Loại này thì bắt được cho nó tàn phế suốt đời,2.0,45,loại này thì bắt được cho nó tàn_phế suốt đời
Dell hiểu kiểu j,1.0,16,dell hiểu kiểu gì
Rio Rio bỏ con ai dám vu khống đâu,0.0,34,rio rio bỏ con ai dám vu_khống đâu
Xin cái đb,1.0,10,xin cái đb
Úi tốt nghiệp còn không đỗ thì làm được gì các em ơiii😫😫😫,0.0,57,úi tốt_nghiệp còn không đỗ thì làm được gì các em ơiii 😫 😫 😫
Lên đi cái bạn ơiiii,0.0,20,lên đi cái bạn ơiiii
Game này đau tay:),0.0,18,game này đau tay : )
Câu xin con chim Bắt sai xong h xin lỗi à,1.0,41,câu xin con chim bắt sai xong h xin_lỗi à
Sr cái địt cụ mày,2.0,17,sr cái địt cụ mày
Óc trâu.chắc ngi ai cũng nhu minh,2.0,33,óc trâu . chắc ngi ai cũng nhu minh
Miện giống lôm trâu,2.0,19,miện giống lôm trâu
do pháp luật VN đó bn.l,0.0,23,do pháp_luật vn đó bn . l
HLV ccccccc,1.0,11,hlv ccccccc
"Chiếm đoạt tiền dân thôi. Giờ toàn thề thốt chơi chữ. ""tặng quà"" chứ không phải là hối lộ. Thằng cựu bộ trưởng đổ thằng thứ trưởng, thằng thứ trưởng đổ thằng bộ trưởng. Một lũ lãnh đạo mà thua thằng giang hồ ra tòa hay những người chân chính bị bắt vì ""chống phá chế độ""",1.0,270,"chiếm_đoạt tiền dân thôi . giờ toàn thề_thốt chơi_chữ . "" tặng quà "" chứ không phải là hối_lộ . thằng cựu bộ_trưởng đổ thằng thứ_trưởng , thằng thứ_trưởng đổ thằng bộ_trưởng . một lũ lãnh_đạo mà thua thằng giang_hồ ra tòa hay những người chân_chính bị bắt vì "" chống_phá chế_độ """
"cmt với bố m 3 lần sai chính tả cả 3 sủa cl, ""lỡ mồm""? Bao nhiêu câu rồi xong vẫn lên đây ""ôi anh yêu zeros của tao lỡ mồm"", m chắc cũng chỉ lỡ tay nên viết sai chính tả 3 lần thôi đúng k , lớn rồi viết cho nó đúng chứ chửi nhau viết … Xem thêm",1.0,244,"cmt với bố m 3 lần sai chính_tả cả 3 sủa cl , "" lỡ mồm "" ? bao_nhiêu câu rồi xong vẫn lên đây "" ôi anh yêu zeros của tao lỡ mồm "" , m chắc cũng chỉ lỡ tay nên viết sai chính_tả 3 lần thôi đúng không , lớn rồi viết cho nó đúng chứ chửi nhau viết … xem thêm"
ăn hành thua xong còn quay ra chửi ngược đồng đội cơ. Đù mé. Cay vl,1.0,67,ăn hành thua xong còn quay ra chửi ngược đồng_đội cơ . đù mé . cay_vl
Pham Minh phục lồn .,1.0,20,pham minh phục lồn .
 Why ông cụ nội m,2.0,17,why ông cụ nội m
Anh em nào ở khu vực tây ninh mà muốn vay tiền thì alo mình à 1tr ngày 5k thôi nhé😁,0.0,83,anh_em nào ở khu_vực tây ninh mà muốn vay tiền thì alo mình à 1tr ngày 5k thôi nhé 😁
30p rồi kêu chậm cái dmm,1.0,24,30p rồi kêu chậm cái dmm
"Trước khi nói nó ngu hãy xem lại bản thân mình , ko lên đc thách đấu hàn như nó thì mình ko nên sủa",1.0,99,"trước khi nói nó ngu hãy xem_lại bản_thân mình , không lên được thách đấu hàn như nó thì mình không nên sủa"
Đm thằng óc con chó,2.0,19,đm thằng óc con chó
"Eo ơi, nhận vơ của người khác bắt buộc người ta phải chấp nhận là của mình, không được nói năng gì luôn, tay nhấn live tóp tóp thì được trả lời tin nhắn không có tay",0.0,165,"eo ơi , nhận_vơ của người khác bắt_buộc người_ta phải chấp_nhận là của mình , không được nói_năng gì luôn , tay nhấn live tóp tóp thì được trả_lời tin nhắn không có tay"
Bích đú...,1.0,10,bích đú ...
"Anh chị nào mà bị lừa tiền qua mạng, Làm nhiệm vụ telegram, Shoppe... Các sàn điện tử không rút ra được. Muốn lấy lại nhắn tin cho mình. Mình chỉ cách thu hồi lại tiền bị lừa ( Trước mình cũng từng bị lừa nên mình chỉ muốn giúp người đồng cảnh ngộ, ai không thích có thể bỏ qua )",0.0,279,"anh_chị nào mà bị lừa tiền qua mạng , làm nhiệm_vụ telegram , shoppe ... các sàn điện_tử không rút ra được . muốn lấy lại nhắn_tin cho mình . mình chỉ cách thu_hồi lại tiền bị lừa ( trước mình cũng từng bị lừa nên mình chỉ muốn giúp người đồng cảnh_ngộ , ai không thích có_thể bỏ_qua )"
Rên như cặt v,1.0,13,rên như cặt v
Sory cái l mẹ m à,2.0,17,sory cái l mẹ m à
Như vậy thường xuyên,0.0,20,như_vậy thường_xuyên
Đồ tồi,2.0,6,đồ tồi
Ham zai cơ..zai lạ mà sấn đến gần nch để tay lên đầu xe,1.0,55,ham zai cơ . . zai lạ mà sấn đến gần nch để tay lên đầu xe
Thấy ông này ức chế thật,0.0,24,thấy ông này ức_chế thật
Ông có thấy nhục mỗi khi lãnh lương ko?,1.0,39,ông có thấy nhục mỗi khi lãnh lương ko ?
Bố thằng ngu.,2.0,13,bố thằng ngu .
Uh cần lồn gì phải lịch sự,1.0,26,uh cần lồn gì phải lịch_sự
Đich mẹ mày,2.0,11,đich mẹ mày
Đây là thất bại của CS chứ còn gì nữa,0.0,37,đây là thất_bại của cs chứ còn gì nữa
Thằng assmin nhãm shitt...đành rằng page này là CHỬI. Nhưng mày là assmin thì chỉ nên viết gợi ý thôi...để mem nó CHỬI...mày dành CHỬI kiểu đó thì chơi thế đéo nào...,2.0,166,thằng assmin nhãm shitt ... đành_rằng page này là chửi . nhưng mày là assmin thì chỉ nên viết gợi_ý thôi ... để mem nó chửi ... mày dành chửi kiểu đó thì chơi thế đéo nào ...
Phạm Văn Lộc idol viết sai kìa🙄😆,0.0,32,phạm văn lộc idol viết sai kìa 🙄 😆
Tiền chở xe công còn tử hình ở đó tiền nhà t nhìu lắm kkkk,0.0,58,tiền chở xe công còn tử_hình ở đó tiền nhà t nhìu lắm kkkk
Vp Trường 😪 em kiếm cơm thui anh ơi,0.0,35,vp trường 😪 em kiếm cơm thui anh ơi
người ta gọi là chó vàng chiến sĩ phải đi đánh giặc mi gọi thế còn đớp vơ vét của dân gọi là chó,2.0,96,người_ta gọi là chó vàng chiến_sĩ phải đi đánh giặc mi gọi thế còn đớp vơ_vét của dân gọi là chó
Ngu chưa,1.0,8,ngu chưa
"""Lên live nói linh tinh như ai kia"" nhưng cái thằng lên live nó tài giỏi hơn thằng bỏ con nào đấy đấy ạ,còn thằng bỏ con thì ra được bài nào bị tố đạo nhái bài đấy,đạo từ nước ta sang giới Kpop rồi đến giới Usuk.Nói chung là Rách mãi Rách",1.0,238,""" lên live nói linh_tinh như_ai kia "" nhưng cái thằng lên live nó tài_giỏi hơn thằng bỏ con nào đấy đấy ạ , còn thằng bỏ con thì ra được bài nào bị tố đạo nhái bài đấy , đạo từ nước ta sang giới kpop rồi đến giới usuk . nói_chung là rách mãi rách"
E chỉ có hàm răng ko đẹp có hỗ trợ ko a hjhj,0.0,44,e chỉ có hàm_răng không đẹp có hỗ_trợ không a hjhj
nhường cho còn ko ăn đc,0.0,23,nhường cho còn không ăn được
" đẹp hơn cả lò mày đấy, đi soi gương xem mặt m có giống cái lông l k ?? Chắc m chưa học hết lớp 10",2.0,98,"đẹp hơn cả lò mày đấy , đi soi gương xem_mặt m có giống cái lông l không ? ? chắc m chưa học hết lớp 10"
Mê trai giờ trách ai,1.0,20,mê trai giờ trách ai
"Oanh Võ đang nói Rách hả :))) nhân sinh, giá trị, thế giới quan cái nào nó sống cũng lệch lạc",1.0,93,"oanh võ đang nói rách hả : ) ) ) nhân sinh , giá_trị , thế_giới_quan cái nào nó sống cũng lệch_lạc"
"Nhìn mấy fan trẩu vào bênh hài vl, ng ta nghe k đc thì ngta nói k đc chứ ngta có chửi idol tụi m đâu mà xù lông lên, m bật nhạc jack lên cho ba mẹ tụi m ông bà m nghe đi, thử ba mẹ ông bà m có chê thì m có chửi ba mẹ m k",2.0,220,"nhìn mấy fan trẩu vào bênh hài vl , ng ta nghe không được thì ngta nói không được chứ ngta có chửi idol tụi m đâu mà xù lông lên , m bật nhạc jack lên cho ba mẹ tụi m ông_bà m nghe đi , thử ba mẹ ông_bà m có chê thì m có chửi ba mẹ m không"
miền tây chào anh e,0.0,19,miền tây chào anh e
M pk thầy ba giống con gà điểm nào k Thao Hoang,1.0,47,m pk thầy ba giống con gà điểm nào không thao hoang
tôi nói thật tôi đéo ông bao nhiêu tuổi đâu nhưng đường đường là stream nhiều người biết đến mà cái cách ông trả lời người ta là k đúng rồi nếu ông nhận trình ông giỏi trình ông hơn người ta thì việc gì phải đôi co làm Gì,1.0,221,tôi nói thật tôi đéo ông bao_nhiêu tuổi đâu nhưng đường_đường là stream nhiều người biết đến mà cái cách ông trả_lời người_ta là không đúng rồi nếu ông nhận trình ông giỏi trình ông hơn người_ta thì việc gì phải đôi_co làm gì
ThanhHuy Nguyen dơ vcl=))),1.0,26,thanhhuy nguyen dơ vcl = ) ) )
Clm :))))) Trí Xuân,1.0,19,clm : ) ) ) ) ) trí xuân
Xím chút thì còn 6 miếng đất😌,0.0,29,xím chút thì còn 6 miếng đất 😌
Ca nha oi co 1 ba khung bi tam than .kieu no di cau an cuc di......,2.0,67,ca nha_oi co 1 ba khung bi tam than . kieu no di_cau an cuc_di ... ...
lớp mấy rồi,0.0,11,lớp mấy rồi
" đuối lí rồi à =))), hoá ra trình độ nhận biết của b cũng chỉ đến nhiêu đấy thôi.",1.0,81,"đuối lí rồi à = ) ) ) , hoá_ra trình_độ nhận_biết của b cũng chỉ đến nhiêu đấy thôi ."
Tú said : cái lol j vậy abe,1.0,27,tú said : cái lol gì vậy abe
Dm thằng lol máy đi chết đi vn tao tha cho,2.0,42,dm thằng lol máy đi chết đi vn tao tha cho
Nghĩ đến chỉ muốn băm con chó đĩ ấy trận,2.0,40,nghĩ đến chỉ muốn băm con chó đĩ ấy trận
Có nhận cày đơn đôi lên thách đấu không ạ?,0.0,42,có nhận cày đơn đôi lên thách đấu không ạ ?
"PhoBolsaTV :bien me đi,phỏng vấn tao lao,may về phong van gia đình mày đi.nhin may nguoi gia ma con ko tha,phoBolSa rất sam",2.0,123,"phobolsatv : bien me đi , phỏng_vấn tao lao , may về phong van gia_đình mày đi . nhin may nguoi gia ma_con không tha , phobolsa rất sam"
Phạm Văn Lộc con đỉ mẹ mày tus nào cũng thấy liếm fame,2.0,54,phạm văn lộc con đỉ mẹ mày tus nào cũng thấy liếm fame
bú fame nhanh thế,0.0,17,bú fame nhanh_thế
thở câu nào thối câu đấy.ranh con,2.0,33,thở câu nào thối câu đấy . ranh_con
"May là đô khùng, ăn nói tục tiểu ko biết cái loại ca tụng máy là loại ko học thức",2.0,81,"may là đô khùng , ăn_nói_tục tiểu không biết cái loại ca_tụng máy là loại không học_thức"
Bà nội m,2.0,8,bà nội m
bảo đóm rác cay lại bu vào cắn,1.0,30,bảo đóm rác cay lại bu vào cắn
óc chó đit cụ mày,2.0,17,óc chó đit cụ mày
giàu mà ý thức như cái đầu cac :),1.0,33,giàu mà ý_thức như cái đầu cac : )
Mấy cho bắt cắt 2 lo tai nó,1.0,27,mấy cho bắt cắt 2 lo tai nó
"m nghĩ viruss ngán jack đó hả, t từng bênh J nhưng càng ngày quá giới hạn nên t đ bênh nỗi, m nghĩ sao hát live như c c rồi , đã thế còn đạo sĩ nữa :))) , chán đời jack , t kêu jack còn tôn trọng đó , hổ ko gầm mà tưởng hello kitty? gầm rồi … Xem thêm",1.0,251,"m nghĩ viruss ngán jack đó hả , t từng bênh gì nhưng càng ngày quá giới_hạn nên t đ bênh nỗi , m nghĩ sao hát live như c c rồi , đã thế còn đạo_sĩ nữa : ) ) ) , chán đời jack , t kêu jack còn tôn_trọng đó , hổ không gầm mà tưởng hello kitty ? gầm rồi … xem thêm"
Tặng anh em FA nhé,0.0,18,tặng anh_em fa nhé
xin lỗi cái đm,1.0,14,xin_lỗi cái đm
Mặt cặc zeros,2.0,13,mặt cặc zeros
No mung vi no su sai nhung van co nguoi bi ngoi tu vi ngu,1.0,57,no mung vi no su sai nhung van co nguoi bi ngoi tu vi ngu
Gật đánh chết là đúng rồi,1.0,31,gật đánh chết là đúng rồi
Ae đúng là hảo hán,0.0,18,anh_em đúng là hảo hán
Bà này xạo khổ mà cú nói giàu,1.0,29,bà này xạo khổ mà cú nói giàu
nói ra là biết ngu r,1.0,20,nói ra là biết ngu r
"bồi thường 5 triệu và bắt rách hôn con mình, ráck có đồng ý hông nè",1.0,67,"bồi_thường 5 triệu và bắt rách hôn con mình , ráck có đồng_ý hông nè"
"Cố lên ông ơi,,,mặc kệ người ta nói gì",0.0,38,"cố lên ông ơi , , , mặc_kệ người_ta nói_gì"
Cầm thú,2.0,7,cầm_thú
Mắc cười nhưng ủng hộ :),0.0,24,mắc cười nhưng ủng_hộ : )
Từ chức đi là vừa . Đéo biết chọn người,1.0,39,từ_chức đi là vừa . đéo biết chọn người
Đeo hieu kieu gi,1.0,16,đeo hieu kieu gi
Lmcs,1.0,4,lmcs
Phá nát bóng đá vn,0.0,18,phá nát bóng_đá vn
Thái sơn và đức phú out,0.0,23,thái sơn và đức phú_out
"Mình thì mới lên được kc 4 đánh sợ chúng nó kéo về lục bảo 1 thì phải làm sao , mình main Đấng nhé",0.0,98,"mình thì mới lên được kc 4 đánh sợ chúng_nó kéo về lục bảo 1 thì phải làm_sao , mình main đấng nhé"
chúng nó tap kìa:v,1.0,18,chúng_nó tap kìa : v
:)))) sủa gi dị chó. sủa đổng ai nghe. vả cho lệch mồm giờ.kkkk cay chưa,2.0,72,: ) ) ) ) sủa gi dị chó . sủa đổng ai nghe . vả cho lệch mồm giờ . kkkk cay chưa
Đem ra bắn ngay cái thể loại ấy,1.0,31,đem ra bắn ngay cái thể_loại ấy
"Hoàng Công Hiếu lỗi thì chưa chắc nhưng đa số sống như lol, đa số thôi",1.0,70,"hoàng công hiếu lỗi thì chưa chắc nhưng đa_số sống như lol , đa_số thôi"
Như lồn,1.0,7,như lồn
Xin lỗi cmm,2.0,11,xin_lỗi cmm
con người không làm mà đi làm thứ côn trùng ve chó phát sáng v?,1.0,63,con_người không làm mà đi làm thứ côn_trùng ve chó phát sáng v ?
Ngoc Anh Tran mất tết 😞,0.0,23,ngoc anh tran mất tết 😞
ông ngu chứ cay gì xD,1.0,21,ông ngu chứ cay gì xd
thầy có nhận học sinh cá biệt hông thầy :))),0.0,44,thầy có nhận học_sinh cá_biệt hông thầy : ) ) )
"alloc(init,512, GetTickCount)",0.0,29,"alloc ( init , 512 , gettickcount )"
Anh Lân phỏng vấn với bác nào đối đầu mạnh xem mới nhiều ý kiến hay.,0.0,68,anh lân phỏng_vấn với bác nào đối_đầu mạnh xem mới nhiều ý_kiến hay .
ship a 10 hộp ra bắc ninh nào,0.0,29,ship a 10 hộp ra bắc ninh nào
Bò đỏ nó yêu thương bố tàu còn không hết mà ghét gì chớ,2.0,55,bò đỏ nó yêu_thương bố tàu còn không hết mà ghét gì chớ
Cặp vợ chồng làm chim mồi ăn cướp của người ta thằng này bắt được đập đầu nó chứ không có để sống được nhìn bảng số xe tìm tới nơi nó luôn mấy thằng như vậy đập què tay chân hết luôn cũng tội cho cô gái nghèo đi bán xôi còn bị mất chiếc xe,2.0,239,cặp vợ_chồng làm chim_mồi ăn_cướp của người_ta thằng này bắt được đập đầu nó chứ không có để sống được nhìn bảng_số xe tìm tới nơi nó luôn mấy thằng như vậy đập què tay_chân hết luôn cũng tội cho cô gái nghèo đi bán xôi còn bị mất chiếc xe
Tao đéo nhất mà tao xác định hơn mày là không chửi con gái người ta giỏi thì tao vs mày chửi mạc nhân cách,1.0,106,tao đéo nhất mà tao xác_định hơn mày là không chửi con_gái người_ta giỏi thì tao với mày chửi mạc nhân_cách
Đồng bọn nó,0.0,11,đồng_bọn nó
"Xe để vệ đường mà ko khoá càng, nể luôn",0.0,39,"xe để vệ đường mà không khoá càng , nể luôn"
ngu vãi lồn,1.0,11,ngu vãi lồn
"Cái gian hàng trong tổ hợp nhà ga chứ đéo phải cả nhà ga nhá :v ngu vừa thôi,ngu hết cả phần thiên hạ",1.0,101,"cái gian_hàng trong tổ_hợp nhà_ga chứ đéo phải cả nhà_ga nhá : v ngu vừa thôi , ngu hết cả phần thiên_hạ"
"Chẳng qua dân mình ngu dốt, học luật giao thông thì bố thằng nào làm bậy dm",2.0,75,"chẳng_qua dân mình ngu_dốt , học luật giao_thông thì bố thằng nào làm bậy dm"
Bỡi vậy mình bán 1 mình thì mình nên cảnh giác,0.0,46,bỡi vậy mình bán 1 mình thì mình nên cảnh_giác
Bộ trưởng quốc phòng hèn nhất LS VN,1.0,35,bộ_trưởng quốc_phòng hèn nhất ls vn
thế mày nghĩ nó quan tâm đến việc mày vội hay ko vội à. ngu v k l :v,1.0,68,thế mày nghĩ nó quan_tâm đến việc mày vội hay không vội à . ngu v không l : v
"Cút khỏi Việt Nam ngay. Mày bớt phá nền BĐVN dùm t cái. Mày mà HLV gì, mày là kẻ phá hoại",2.0,89,"cút khỏi việt_nam ngay . mày bớt phá nền bđvn dùm t cái . mày mà hlv gì , mày là kẻ phá_hoại"
cmt như bị đao:)),1.0,17,cmt như bị đao : ) )
chị ăn gì xạo lồn chó vậy chị 3. đụ mẹ chị 3 chó hoang,2.0,54,chị ăn gì xạo lồn chó vậy chị 3 . đụ_mẹ chị 3 chó hoang
Clm game nhập vai :)))),0.0,23,clm game nhập_vai : ) ) ) )
"Hờ Mee VN mình không giống tụi tư bản đâu mà lo bạn ơi, mấy vụ này vào tù là hết hổ báo liền",0.0,92,"hờ mee vn mình không giống tụi tư_bản đâu mà lo bạn ơi , mấy vụ này vào tù là hết hổ báo liền"
T đang xem cc gi thế này,1.0,24,t đang xem cc gi thế này
T mà ở đó,0.0,9,t mà ở đó
kiểu cha nào con nấy rồi,0.0,24,kiểu cha nào con nấy rồi
cày thuê bk sủa nhưu thật,1.0,25,cày thuê bk sủa nhưu thật
Đúng là pro player game lol ngang trình ma vương r a,0.0,52,đúng là pro player game lol ngang trình ma_vương r a
Tổ cụ bọn khốn nạn của xã hội bọn này sẽ bị đập nát ng,2.0,54,tổ_cụ bọn khốn_nạn của xã_hội bọn này sẽ bị đập nát ng
ace nào mún có đầu tóc ưng ý chơi tết thì cứ lh em nha,0.0,54,ace nào mún có đầu tóc ưng_ý chơi tết thì cứ lh em nha
"đúng rồi cũng chỉ là 1 con vi rút ko bao giờ , đạo nhạc thôi mà",1.0,63,"đúng rồi cũng chỉ là 1 con vi rút không bao_giờ , đạo nhạc thôi mà"
Trịnh Kiệt Minh hình ảnh t ở đâu đây,0.0,36,trịnh kiệt minh hình_ảnh t ở đâu_đây
ghét nhất bọn nhà báo giật tít.,2.0,31,ghét nhất bọn nhà_báo giật tít .
Kịch bản củ xì nhưng rất hiệu quả đối với bọn bất lương.,2.0,56,kịch_bản củ xì nhưng rất hiệu_quả đối_với bọn bất_lương .
I love u pặc pặc 😘,0.0,18,i love u pặc pặc 😘
Thế e thích làm phù thuỷ r bạn nam phải làm s đây a nhỉ😆,0.0,56,thế e thích làm phù_thuỷ r bạn nam phải làm s đây a nhỉ 😆
Ông hé,0.0,6,ông hé
Mấy đứa này gây nhiều tội ác sau này về già bị bệnh tật hoặc ko sinh con được lúc đó mọi người lại bảo tội nghiệp,1.0,113,mấy đứa này gây nhiều tội_ác sau_này về già bị bệnh_tật hoặc không sinh con được lúc đó mọi người lại bảo tội_nghiệp
Đáng sợ:))) thả tim cho abe❤️,0.0,29,đáng sợ : ) ) ) thả tim cho abe ❤ ️
Nhà mày thì kinh rồi,1.0,20,nhà mày thì kinh rồi
chẳng phải thiên đường người ta di chuyển bằng cách cưỡi mây hay sao ? lẽ ra họ chỉ xây cầu bằng xốp thôi.... nhưng vì lương tâm của người kongsan nên họ cho vào thêm bê tông và ít cốt thép đấy ! bà con ở thiên đường cứ học cái tính càm ràm vớ vẫn của bọn giãy chết !,1.0,267,chẳng phải thiên_đường người_ta di_chuyển bằng cách cưỡi mây hay sao ? lẽ_ra họ chỉ xây cầu bằng xốp thôi ... . nhưng vì lương_tâm của người kongsan nên họ cho vào thêm bê_tông và ít cốt thép đấy ! bà_con ở thiên_đường cứ học cái tính càm ràm vớ vẫn của bọn giãy_chết !
con ruồi đít phát sáng,2.0,22,con ruồi đít phát sáng
Mã cha nhà mày mắt để sau gáy hả???????,1.0,39,mã cha nhà mày mắt để sau gáy hả ? ? ? ? ? ? ?
Chậm cái đcm chúng m à nhai mãi đéo chán à,2.0,42,chậm cái đcm chúng m à nhai mãi đéo chán à
Rên như kiểu bị địt toác lồn vậy,2.0,32,rên như kiểu bị địt toác lồn_vậy
"có cái nịt, xăng còn chẳng còn",0.0,30,"có cái nịt , xăng còn chẳng còn"
"Trắng biến thành đen , có biến thành ko , ko biến thành có họ còn làm được chứ trắng biến thành xanh là chuyện nhỏ",1.0,114,"trắng biến thành đen , có biến thành không , không biến thành có họ còn làm được chứ trắng biến thành xanh là chuyện nhỏ"
ĐM TOÀN KHOE NG NÀY CÓ CỦA NG KIA CÓ NHÀ MÀ MÌNH ĐÉO CÓ CON MẸ J,1.0,64,đm toàn khoe ng này có của ng kia có nhà mà mình đéo có con_mẹ gì
trọng tài như cc,2.0,16,trọng_tài như cc
Như thằng điên,2.0,14,như thằng điên
Điệp Thương buồi a mày,2.0,22,điệp thương buồi a mày
"Ủa, là không đc chu0j hay sao ạ :3",0.0,34,"ủa , là không được chu0j hay sao ạ : 3"
có cái nịt rách,1.0,15,có cái nịt rách
Chả hiểu cái mẹ gì luôn,1.0,23,chả hiểu cái mẹ gì luôn
Đánh như con cặc,2.0,16,đánh như con cặc
 chết chưa mai chủ nhật nó dí một cái hé thôi rồi,0.0,49,chết_chưa mai chủ_nhật nó dí một cái hé thôi rồi
Nói chuyện zô zăn hóa là mày coy ckung` tao bắn chết đó nhe mày =))),1.0,68,nói_chuyện zô zăn_hóa là mày coy ckung ` tao bắn chết đó nhe mày = ) ) )
Nguyễn Thịnh 6 múi luôn kìa,0.0,27,nguyễn thịnh 6 múi luôn kìa
Đcm,1.0,3,đcm
gắt để cúng giỗ đầu cho ô bà già m chứ. Thg cha con mẹ đang hấp hối thoi thoi của mày đâu r xúc vật ơi. Đéo lo chôn cha mẹ m đi mà đi cắn bậy cho thg tiểu nhân Viruss nhiều thế con chó,2.0,184,gắt để cúng_giỗ_đầu cho ô bà_già m chứ . thg cha con_mẹ đang hấp_hối thoi thoi của mày đâu r xúc vật ơi . đéo lo chôn cha_mẹ m đi mà đi cắn bậy cho thg tiểu_nhân viruss nhiều thế con chó
"suy nghĩ trước khi nói, nói chuyện lấp lửng? Thường nó chỉ đăng duy nhất một bài và bài đó đủ để nêu hết ý rồi lấp lửng cái gì? Chả lẽ 1 ngày đăng cả trăm bài để giải thích rõ từng chi tiết nhỏ của câu chuyện à? Lấy luật sư ra hù thiên hạ? Đụ… Xem thêm",0.0,252,"suy_nghĩ trước khi nói , nói_chuyện lấp_lửng ? thường nó chỉ đăng duy_nhất một bài và bài đó đủ để nêu hết_ý rồi lấp_lửng cái gì ? chả lẽ 1 ngày đăng cả trăm bài để giải_thích rõ từng chi_tiết nhỏ của câu_chuyện à ? lấy luật_sư ra hù thiên_hạ ? đụ … xem thêm"
Ta nói Việt Nam mà có luật chặt bỏ tứ chi của máy thằng này thì làm gì có chộm cướp,1.0,83,ta nói việt_nam mà có luật chặt bỏ tứ_chi của máy thằng này thì làm gì có chộm cướp
Thằng chó có tự trọng thì cút về nc mày đi thằng chó,2.0,52,thằng chó có tự_trọng thì cút về nc mày đi thằng chó
Lại khịa rồi anh ơi :)))),0.0,25,lại khịa rồi anh ơi : ) ) ) )
Đcmm đi chết đi:)),2.0,18,đcmm đi chết đi : ) )
Hoàng Anh Đỗ đây nè,0.0,19,hoàng_anh đỗ đây nè
K thấy tội chỗ nào mê trai đào thai mới hết,0.0,43,không thấy tội chỗ nào mê trai đào thai mới hết
Maruko Linh,0.0,11,maruko linh
Mày muốn mất acc à,1.0,18,mày muốn mất acc à
Cai miệng ba nay chua hêt nghiệp lai tao nghiệp nua roi.phu ni gì ma tho tức miệng co doi ma thui nua,1.0,101,cai miệng ba nay chua hêt nghiệp lai tao nghiệp nua roi . phu ni gì ma_tho tức miệng co doi ma thui nua
Thời của khó khăn loạn lạc,0.0,26,thời của khó_khăn loạn_lạc
anh có nhận cày thuê từ bạck kim xuống bạc không a . thấy mọi người bảo a làm việc này dễ :)),0.0,93,anh có nhận cày thuê từ bạck kim xuống bạc không a . thấy mọi người bảo a làm_việc này dễ : ) )
Cút cmm đê,2.0,10,cút cmm đê
Địt con mịe mày lm ăn kiểu thế còn xin lỗi cái đéo j nữa,2.0,56,địt con mịe mày lm ăn kiểu thế còn xin_lỗi cái đéo gì nữa
Dễ thương và duyên quá Cô ơi. Love Cô.,0.0,38,dễ_thương và duyên quá cô ơi . love cô .
"Nó đánh ngta xong bảo nhà ko thiếu tiền, thằng khốn này phải xử nó nặng b ơi",2.0,76,"nó đánh ngta xong bảo nhà không thiếu tiền , thằng khốn này phải xử nó nặng b ơi"
Vc dct đánh rank bk toàn âm mạng ??? Sợ thật,0.0,44,vc dct đánh rank bk toàn âm mạng ? ? ? sợ thật
"tự dưng thành fan jack lúc nào k hay, tao fan jack... Jack Sparrow",0.0,66,"tự_dưng thành fan jack lúc_nào không hay , tao fan jack ... jack sparrow"
Cảm ơn cc,1.0,9,cảm_ơn cc
đmm,1.0,3,đmm
Ngọc Duyên tyler1 phiên bản suy dinh dưỡng,0.0,42,ngọc duyên tyler1 phiên_bản suy dinh_dưỡng
Ra đường nhớ cằm theo não,1.0,25,ra đường nhớ cằm theo não
dick,1.0,4,dick
cai cc,1.0,6,cai cc
Người Mê Viết Nói hồi lòi nết kì thị vùng miền liền,0.0,51,người mê viết nói hồi lòi nết kì_thị vùng miền liền
nhìn thằng cha nó là biết nhà nó toàn lũ mất dạy rồi mà với cái tn này thì có thằng cha của thằng cha nó đội mồ dậy cũng k cứu đc 3 cha con nhà nó,2.0,146,nhìn thằng_cha nó là biết nhà nó toàn lũ mất_dạy rồi mà với cái tn này thì có thằng_cha của thằng_cha nó đội mồ dậy cũng không cứu được 3 cha con nhà nó
Da thị ba,0.0,9,da thị ba
Công an bớt tập trung thổi cồn để giành thời gian đó bắt mấy thằng này thì dân đỡ khổ,0.0,85,công_an bớt tập_trung thổi cồn để giành thời_gian đó bắt mấy thằng này thì dân đỡ khổ
T đang nhìn clgv 🙂,1.0,18,t đang nhìn clgv 🙂
Giàu mà sao não để ở đâu vậy Đức Ngọc,2.0,37,giàu mà sao não để ở đâu vậy đức ngọc
"Bọn chó sư khởi nghiệp này, chúng lợi dụng sự thiếu hiểu biết và tư duy kém cỏi của tầng lớp lao động phổ thông, kém tri thức để trục lợi",2.0,137,"bọn chó sư khởi_nghiệp này , chúng lợi_dụng sự thiếu hiểu_biết và tư_duy kém_cỏi của tầng_lớp lao_động phổ_thông , kém tri_thức để trục_lợi"
Coi hả hê vc,0.0,12,coi hả_hê vc
cái chính quyền như cái lờ,1.0,26,cái chính_quyền như cái lờ
Lí do luật nên gắn thêm biển ở trước xe máy,0.0,43,lí_do luật nên gắn thêm biển ở trước xe_máy
Kêu bà phương hằng phốt,0.0,23,kêu bà phương hằng phốt
mong cho nó trút moẹ tro vào quần !,1.0,35,mong cho nó trút moẹ tro vào quần !
"Thà im đéo nói thì hơn,đ phải fan hay anti nhưng đm cái trình kc bẩn thì nên bỏ cái tôi xuống thì với tiến bộ dc Ăn nói kiểu bô kích",1.0,132,"thà im đéo nói thì hơn , đ phải fan hay anti nhưng đm cái trình kc bẩn thì nên bỏ cái tôi xuống thì với tiến_bộ được ăn_nói kiểu bô_kích"
may cut ve phap di troussier a thang boc phet mom dieu..,2.0,56,may cut ve_phap di_troussier a thang boc phet mom dieu . .
ê để t xem kiện xong ai mới là người phải bồi thường nhé nhỏ tam quan lệch lạc,0.0,78,ê để t xem kiện xong ai mới là người phải bồi_thường nhé nhỏ tam_quan lệch_lạc
Trọng tài bt tiếng Việt Nam hả chia sẽ review phim tiếng Việt,0.0,61,trọng_tài bình_thường tiếng việt nam hả chia sẽ review phim tiếng việt
Nếu bác về Việt Nam tôi sẽ rất vui,0.0,34,nếu bác về việt nam tôi sẽ rất vui
Nhin mat con mu nay giong lu tau khua,2.0,37,nhin mat con mu nay giong lu tau khua
"Trọng tài như mày thì nghỉ con mẹ mày đi cho bóng đá Đông Nam Á còn có cơ hội phát triển, thằng trọng tài ngu xuẩn dốt nát",2.0,122,"trọng_tài như mày thì nghỉ con_mẹ mày đi cho bóng_đá đông nam á còn có cơ_hội phát_triển , thằng trọng_tài ngu_xuẩn dốt_nát"
Xin cái đéo j,1.0,13,xin cái đéo gì
Mẹ mày bắc xong đi xin lỗi,2.0,26,mẹ mày bắc xong đi xin_lỗi
Fake mà mn chửi chi mất công,0.0,28,fake mà mọi người chửi chi mất_công
Tài khoản fake,0.0,14,tài_khoản fake
Thầy lol chúc chỉ có rớt,1.0,24,thầy lol chúc chỉ có rớt
Tin nhắn đến vậy mà báo thì bảo là gia đình hiền lắm,0.0,52,tin nhắn đến vậy_mà báo thì bảo là gia_đình hiền lắm
Thôi mọi người đừng nói chú ấy nữa,0.0,34,thôi mọi người đừng nói chú ấy nữa
Già rồi cút đi,1.0,14,già rồi cút đi
Này mới đúng nè https://www.facebook.com/iigiz3,0.0,47,này mới đúng nè
Fan cô Minh hiếu đâu taaaa ❤️,0.0,29,fan cô minh hiếu đâu taaaa ❤ ️
Lời xin lỗi muộn màng Ông trọng tài như cứt,2.0,43,lời xin_lỗi muộn_màng ông trọng_tài như cứt
Lại một thằng óc tôm.,2.0,21,lại một thằng óc tôm .
Sống chậm thôi các bạn :)),0.0,26,sống chậm thôi các bạn : ) )
Trần Dần nói tro sướng cái lỗ mồm .hắn này về VN .thì phải tro ngay vào thường tín hà tây,1.0,89,trần dần nói tro sướng cái lỗ mồm . hắn này về vn . thì phải tro ngay vào thường tín hà_tây
Tôi là xin vĩnh biệt cụ,0.0,23,tôi là xin vĩnh_biệt_cụ
Yess,0.0,4,yess
1 đời liêm khiết cho K-ICM,0.0,26,1 đời liêm_khiết cho k - icm
Và đây là a độ trông con khi chị trang đi vắng🤣🤣🤣,0.0,49,và đây là a độ trông con khi chị trang đi vắng 🤣 🤣 🤣
"Quá mất dạy . Đồng bọn với con Bò Thái Ngọc Nhiên ở An Giang  . Lũ Cầu Cá Móng Phèn vô học mất dạy lại tham tiền vô đối bất chấp sĩ diện ( vô chổ làm Hộ Chiếu thấy rất nhiều chị em cá gô bỏ trong gổ chuẩn bị xuất ngoại qua ..Sing , Mã làm diệc j chắc ai cũng biết ngoài bọn như con Linh Lờ qua Hàn , Đài chống lầy kiếm lúa",2.0,323,"quá mất_dạy . đồng_bọn với con bò thái ngọc nhiên ở an_giang . lũ cầu cá móng phèn vô_học mất_dạy lại tham tiền vô đối bất_chấp sĩ_diện ( vô chổ làm hộ_chiếu thấy rất nhiều chị_em cá gô bỏ trong gổ chuẩn_bị xuất_ngoại qua . . sing , mã làm diệc gì chắc ai cũng biết ngoài bọn như con linh lờ qua hàn , đài chống lầy kiếm lúa"
Nguyễn Bá Quang vào xem cmt ko vui như trk đkm cno óc chó vl,2.0,60,nguyễn bá quang vào xem cmt không vui như trk đkm cno óc chó vl
Toàn bọn vô công rồi nghề ngồi sủa ăn lương tháng chứ vinh quang gì? Bản thân hiểu rõ hơn ai hết nhưng vì đồng tiền bát gạo nên vẫn cứ đi cắn sủa vậy đó. Tôi chỉ quan tâm sự thật chứ mấy loại này riết chán chẳng thèm phản biện 😩,2.0,228,toàn bọn vô công rồi nghề ngồi sủa ăn lương tháng chứ vinh_quang gì ? bản_thân hiểu rõ hơn ai hết nhưng vì đồng_tiền bát gạo nên vẫn cứ đi cắn sủa vậy đó . tôi chỉ quan_tâm_sự_thật chứ mấy loại này riết chán chẳng thèm phản_biện 😩
xa Thải huấn luyện viên nhanh còn kịp.. chưa bao giờ bóng đá Việt Nam đá tệ như vậy,1.0,83,xa thải huấn_luyện_viên nhanh còn kịp . . chưa bao_giờ bóng_đá việt nam đá tệ như_vậy
thằng lồn này chỉ biết tham Mu chứ biết cc gì,2.0,45,thằng lồn này chỉ biết tham mu chứ biết cc gì
óc chó,1.0,6,óc chó
Xờ lờ quá,1.0,9,xờ lờ quá
Deo vang bong khg vay me bong bu cat cho,2.0,40,deo vang bong khg vay me bong bu cat cho
Con chó nó cũng thấy nghi ngờ đến ngửi rồi,0.0,42,con chó nó cũng thấy nghi_ngờ đến ngửi rồi
Xạo lol hk có j vui chúg ta hk nên xạo lol,1.0,42,xạo lol hk có gì vui chúg ta hk nên xạo lol
Xin lỗi cc xin lỗi làm cho anh tôi ko bị thương à giờ tao đấm vào mặt ông tao kêu xl là ok chứ j,1.0,96,xin_lỗi cc xin_lỗi làm cho anh tôi không bị_thương à giờ tao đấm vào mặt ông tao kêu xl là ok chứ gì
Đoàn Trung Hiếu vãi loinmm,2.0,26,đoàn trung hiếu vãi loinmm
ủa bạn dữ chưa t nhớ thằng quyền nó nói là nó dùng 3m để m làm mà như thuê thôi bạn bè gì?,0.0,90,ủa bạn dữ chưa t nhớ thằng quyền nó nói là nó dùng 3m để m làm mà như thuê thôi bạn_bè gì ?
"Tết đến lương về mua xu may mắn lì xì, tặng quà tết bạn bè người thân mọi người eii",0.0,83,"tết đến lương về mua xu may_mắn lì_xì , tặng quà tết bạn_bè người_thân mọi người eii"
Mày chỉ là con cờ hó oách sờ lách làm gì câu view ah vũ khác tiệp,2.0,65,mày chỉ là con cờ hó oách sờ lách làm gì câu view ah vũ khác tiệp
Súc vat,1.0,7,súc vat
Quan va. Dan nhu nhau phai ton trong phap luat. Khong thuen vi mot ai?,0.0,70,quan va . dan nhu nhau phai ton trong phap luat . khong thuen vi mot ai ?
Trọng tài fake ae chửi làm j tốn nước miếng,0.0,43,trọng_tài fake anh_em chửi làm gì tốn nước_miếng
đi học mà xâm hình Thầy lol,1.0,27,đi học mà xâm hình thầy lol
Bọn trộm cắp này lấy không từ ai cả,1.0,35,bọn trộm_cắp này lấy không từ ai cả
Fb Pha-ke mấy cha ưi...,0.0,23,fb pha - ke mấy cha ưi ...
mày thì gái có l*n là mê à,2.0,26,mày thì gái có l * n là mê à
Sion live action Phú Vinh,0.0,25,sion live action phú vinh
Ngu mực,1.0,7,ngu mực
"đéo làm được con cặc gì ngồi múa phím suy diễn đm tụi bây , làm được cái gì như người ta rồi hãy nói loại ghen ăn tức ở",2.0,119,"đéo làm được con cặc gì ngồi múa phím suy_diễn đm tụi bây , làm được cái gì như người_ta rồi hãy nói loại ghen ăn tức ở"
Nói sao khi bị người dân bắt được đánh đến chết,1.0,47,nói sao khi bị người dân bắt được đánh đến chết
Xin lỗi cái đmm à,2.0,17,xin_lỗi cái đmm à
bú muốn cạn tinh lực con chim thằng em kata chơi chung luôn mà :)),2.0,66,bú muốn cạn tinh_lực con chim thằng em kata chơi chung luôn mà : ) )
như th dở cáu cũng phải lí chứ nhỉ . Tự mình chiêu ngu sau sủa như 1 con chó ngu,2.0,91,như th dở_cáu cũng phải lí chứ nhỉ . tự mình chiêu ngu sau sủa như 1 con chó ngu
Top mạnh nhất là top 2 người :)),0.0,32,top mạnh nhất là top 2 người : ) )
Địt mẹ tổ cái thằng súc vật óc chó,2.0,34,địt_mẹ tổ cái thằng súc_vật óc chó
Con quỷ ngọc hiếu.. Cái thứ ngu ngục tù.. Đou mẹ nó bị con minh hiếu chửi sắp mặt lozz.. giờ lại áp phe với con minh hiếu...ko biết sĩ diện...,2.0,142,con quỷ ngọc hiếu . . cái thứ ngu ngục_tù . . đou mẹ nó bị con minh hiếu chửi sắp mặt lozz . . giờ lại áp_phe với con minh hiếu ... ko biết sĩ_diện ...
Ok Haha Thằng Kid này sủa hay,1.0,29,ok haha thằng kid này sủa hay
Thôi đi con đi cho nieu mày giao quá mà làm thấy mộ noi đo đi,2.0,61,thôi đi con đi cho nieu mày giao quá mà làm thấy mộ noi đo đi
Em thấy cũng ổn mà nhỉ 🙄,0.0,24,em thấy cũng ổn mà nhỉ 🙄
https://www.facebook.com/iigiz3 Đây mới là acc thật Mn ơi:),0.0,59,đây mới là acc thật mọi người ơi : )
Dan ông toi một lũ cho chết,2.0,27,dan ông toi một lũ cho chết
:)))) cứ dùng kiểu content bẩn này mà hút tương tác đi. Đúng là 30 tuổi đầu có lớn đ có khôn anh zai nhỉ,1.0,104,: ) ) ) ) cứ dùng kiểu content bẩn này mà hút tương_tác đi . đúng là 30 tuổi_đầu có lớn đ có khôn anh zai nhỉ
"coi như xong các cầu thủ không nên vui mừng quá sớm không khéo lại xôi hỏng bỏng không (lũ chúng nó tiền của nạn nhân chất độc da cam,trẻ em tàn tật,đồng bào lũ lụt,tiền trợ cấp xh",1.0,180,"coi như xong các cầu_thủ không nên vui_mừng quá sớm không_khéo lại xôi hỏng bỏng không ( lũ chúng_nó tiền của nạn_nhân chất_độc da_cam , trẻ_em tàn_tật , đồng_bào lũ_lụt , tiền trợ_cấp xh"
thử con nhung lây cho m thử .m k chử nó đi .đạo đức giả,1.0,55,thử con nhung lây cho m thử . m không chử nó đi . đạo_đức giả
":)) đi khám mắt đi ạ , tôi mắt cận nhưng nhìn còn rõ hơn ai kia",0.0,63,": ) ) đi khám mắt đi ạ , tôi mắt cận nhưng nhìn còn rõ hơn ai kia"
truyền thống văn hóa tốt đẹp từ thời hòn dái viễn đông nhé :v,1.0,61,truyền_thống văn_hóa tốt_đẹp từ thời hòn_dái viễn đông nhé : v
Thảo mai quá nó ố dè nghe bực luô,0.0,33,thảo mai quá nó ố dè nghe bực luô
Đào Hồng Hạnh xin lỗi cc,1.0,24,đào hồng hạnh xin_lỗi cc
Thằng này trận nào cũng bảo quết Thắng với 3 điểm mà chẳng làm được,1.0,67,thằng này trận nào cũng bảo quết thắng với 3 điểm mà chẳng làm được
kay vờ lờ.,1.0,10,kay vờ lờ .
Các man sống chậm tý nào,0.0,24,các man sống chậm tý nào
Luv,0.0,3,luv
"Ngay cả việc cứu dân vùng lũ mà chính tay bọn cầm đầu ở trên thủy điện gây ra mà chúng cũng ko làm được rồi lại đi ganh ghét với những người như PA vì đã giúp được dân và dân ủng hộ,nếu như ở mấy nước đa đảng thì nó lật cái bọn chóp bu này lâu rồi,ăn ở ko rồi lại địt thúi",1.0,272,"ngay cả việc cứu dân vùng lũ mà chính tay bọn cầm_đầu ở trên thủy_điện gây ra mà chúng cũng không làm được rồi lại đi ganh_ghét với những người như pa vì đã giúp được dân và dân ủng_hộ , nếu_như ở mấy nước đa đảng thì nó lật cái bọn chóp_bu này lâu rồi , ăn ở không rồi lại địt thúi"
Phan Linh đb ct có lm j đâu ? Mà ss chán,1.0,40,phan linh đb ct có lm gì đâu ? mà ss chán
Đ c m bắt láo giờ xl tấu hài à,1.0,30,đ c m bắt láo giờ xl tấu hài à
Con đỷ mẹ mày con chó,2.0,21,con đỷ mẹ mày con chó
Noi Tum lai hai thang đều ngu,2.0,30,noi tum lai hai thang đều ngu
Chó,1.0,3,chó
Hình như đây là acc giả các bạn ạ :)),0.0,37,hình_như đây là acc giả các bạn ạ : ) )
Mày về mẹ Pháp đi đỡ nhớp mắt bóng đá Việt nam đi xuống tại Mày,1.0,63,mày về mẹ pháp đi đỡ nhớp mắt bóng_đá việt nam đi xuống tại mày
May thang loz nay .méo song tho dau .cha me tui no ganh cong lung,2.0,65,may thang loz nay . méo song tho dau . cha me tui no ganh cong lung
Được thực sự,0.0,12,được thực_sự
Từ nay anh em ko được gọi bà gà nữa nhé kêu ba pro nhé =)),0.0,58,từ nay anh_em không được gọi bà gà nữa nhé kêu ba pro nhé = ) )
that la vl,0.0,10,that la vl
Địt mẹ chó,2.0,10,địt_mẹ chó
vcl mấy thằng liệt não =)),2.0,26,vcl mấy thằng liệt não = ) )
Dương đông kích tây,0.0,19,dương đông_kích tây
Chúc cô à lộn thầy Ba 20/10 vui vẻ :v,0.0,37,chúc cô à lộn thầy ba 20 / 10 vui_vẻ : v
Xem video này mà thương con nhiều lắm,0.0,37,xem video này mà thương con nhiều lắm
Cái dm dm dm,2.0,12,cái dm dm dm
"Luật Nhân Quyền của Mỹ dành cho HonhKong thật sự rất GOOD. Lũ hắc cảnh đã rón dái hết rồi các Bác ạ, làm chó săn cũng để kiếm tiền đi sứ giãy chết, mà giờ bị áp chế thế này thì làm chó chi cho người ta chửi nữa chứ 😷😷😷",1.0,218,"luật nhân_quyền của mỹ dành cho honhkong thật_sự rất good . lũ hắc cảnh đã rón dái hết rồi các bác ạ , làm chó_săn cũng để kiếm tiền đi sứ giãy_chết , mà giờ bị áp chế thế này thì làm chó chi cho người_ta chửi nữa chứ 😷 😷 😷"
"Mong muốn khởi nghĩa để đất nước giống ukranie, syria, iraq là ước mơ cháy mỏng của ad",0.0,86,"mong_muốn khởi_nghĩa để đất_nước giống ukranie , syria , iraq là ước_mơ cháy mỏng của admin"
Sao cái bọn tìm hiểu QH theo dõi ai nó rảnh vcl thế nhỉ,1.0,55,sao cái bọn tìm_hiểu qh theo_dõi ai nó rảnh vcl thế nhỉ
Việt Nam Hồ Chí Minh,0.0,20,việt nam hồ chí minh
"Bọn này chắc không được học hành, không được giáo dục, không biết nhục là gì, người có học, có đạo đức hiểu những gì không phải là của mình thì có năn nỉ cho người ta cũng không lấy",2.0,181,"bọn này chắc không được học_hành , không được giáo_dục , không biết nhục là gì , người có_học , có đạo_đức hiểu những gì không phải là của mình thì có năn_nỉ cho người_ta cũng không lấy"
Chuẩn a ưii,0.0,11,chuẩn a ưii
Địt mẹ mày thằng ăn hại thằng bất tài,2.0,37,địt_mẹ mày thằng ăn_hại thằng bất_tài
Nhìn mặt tk bố là bt ác rồi,2.0,27,nhìn mặt tk bố là bình_thường ác rồi
"Chưa đủ 16 tuổi cũng ngồi tù giáo dưỡng đc rồi,đủ tuổi sẽ đi tù nhé. Mong pháp luật đứng về phía công bằng",0.0,106,"chưa đủ 16 tuổi cũng ngồi_tù giáo_dưỡng được rồi , đủ tuổi sẽ đi tù nhé . mong pháp_luật đứng về phía công_bằng"
Ditme đéo hiểu sao,1.0,18,ditme đéo hiểu sao
Guk,0.0,3,guk
"Gieo nhân gặt quả, về sau sẽ lãnh hậu quả thôi",1.0,46,"gieo nhân gặt quả , về sau sẽ lãnh hậu_quả thôi"
"bọn công an khốn nạn thì đúng hơn...đà nẵng không có nạn chộm xe máy,đơn giản vì Nguyễn bá Thanh nói 1 câu:"" cứ xuất hiện chộm cắp là do trách nhiệm của giám đốc công an.nhà nước trả lương cho các anh không phải là để ngồi đấy chờ hết tháng rồi nhận lương mà để các anh chịu trách nhiệm.tôi không cần biết,cứ hễ dân mất chộm là do công an""",2.0,339,"bọn công_an khốn_nạn thì đúng hơn ... đà_nẵng không có nạn chộm xe_máy , đơn_giản vì nguyễn bá thanh nói 1 câu : "" cứ xuất_hiện chộm cắp là do trách_nhiệm của giám_đốc công_an . nhà_nước trả lương cho các anh không phải là để ngồi đấy chờ hết tháng rồi nhận lương mà để các anh chịu trách_nhiệm . tôi không cần biết , cứ hễ dân mất chộm là do công_an """
"học dối - học giả...kiến thức nông cạn, phát biểu nông nỗi!...Japan Technology thương hiệu toàn cầu mà đi chê bai !!!... làm ảnh hưởng đến quan hệ hữu nghị hợp tác với đối tác Nhật Bản...Ai làm được việc- người ấy có lý!!!...đằng nầy công nghệ xử lý nước thối made in Hà nội của nhóm lợi ích chưa làm được gì trong khi $ tiền thuế của dân đã đổ hàng bao nhiêu tỷ bạc vào mà nước thối vẫn thối!!!...",1.0,398,"học dối - học_giả ... kiến_thức nông_cạn , phát_biểu nông_nỗi ! ... japan technology thương_hiệu toàn_cầu mà đi chê_bai ! ! ! ... làm ảnh_hưởng đến quan_hệ hữu_nghị hợp_tác với đối_tác nhật bản ... ai làm được_việc - người ấy có_lý ! ! ! ... đằng nầy công_nghệ xử_lý nước thối made in hà_nội của nhóm lợi_ích chưa làm được gì trong khi $ tiền thuế của dân đã đổ hàng bao_nhiêu tỷ bạc vào mà nước thối vẫn thối ! ! ! ..."
Ok Haha súc vật rác 5 củ là lũ súc vật của nó,2.0,45,ok haha súc_vật rác 5 củ là lũ súc_vật của nó
Thứ nốn lừng. Chơi game mà rên như chó đéo.,2.0,43,thứ nốn lừng . chơi game mà rên như chó đéo .
Như thằng trẩu tre,1.0,18,như thằng trẩu tre
Dm nó chỉ diễn và thực hành chỉ có cái đất nước VN.nó khốn khổ tới phải dàn cảnh,2.0,80,dm nó chỉ diễn và thực_hành chỉ có cái đất_nước vn . nó khốn_khổ tới phải dàn_cảnh
sao cháu mực ngu ngu thế,2.0,24,sao cháu mực ngu ngu_thế
Có video đó mấy anh cán bộ đâu rồi. Hay chỉ lo canh bắt dân,1.0,59,có video đó mấy anh cán_bộ đâu rồi . hay chỉ lo canh bắt dân
Bắn bỏ đi thứ lắm Tiền mà cặn bã xã hội,2.0,39,bắn bỏ đi thứ lắm tiền mà cặn_bã xã_hội
Chửi thằng nguyễn sin đi chị thằng này ác lắm. Hình như mũi chị Hiếu hơi lệch á.,1.0,80,chửi thằng nguyễn sin đi chị thằng này ác lắm . hình_như mũi chị hiếu hơi lệch á .
ngu thì nhận đi abe,1.0,19,ngu thì nhận đi abe
Nguyễn Quang ngầu v bạn=))),0.0,27,nguyễn quang ngầu v bạn = ) ) )
"you must die, you are shit, why don't you give a red card in this situation",2.0,75,"you must die , you are shit , why don ' t you give a red card in this situation"
"Ngọc Nữ wow ,bỏ con ,vô ơn mà các bạn vẫn thần tượg được :)) thằng chồng bạn sau nó cũng làm vậy thì bạn thấy vẫn ok quá nhỉ :)))",1.0,129,"ngọc nữ wow , bỏ con , vô_ơn mà các bạn vẫn thần tượg được : ) ) thằng chồng bạn sau nó cũng làm vậy thì bạn thấy vẫn ok quá nhỉ : ) ) )"
"Bạn là 1 trọng tài để lại dấu ấn tồi tệ nhất cho bóng đá, làm xấu hình ảnh của đội ngũ trọng tài (You are an arbitrator to leave the worst mark for football, do bad image of the arbitration team)",0.0,195,"bạn là 1 trọng_tài để lại dấu_ấn tồi_tệ nhất cho bóng_đá , làm xấu hình_ảnh của đội_ngũ trọng_tài ( you are an arbitrator to leave the worst mark for football , do bad image of the arbitration team )"
"Xin chào các bạn, hôm nay Sói sẽ hướng dẫn các bạn cắn kẹo xê xủi hương cam :v",0.0,78,"xin chào các bạn , hôm_nay sói sẽ hướng_dẫn các bạn cắn kẹo xê xủi hương cam : v"
Clm :))),1.0,8,clm : ) ) )
Mẹ mày đủ trinh ki,1.0,18,mẹ mày đủ trinh ki
"nó bênh thằng rách, m bênh nó thì khác cái đéo j nhỉ? m bênh nó đồng nghĩa với việc m cho rằng luận điểm của nó đúng và m đang bảo vệ luận điểm ấy(câu con bn m cmt). 2 đứa bạn quen nhau hèn gì đần như nhau",2.0,205,"nó bênh thằng rách , m bênh nó thì khác cái đéo gì nhỉ ? m bênh nó đồng_nghĩa với việc m cho rằng luận_điểm của nó đúng và m đang bảo_vệ luận_điểm ấy ( câu con bạn m cmt ) . 2 đứa bạn quen nhau hèn gì đần như nhau"
Nền bóng đá Việt Nam ngày càng được fifa xếp hạng kakak,0.0,55,nền bóng_đá việt nam ngày_càng được fifa xếp_hạng kakak
so vl,1.0,5,so vl
Tử hình,0.0,7,tử_hình
"Bửa nào kêu bọn đầu gấu giết hết gia đình Ad. Lúc đó nó sẽ post: Giết người thì nó bắt, trộm nó bỏ tù, lương thiện nó tha. Mồ tổ cha mày rảnh hơi, hết chuyện làm hả mậy. Gặp tao là tao giết lun chứ bỏ tù chi",2.0,207,"bửa nào kêu bọn đầu_gấu giết hết gia_đình ad . lúc đó nó sẽ post : giết người thì nó bắt , trộm nó bỏ_tù , lương_thiện nó tha . mồ tổ cha mày rảnh hơi , hết chuyện làm hả mậy . gặp tao là tao giết lun chứ bỏ_tù chi"
"r Minh Hiếu làm gì mà chửi hả con thiểu năng, có não ko bt suy nghĩ ak, chưa chắc gì mấy đứa ghép hình nó vs MH là fan của MH",2.0,125,"r minh hiếu làm gì mà chửi hả con thiểu_năng , có não không bình_thường suy_nghĩ ak , chưa chắc gì mấy đứa ghép hình nó với mh là fan của mh"
Cái lòn má mày mất dạy,2.0,26,cái lòn má mày mất_dạy
"Mẫn Đạt bất tài . không có phản ứng , chỉ nói bằng mồm .",1.0,56,"mẫn đạt bất_tài . không có phản_ứng , chỉ nói bằng mồm ."
đâu biến súc vật thành con người dc,2.0,35,đâu biến súc_vật thành con_người được
Bốn đi ông liền,1.0,15,bốn đi ông liền
"Nguyên Dảk chửi 1 lần cũng là chửi, 10 lần cũng là chửi =)))), giờ còn có thang đo độ văn minh theo tần suất chửi à =)))",1.0,120,"nguyên dảk chửi 1 lần cũng là chửi , 10 lần cũng là chửi = ) ) ) ) , giờ còn có thang đo độ văn_minh theo tần_suất chửi à = ) ) )"
Trong tài lol,2.0,13,trong tài lol
"Công ty tư cách, thẩm quyền gì đòi người ta phải đến làm việc trực tiếp?? Nghệ sĩ thì phèn, cty thì ngu! Đâm đơn kiện VR đê, để cơ quan chức năng mời lên giải quyết",1.0,164,"công_ty tư_cách , thẩm_quyền gì đòi người_ta phải đến làm_việc trực_tiếp ? ? nghệ_sĩ thì phèn , cty thì ngu ! đâm_đơn kiện vr đê , để cơ_quan_chức_năng mời lên giải_quyết"
Rồi đời chúng mày ko ra gì đâu.,1.0,31,rồi đời chúng_mày không ra gì đâu .
Cutdidjtmemayoclolbadau,2.0,23,cutdidjtmemayoclolbadau
"Tôi bảo ô ad nhé, ô mở phim sex lên, vặn loa hết cỡ mà nghe diễn viên họ rên sẽ tốt cho não hơn là đi đôi co với phản biện với lũ tiến sĩ việt +",1.0,144,"tôi bảo ô admin nhé , ô mở phim sex lên , vặn loa hết cỡ mà nghe diễn_viên họ rên sẽ tốt cho não hơn là đi_đôi_co với phản_biện với lũ tiến_sĩ việt +"
Bán ba cái nước hoa xạo,1.0,23,bán ba cái nước_hoa xạo
Nhờ sự miệt mài ngồi nhà cổ vũ của a mà RF mới có ngày hnay,0.0,59,nhờ sự miệt_mài ngồi nhà cổ_vũ của a mà rf mới có ngày hnay
Cai toi thay trai keu la ra tiep ne,0.0,35,cai toi thay trai keu la ra tiep ne
bọn ăn cháo đá bát,2.0,18,bọn ăn cháo đá bát
Tuyệt quá ạ lm tới ln anh ơi,0.0,28,tuyệt quá ạ lm tới ln anh ơi
Tổ tiên nhà mày húp máu lồn,2.0,27,tổ_tiên nhà mày húp máu lồn
Có acc nào kc không mực 1 nắng,0.0,30,có acc nào kc không mực 1 nắng
Ri cái cc,1.0,9,ri cái cc
ĐÃ BÊ ĐÊ RỒI CÒN BỊ BỆNH XẠO LỒN,2.0,32,đã bê đê rồi còn bị bệnh xạo lồn
Mẹ tụi ko có não mới kếu là phản động. Ko hiểu chuyen j ma cu nói tới cs la tụi nó nhảy tưng tưng lên ý như là ăn hết của ông bà ông vãi tụi nó mẹ ngu dốt mà tưởng thông minh,2.0,174,mẹ tụi không có não mới kếu là phản_động . không hiểu chuyen gì ma cu nói tới cs la tụi nó nhảy tưng_tưng lên ý như là ăn hết của ông_bà ông vãi tụi nó mẹ ngu_dốt mà tưởng thông_minh
"Mày nên cút khỏi Việt Nam chúng tao đi làm ơn, mày đã phá hủy hoàn toàn bóng đá Việt Nam rồi",1.0,92,"mày nên cút khỏi việt_nam chúng_tao đi làm_ơn , mày đã phá_hủy hoàn_toàn bóng_đá việt nam rồi"
Người ta nói chuyện hỏi đường ko nói chuyện với họ thì bảo thế này thế kia rồi chỉ đường cho bọn nó xong rồi tiện lấy xe đi luôn cho nhánh,0.0,138,người_ta nói_chuyện hỏi đường không nói_chuyện với họ thì bảo thế này thế kia rồi chỉ đường cho bọn nó xong rồi tiện lấy xe đi luôn cho nhánh
Mong trọng tài mau chết,2.0,23,mong trọng_tài mau chết
"Cộng sản luôn đúng, nếu cộng sản sai thì mày là thằng phản động",1.0,63,"cộng_sản luôn đúng , nếu cộng_sản sai thì mày là thằng phản_động"
Không bé ơi,0.0,11,không bé ơi
Lmcs,1.0,4,lmcs
Cuộc sống bạc với người tốt quá,0.0,31,cuộc_sống bạc với người tốt quá
Xin lỗi con cặc ép vn tao nặng nề r bây giờ qua xl đéo chấp nhận nhé thằng chó,2.0,78,xin_lỗi con cặc ép vn tao nặng_nề r bây_giờ qua xl đéo chấp_nhận nhé thằng chó
go away việt nam,1.0,16,go away việt_nam
Cũng nhờ có quan chúng bây mới ko là 1tỉnh của Tàu khựa or làm chó ngoan của Mỹ,1.0,79,cũng nhờ có quan chúng bây mới không là 1tỉnh của tàu khựa or làm chó ngoan của mỹ
Game gì đây ae,0.0,14,game gì đây anh_em
Bọn bò đỏ ngu hết thuốc chữa! GDP của vc phải 15 năm nữa mới bằng Thái lan !,2.0,76,bọn bò đỏ ngu hết thuốc chữa ! gdp của vc phải 15 năm nữa mới bằng thái lan !
"thấy Chị Chi dễ thương quá hà. , nhất cụm từ ""chứ nhiêu"". ""chứ nhiêu"", h",0.0,72,"thấy chị chi dễ_thương quá hà . , nhất cụm từ "" chứ nhiêu "" . "" chứ nhiêu "" , h"
ai có link beat cho mình xin đc ko ?,0.0,36,ai có link beat cho mình xin được không ?
cay lắm =)))) nma coi thằng nay cay hả hê vcl =)))),0.0,51,cay lắm = ) ) ) ) nma coi thằng nay cay hả_hê vcl = ) ) ) )
Từ chức đi troussier,0.0,20,từ_chức đi troussier
https://www.facebook.com/iigiz3 acc chính nè,0.0,44,acc chính nè
Nhiều trường hợp mất vì cùng đồng bọn với nhau đánh lạc hướng cho cô gái mãi nói chuyện để thằng đằng sau lấy xe chạy.,0.0,118,nhiều trường_hợp mất vì cùng đồng_bọn với nhau đánh lạc hướng cho cô gái mãi nói_chuyện để thằng đằng sau lấy xe chạy .
"hảo việt vị ( You know how to be a referee, you only know how to pay. )",0.0,71,"hảo việt_vị ( you know how to be a referee , you only know how to pay . )"
"30:03 ""Con Đ.Ĩ L.OZ Thúi""🦋😂😂",1.0,28,"30 : 03 "" con đ . ĩ l . oz thúi "" 🦋 😂 😂"
Con Chó có Linh cảm đúng ghê tội cho Cô Gái,0.0,43,con chó có linh_cảm đúng ghê tội cho cô gái
Sory cl,1.0,7,sory cl
Soryyyyyyy fuck,1.0,15,soryyyyyyy fuck
Ủa cái quần thể gì dậy? Mới chửi người ta rồi quay lại khen :)? Ủa nulo hả? Cd :) ? Nói chuyện như cái lông loz dậy đó :),2.0,121,ủa cái quần_thể gì dậy ? mới chửi người_ta rồi quay lại khen : ) ? ủa nulo hả ? cd : ) ? nói_chuyện như cái lông loz dậy đó : )
Sao chúa có thể sinh ra những người như ông,1.0,43,sao chúa có_thể sinh ra những người như ông
thôi lỗi lỗi cc j nx,1.0,20,thôi lỗi lỗi cc gì nx
Cô dễ thương quá ❤️❤️❤️,0.0,23,cô dễ_thương quá ❤ ️ ❤ ️ ❤ ️
Ngọc Huy học hỏi idol để có quả đầu đẹp nha =))),0.0,48,ngọc huy học_hỏi idol để có quả đầu đẹp nha = ) ) )
Nó bị mua rồi anh em,0.0,20,nó bị mua rồi anh_em
Tổ sư nhà mày th sv trọng tài.,2.0,30,tổ_sư nhà mày th sv trọng_tài .
Đm bắt được vụt gãy trân,1.0,24,đm bắt được vụt gãy trân
ban xoi giong ban than qua ta,0.0,29,ban xoi giong ban than qua ta
Tình hình 3 thằng này sao r mn,0.0,30,tình_hình 3 thằng này sao r mọi người
Hông có chị kia hả,0.0,18,hông có chị kia hả
Ae nên bảo nó chết ik,2.0,21,anh_em nên bảo nó chết ik
Tấm chiếu mới ..,0.0,16,tấm chiếu mới . .
 Fuck you,2.0,9,fuck you
Lên án cho đi tù gấp không nên để thành phần này ngoài xã hội,1.0,61,lên_án cho đi tù gấp không nên để thành_phần này ngoài xã_hội
chúc mừng thầy chúm chím nha :)),0.0,32,chúc_mừng thầy chúm_chím nha : ) )
Một lũ ăn bám,2.0,13,một lũ ăn_bám
Ai có tấm ảnh mà ổng ko thổi fen k,0.0,34,ai có tấm ảnh mà ổng không thổi fen không
Cc,1.0,2,cc
fan cứng?? thầy lồn cho tao fan cứng chúng mày ạ .. yêu thầy dấu bé ba = )),1.0,75,fan cứng ? ? thầy lồn cho tao fan cứng chúng_mày ạ . . yêu thầy dấu bé ba = ) )
chơi với bạn mà lôi bạn ra để bet xong ăn 800k rồi cmt bên bài bạn thì cũng vừa lắm chứ chẳng phải k đâu mực ạ,0.0,110,chơi với bạn mà lôi bạn ra để bet xong ăn 800k rồi cmt bên bài bạn thì cũng vừa lắm chứ chẳng phải không đâu mực ạ
"r, hiểu r, bạn là dlv :)) thôi mình out, k nói lại bạn đc, bye nhé",1.0,66,"r , hiểu r , bạn là dlv : ) ) thôi mình out , không nói lại bạn đc , bye nhé"
"Có anh Độ, Tết lúc nào chả vui",0.0,30,"có anh độ , tết lúc_nào chả vui"
Cặp bot tấu hài vcsb,0.0,20,cặp bot tấu hài vcsb
Thằng chó mắt mù,2.0,16,thằng chó mắt mù
Bọn xúc vật,2.0,11,bọn xúc vật
Nhà nước phải xây thêm nhà nghỉ cách ly để người ta còn đủn nhau trong lúc chờ kết quá,0.0,86,nhà_nước phải xây thêm nhà_nghỉ cách_ly để người_ta còn đủn nhau trong lúc chờ kết quá
"Mê trai,",0.0,8,"mê trai ,"
Con 3 vang ngoc mac ao dam giong quy,1.0,36,con 3 vang ngoc mac ao dam giong quy
Nguyễn Hữu Dũng thế mới bản content đắy ông,0.0,43,nguyễn hữu dũng thế mới bản content đắy ông
"Xin lỗi con khỉ đm đáng vs m lắm chơi bình thường không chơi, chơi gian lận, lòng tao lắm",1.0,89,"xin_lỗi con khỉ đm đáng với m lắm chơi bình_thường không chơi , chơi gian_lận , lòng tao lắm"
t cười mệt m ơi,0.0,15,t cười mệt m ơi
bạn ơi vụ này sao rồi,0.0,21,bạn ơi vụ này sao rồi
Địt mẹ m,2.0,8,địt_mẹ m
Mô Phật,0.0,7,mô phật
cai dcm,1.0,7,cai dcm
"Chỉ 1/2 đất nước trong nội chiến vẫn & đã làm đc điều như này vào 60n trước....ôi!, tôi yêu mN của tôi biết nhường nào!",0.0,119,"chỉ 1 / 2 đất_nước trong nội_chiến vẫn & đã làm được điều như này vào 60n trước ... . ôi ! , tôi yêu mọi người của tôi biết nhường nào !"
"Sorry cái kiểu j thế, quan tâm thái lan à, cút mịa m đê",1.0,55,"sorry cái kiểu gì thế , quan_tâm thái lan à , cút mịa m đê"
Tùngg Ngố cl,1.0,12,tùngg ngố cl
Pass Facebook ny em là gì anh độ :v,0.0,35,pass facebook ny em là gì anh độ : v
Dm..fuck you,2.0,12,dm . . fuck you
Đúng là mấy thằng súc vật lài chúng mày chết không có chỗ chôn,2.0,62,đúng là mấy thằng súc_vật lài chúng_mày chết không có chỗ chôn
Ve an cuc di,1.0,12,ve_an cuc_di
Thành tích đáng nể quá. Đuổi cổ sớm đi,1.0,38,thành_tích đáng nể quá . đuổi cổ sớm đi
dắk con bạn nghĩ nó có tuổi với tui hk,1.0,38,dắk con bạn nghĩ nó có tuổi với tui hk
Fan cứng nè,0.0,11,fan cứng nè
Cường quyền ác bá !,1.0,19,cường_quyền ác_bá !
Đan Thi Thao Nguyen Pham Thi Thi xanh mặt liền :(((((,0.0,53,đan thi thao nguyen pham thi thi xanh mặt liền : ( ( ( ( (
T lấy hh Sett 😂😂🤣,0.0,17,t lấy hh sett 😂 😂 🤣
trọng tài ảnh ngầu ác,0.0,21,trọng_tài ảnh ngầu ác
"ông cha vất vả thống nhất đất nước bao lâu để rồi bọn này cứ kì kỳ, đúng chịu",0.0,77,"ông_cha vất_vả thống_nhất đất_nước bao_lâu để rồi bọn này cứ kì kỳ , đúng chịu"
Style hư dây kéo 😂,0.0,18,style hư dây kéo_😂
Zừa lắm,0.0,7,zừa lắm
Woh Wh chó sủa ẳng ẳng gớm thế,2.0,30,woh wh chó sủa ẳng ẳng gớm_thế
Mes ddocj muoons sangr ddm,2.0,26,mes ddocj muoons sangr ddm
dịt mẹ nó ko ăn hối lộ thì chờ vào mấy cái đồng lương ít ỏi chắc đủ sống hả,2.0,75,dịt mẹ nó không ăn hối_lộ thì chờ vào mấy cái đồng_lương ít_ỏi chắc đủ sống hả
liên minh có mấy th như này vui phết =)) đánh ngu mõm giỏi + thêm đéo biết vị trí mình ở đou =)),1.0,96,liên_minh có mấy th như này vui phết = ) ) đánh ngu mõm giỏi + thêm đéo biết vị_trí mình ở đou = ) )
Sống chậm thôiii :(,0.0,19,sống chậm thôiii : (
mới tí tuổi mà lên stt xưng anh với ngta.,0.0,41,mới tí tuổi mà lên stt xưng anh với ngta .
Nguyễn Dương đúng rồi ngu như má m nè,2.0,37,nguyễn dương đúng rồi ngu như má m nè
Toàn ngu muội. Đi ra đó mà đánh đi.,1.0,35,toàn ngu_muội . đi ra đó mà đánh đi .
Xó ry con mẹ chó m,2.0,18,xó ry con_mẹ chó m
Chuẩn bị xây nhà nghe chưa thầy,0.0,31,chuẩn_bị xây nhà nghe chưa thầy
quen nữa nè cả nhà ơi =))) Mai Lê Thu Nguyễn Linh Nguyễn Thị Thuỳ Linh,0.0,70,quen nữa nè cả nhà ơi = ) ) ) mai lê thu nguyễn linh nguyễn thị thuỳ linh
Xin cái lonz mày pm chuyện này bt bao nhiêu lần r,1.0,49,xin cái lonz mày pm chuyện này bình_thường bao_nhiêu lần r
Ri óc mày,1.0,9,ri óc mày
"Dạo này mấy bố ts giấy phát biểu hơi nhiều, phần lớn cho thấy tư duy kiến thức quá lạc hậu, nhiệt tình cộng với sự ngu dốt thì sẽ thành phá hoại 😤",1.0,146,"dạo này mấy bố ts giấy phát_biểu hơi nhiều , phần_lớn cho thấy tư_duy kiến_thức quá lạc_hậu , nhiệt_tình cộng với sự ngu_dốt thì sẽ thành phá_hoại 😤"
"Lũ hại dân rồi sẽ chẳng có gì xẩy ra với chúng còn dân thì vẫn mãi bị đàn áp, đm lũ tham quan",2.0,93,"lũ hại dân rồi sẽ chẳng có gì xẩy ra với chúng còn dân thì vẫn mãi bị đàn_áp , đm lũ tham_quan"
Chị ba đẹp quá đi,0.0,17,chị ba đẹp quá đi
Bây h anh đỡ chưa ạ,0.0,19,bây h anh đỡ chưa ạ
Chậm chậm clg mấy con bò rảnh háng này,2.0,38,chậm chậm clg mấy con bò rảnh háng này
Ca sĩ k-icm đéo gì 🙂 ca sĩ câm,1.0,30,ca_sĩ k - icm đéo gì 🙂 ca_sĩ câm
"Dinhh Nhung m ất da y,vô học chắc mồ côi cha mẹ từ nhỏ hả con ?",2.0,63,"dinhh nhung m ất da y , vô_học chắc mồ_côi cha_mẹ từ nhỏ hả con ?"
Đăng Khoa 2 thằng đã ko thích nhau từ vụ thuê live bên nhóm ji đó rồi. Quyền nó đểu gạ tiền đánh. Thằng mực nó gà hơn nó thua nó cay. Mới dẫn đến chung 1 triệu với thằng tồ ăn lại thằng quyền. Mấy thằng đểu cả thôi. Chơi ko bênh ai.,2.0,232,đăng khoa 2 thằng đã không thích nhau từ vụ thuê live bên nhóm ji đó rồi . quyền nó đểu gạ tiền đánh . thằng mực nó gà hơn nó thua nó cay . mới dẫn đến chung 1 triệu với thằng tồ ăn lại thằng quyền . mấy thằng đểu cả thôi . chơi không bênh ai .
"xinh gái còn cmt hay quá b ơi mãi ở bên anh záchhhh, jack ma",0.0,60,"xinh gái còn cmt hay quá b ơi mãi ở bên anh záchhhh , jack ma"
nhưng mà bỏ con là có nói đúng không hay là linh tinh :)))))))),0.0,63,nhưng mà bỏ con là có nói đúng không hay_là linh_tinh : ) ) ) ) ) ) ) )
xám xí,1.0,6,xám xí
xinh vs nhà có điều kiện thì liên quan gì đến nhận thức? Hay là người dung mạo kém gia cảnh kém thì nhận thức của họ cũng sẽ kém và ngược lại? Và có hiểu ngta nói cái gì ko mà bô lô ba la?,1.0,188,xinh với nhà có điều_kiện thì liên_quan gì đến nhận_thức ? hay_là người dung mạo kém gia cảnh kém thì nhận_thức của họ cũng sẽ kém và ngược_lại ? và có hiểu ngta nói cái gì không mà bô lô ba la ?
Sang đài loan mà lấy người ta để ngoài đường nhiều lắm không ai lấy Việt nam tôi đó,0.0,83,sang đài_loan mà lấy người_ta để ngoài đường nhiều lắm không ai lấy việt nam tôi đó
Duoc tien minh hieu con đy me,1.0,29,duoc tien minh hieu con đy me
"Công ty tư cách, thẩm quyền gì đòi người ta phải đến làm việc trực tiếp?? Nghệ sĩ thì phèn, cty thì ngu! Đâm đơn kiện VR đê, để cơ quan chức năng mời lên giải quyết",2.0,164,"công_ty tư_cách , thẩm_quyền gì đòi người_ta phải đến làm_việc trực_tiếp ? ? nghệ_sĩ thì phèn , cty thì ngu ! đâm_đơn kiện vr đê , để cơ_quan_chức_năng mời lên giải_quyết"
Ác quá trời.,1.0,12,ác quá trời .
Hoàng Ngọc Hòa sũa cc,1.0,21,hoàng ngọc hòa sũa cc
K hèn thì lấy cứt nuôi bụng bầu ah?,1.0,35,không hèn thì lấy cứt nuôi bụng bầu_ah ?
Sam Hunter Stellaron rebuttal 10₫ không nhưng,0.0,45,sam hunter stellaron rebuttal 10 ₫ không nhưng
"Vui thôi :putnam: đừng vui quá <(\"") Em thề em thích câu này rồi đấy, Thềềềềề~ !!!!",0.0,83,"vui thôi : putnam : đừng vui quá < ( \ "" ) em thề em thích câu này rồi đấy , thềềềềề ~ ! ! ! !"
Tao ngồi ăn luon đo dc ko tạo tranh ma tui bảy ko biệt,0.0,54,tao ngồi ăn luon đo được không tạo tranh ma tui bảy không biệt
cờ đỏ sao vàng đây nhá,0.0,22,cờ đỏ sao vàng đây nhá
"Quang là ca sĩ đó bạn , ko thi chương trình nào hết nhưng hát rất hay nên mọi ng thần tượng gọi là idol ^^",0.0,106,"quang là ca_sĩ đó bạn , không thi chương_trình nào hết nhưng hát rất hay nên mọi ng thần_tượng gọi là idol ^ ^"
đag xem sech à,0.0,14,đag xem sech à
Cứ bình tĩnh mà đá thì thắng Indo .,0.0,35,cứ bình_tĩnh mà đá thì thắng indo .
"lolz mắc cười, toàn 1 lủ ở vùng xa vùng xôi ở ... nói chung là chỉ biết và thờ cái Ba Đình, đéo làm được gì thì ngậm cái mổm ăn c..c lại, ko nói, ko ai nói miệng thối đâu mấy con chó DLV ạh",2.0,189,"lolz mắc cười , toàn 1 lủ ở vùng_xa vùng xôi ở ... nói_chung là chỉ biết và thờ cái ba đình , đéo làm được gì thì ngậm cái mổm ăn c . . c lại , không nói , không ai nói miệng thối đâu mấy con chó dlv ạh"
Thằng ad lại sủa.,1.0,17,thằng admin lại sủa .
Rên như phim jav,0.0,16,rên như phim jav
Nguyễn Thị Xuân Nguyễn Thị Huyền Lý Thanh Hiền Nguyễn Thị Giang Nguyễn Thị Thu Quỳnh Phương Nga lời xin lỗi muộn màng à,0.0,119,nguyễn thị xuân nguyễn thị huyền lý thanh hiền nguyễn thị_giang nguyễn thị thu quỳnh phương nga lời xin_lỗi muộn_màng à
Zoom biển số xe bên kia,0.0,23,zoom biển số xe bên kia
"Thằng cà nghẹo, triết với lý cái cc, đù má mày DNA mà mình chưa khẳng định được lại nói đi dự WC , mày ngáo mục tiêu hả thằng cà nghẹo! Mày xem sự phát triển của bóng đá Vietnam và tình yêu thương của người hâm mộ thế nào khi mày dẫn dắt đội tuyển?",2.0,248,"thằng cà_nghẹo , triết với lý cái cc , đù má mày dna mà mình chưa khẳng_định được lại nói đi dự wc , mày ngáo mục_tiêu hả thằng cà nghẹo ! mày xem sự phát_triển của bóng_đá vietnam và tình_yêu_thương của người hâm_mộ thế_nào khi mày dẫn_dắt đội_tuyển ?"
Mỹ Châu xem kỹ để có kinh nghiệm . 4 thằng đóng kịch ăn cắp xe .,0.0,64,mỹ châu xem kỹ để có kinh_nghiệm . 4 thằng đóng_kịch ăn_cắp xe .
Thang khung,2.0,11,thang khung
cai dcm,1.0,7,cai dcm
Ngọc Phạm t chặn hết r br ạ,0.0,27,ngọc phạm t chặn hết r br ạ
nó cho tiền m hay j bênh ác thế dog này vừa ngu vừa to mồm mà vẫn còn fan bú đít nó à,2.0,85,nó cho tiền m hay gì bênh ác thế dog này vừa ngu vừa to_mồm mà vẫn còn fan bú đít nó à
con di ngua nay chac sih ra o ho boom ha j,2.0,42,con di_ngua nay chac sih ra o ho boom ha gì
 why con mẹ mày. Thằng chó đẻ. Fuck you. You is dog,2.0,51,why con_mẹ mày . thằng chó_đẻ . fuck you . you is dog
" =))) vậy chứ t hỏi m lần nữa J97 Én tơ tén mân nhà m có thẩm quyền của cơ quan nhà nước k mà bảo mời là ngta phải hồi âm liền vậy con nguu ? Văn bảng đâu, có điện thoại hết rồi tự lên tiktok mà xem tối qua VR bảo cần văn bảng chứ a… Xem thêm",1.0,242,"= ) ) ) vậy chứ t hỏi m lần nữa j97 én tơ tén mân nhà m có thẩm_quyền của cơ_quan nhà_nước không mà bảo mời là ngta phải hồi_âm liền vậy con nguu ? văn bảng đâu , có điện_thoại hết rồi tự lên tiktok mà xem tối qua vr bảo cần văn bảng chứ a … xem thêm"
xin lỗi con *** mày ngĩ xin lỗi là dễ à,2.0,39,xin_lỗi con * * * mày ngĩ xin_lỗi là dễ à
👎👎,0.0,2,👎 👎
"Đm nói ko phải xúc phạm chứ mấy ông càng càng phát ngôn đéo ra cái j, não mấy ông chỉ có tiền thôi ah, mấy ông ""giúp"" dân nhìu wá nhỉ, nói như đúng rồi",1.0,151,"đm nói không phải xúc_phạm chứ mấy ông càng càng_phát_ngôn đéo ra cái j , não mấy ông chỉ có tiền thôi ah , mấy ông "" giúp "" dân nhìu wá nhỉ , nói như đúng rồi"
chắc chắn thằng này bị què ngồi xe lăn nên không vi phạm,1.0,56,chắc_chắn thằng này bị què ngồi xe_lăn nên không vi_phạm
Nga Tran tới Bến tre chưa?,0.0,26,nga tran tới bến tre chưa ?
"có up thì t cx k up quả mặt đĩ đửng như m, mụn thỉ lởm trởm bày đặt khoe , ngu tiếng việt còn thích nói lắm, đang nói thằng zeros đéo cãi đc nữa phải quay ra chê t 2k7 - 2k8, do m trẻ ranh quá nên nghĩ ai cũng non như mình à :)))",2.0,229,"có up thì t cũng không up quả mặt đĩ đửng như m , mụn thỉ lởm trởm bày_đặt khoe , ngu tiếng việt còn thích nói lắm , đang nói thằng zeros đéo cãi được nữa phải quay ra chê t 2k7 - 2k8 , do m trẻ_ranh quá nên nghĩ ai cũng non như mình à : ) ) )"
"bộ hàng hải :)) admin ngu đéo chịu đc :)))))))))))) ôi ""bộ hàng hải"" =)))))",1.0,75,"bộ hàng_hải : ) ) admin ngu đéo chịu được : ) ) ) ) ) ) ) ) ) ) ) ) ôi "" bộ hàng_hải "" = ) ) ) ) )"
top mạnh nhất là cái gì,0.0,23,top mạnh nhất là cái gì
Quỳnh Sên e đẹp xinh ko cần son phấn,0.0,36,quỳnh sên e đẹp xinh không cần son_phấn
Nam Văn Nguyễn nó giống nhau mà chủ nào tớ nấy. goat nó dám lừa thì biết r đấy. Cỡ này việt nam nên ra luật phong sát cho tụi ruồi này đi bốc phân với nhau là hợp,1.0,162,nam văn nguyễn nó giống nhau mà chủ nào tớ nấy . goat nó dám lừa thì biết r đấy . cỡ này việt nam nên ra luật phong sát cho tụi ruồi này đi bốc phân với nhau là hợp
Xinloi cái củ cac,1.0,17,xinloi cái củ_cac
hhh nhóc,0.0,8,hhh nhóc
"đánh như cái máu lồn bày đặt cày thuê , tốn tiền điện",2.0,53,"đánh như cái máu lồn bày_đặt cày thuê , tốn tiền điện"
đúng là đom đóm chỉ sáng dưới đít chứ ko sáng nổi trên đầu Trích từ câu ai đó rất thắm,1.0,86,đúng là đom_đóm chỉ sáng dưới đít chứ không sáng nổi trên đầu trích từ câu ai đó rất thắm
"Cái này dành cho mấy thằng khốn nạn không làm mà đòi có ăn, chúng mày rồi cũng phải trả giá cho kiếp này rồi còn ngàn kiếp sau nữa, tao bảo đảm với chúng mày cuộc đời của chúng mày rồi sẽ phải đau khổ suốt kiếp,",2.0,211,"cái này dành cho mấy thằng khốn_nạn không làm mà đòi có_ăn , chúng_mày rồi cũng phải trả_giá cho kiếp này rồi còn ngàn kiếp sau nữa , tao bảo_đảm với chúng_mày cuộc_đời của chúng_mày rồi sẽ phải đau_khổ suốt kiếp ,"
Con điên xóm đao,2.0,16,con điên xóm đao
Trần Thanh Tâm chia sẻ đi,0.0,25,trần thanh tâm chia_sẻ đi
Bài học cho các bạn xem thường tài sản giá trị thấp (cỡ 20tr). Mất là cũng 1 mớ. Lo mà tự giữ,0.0,93,bài_học cho các bạn xem_thường tài_sản giá_trị thấp ( cỡ 20tr ) . mất là cũng 1 mớ . lo mà tự giữ
Thằng óc chó,2.0,12,thằng óc chó
"Thien Binh Trang \"" bạn lịch sự- admin lịch sự, b cục súc , - admin dí l vào mặt b luôn \"" =)))",2.0,95,"thien binh trang \ "" bạn lịch_sự - admin lịch_sự , b cục_súc , - admin dí l vào mặt b luôn \ "" = ) ) )"
Bay kênh rồi :))),0.0,17,bay kênh rồi : ) ) )
Bắt hơi n guuuuu,1.0,16,bắt hơi n guuuuu
Bức. Xúc. Quá. Đi…. Nhờ. Công. An. Vào. Cuộc. Giùm. Cái,0.0,55,bức . xúc . quá . đi … . nhờ . công . an . vào . cuộc . giùm . cái
Làm trọng tài như lồn còn xin lỗi,2.0,33,làm trọng_tài như lồn còn xin_lỗi
Gia Bảo bản nhà ngèo nợ tiền,0.0,28,gia_bảo bản nhà ngèo nợ tiền
1 tk ngu đang chỉ 1 con đần,2.0,27,1 tk ngu đang chỉ 1 con đần
Người xưa nói tận cùng của sự khốn nạn là như vậy đó.,1.0,53,người_xưa nói tận_cùng của sự khốn_nạn là như vậy đó .
Anh bạch khiêm tốn tý chư ko chúng nó nấu lẩu đấy,0.0,49,anh bạch khiêm_tốn tý chư không chúng_nó nấu lẩu đấy
Cai lon gi dang dien ra vay,0.0,27,cai lon gi dang dien ra vay
"Tôi bảo ô ad nhé, ô mở phim sex lên, vặn loa hết cỡ mà nghe diễn viên họ rên sẽ tốt cho não hơn là đi đôi co với phản biện với lũ tiến sĩ việt +",1.0,144,"tôi bảo ô admin nhé , ô mở phim sex lên , vặn loa hết cỡ mà nghe diễn_viên họ rên sẽ tốt cho não hơn là đi_đôi_co với phản_biện với lũ tiến_sĩ việt +"
Nhìn tiên tri vũ trụ ngon cơm rồi nghe.,0.0,39,nhìn tiên_tri vũ_trụ ngon cơm rồi nghe .
😆😆😆😆,0.0,4,😆 😆 😆 😆
Xin vĩnh biệt trọng tài,0.0,23,xin vĩnh_biệt trọng_tài
"Dan cảnh, day cung la bai học cho mn",0.0,36,"dan cảnh , day cung la bai học cho mọi người"
Đói khổ củng vì xe xh thời nay quá tiến bộ thêm 1 số giàu kg cần mồ hôi ....,0.0,76,đói_khổ củng vì xe xh thời nay quá tiến_bộ thêm 1 số giàu kg cần mồ_hôi ... .
ngu,1.0,3,ngu
Thành Nguyễn mình nghĩ các trang mạng Xh ngày nào cũng chia sẽ ngày nào CĐM cũng vào len án thật nhiều vào thì nhà nó ko có cửa lo đâu . Cũng có Bn vụ muốn chìm xuồng nhưng vẫn Ko thoát nỗi .,0.0,192,thành nguyễn mình nghĩ các trang mạng xh ngày nào cũng chia sẽ ngày nào cđm cũng vào len án thật nhiều vào thì nhà nó không có cửa lo đâu . cũng có bạn vụ muốn chìm_xuồng nhưng vẫn không thoát nỗi .
ry con cặc,1.0,10,ry con cặc
Mê trai bày đi xe chuyện bình thường đứng chỗ kia nói chuyện cùng nghe mà đứng sat vậy,0.0,86,mê trai bày đi xe chuyện bình_thường đứng chỗ kia nói_chuyện cùng nghe mà đứng sat_vậy
Ủa trọng tài đang trong trận rảnh háng ngồi đăng bài k biết phân biệt fake với real à,0.0,85,ủa trọng_tài đang trong trận rảnh háng ngồi đăng bài không biết phân_biệt fake với real à
Cong an nen giup co ngheo nay lay lai xe.,0.0,41,cong an nen giup co ngheo nay lay lai xe .
thua nữa thì nghĩ mịa về nước đi,1.0,32,thua nữa thì nghĩ mịa về nước đi
Chỉ đủ tư cách dẩn dắt giải ao làng nhỏ nhoi thôi bắt củng không xong quá tồi tệ,1.0,80,chỉ đủ tư_cách dẩn dắt giải ao làng nhỏ_nhoi thôi bắt củng không xong quá tồi_tệ
Phải bồ t giọng này t cho bạt tai,1.0,33,phải bồ t giọng này t cho bạt_tai
Trường Atlantic ib b ơi,0.0,23,trường atlantic inbox b ơi
Còn giúp chúng ta thành đạt nữa!!,0.0,33,còn giúp chúng_ta thành_đạt nữa ! !
okela,0.0,5,okela
Con mẹ mày,1.0,10,con_mẹ mày
Yenn Yenn xin con đỉ mẹ m,2.0,25,yenn yenn xin con đỉ mẹ m
Bố mấy fhang bo doi,1.0,19,bố mấy fhang bo doi
Nhìn mấy thg one champ mất chất kiểu này tội ae cày champ gỡ cái viền dct xún chúng nó cười thối đầu mà dell biết nhục cha mẹ đẻ con mong con báo hiểu con lớn làm stream cho chúng chửi cha mẹ đã dốt thì nhận khỏi phải ẳng làm dell j,2.0,232,nhìn mấy thg one champ mất chất kiểu này tội anh_em cày champ gỡ cái viền dct xún chúng_nó cười thối đầu mà dell biết nhục cha_mẹ đẻ_con mong con báo hiểu con lớn làm stream cho chúng chửi cha_mẹ đã dốt thì nhận khỏi phải ẳng làm dell gì
"CS miệng và đít chúng là một chỗ. Một chế độ thổ tả không còn sửa sai được nữa, mà phải thay đổi với một chế độ khác. Sống với CS mà không biết gì về thủ đoạn của bọn chúng là không có cái đầu.",2.0,232,"cs miệng và đít chúng là một chỗ . một chế_độ thổ_tả không còn sửa_sai được nữa , mà phải thay_đổi với một chế_độ khác . sống với cs mà không biết gì về thủ_đoạn của bọn chúng là không có cái đầu ."
Pháp luật nên hạ số tuổi khởi số hình sự xuống để có biện pháp với bọn này,0.0,74,pháp_luật nên hạ số tuổi khởi số hình_sự xuống để có biện_pháp với bọn này
Có ai bị nổi da gà ko :>>,0.0,25,có ai bị nổi da_gà không : >>
Ủa chứ bữa xin lỗi khóc tế om xòm mà giờ chửi nữa rồi bó tay con này hỗn quá,1.0,76,ủa chứ bữa xin_lỗi khóc tế om xòm mà giờ chửi nữa rồi bó_tay con này hỗn quá
"Đ c l c m m... Mày ngu vừa thôi,dành ít ngu cho con khác để bọn tao còn kiếm chác chứ... 😂😂😂",2.0,92,"đ c l c m m ... mày ngu vừa thôi , dành ít ngu cho con khác để bọn tao còn kiếm_chác chứ ... 😂 😂 😂"
Như có bác Sèo trong ngày vui đại thắng .,0.0,41,như có bác sèo trong ngày vui đại_thắng .
Bảo Đặng hướng tới world cup,0.0,28,bảo đặng hướng tới world_cup
"công lý cái địt mẹ m à,công lý xử doanh nghiệp còn dân sai thì kệ mẹ à =))) bố m đéo uống cái gì của THP cơ mà để những con chó như m cắn càn thì xã hội loạn cmm r :)) m phạm tội xong m kêu m nghèo, mù chữ đéo biết luật thì m vô tội à thằng ngu, hay m lại bảo nó tống tiền là đúng đi :))",2.0,287,"công_lý cái địt_mẹ m à , công_lý xử doanh_nghiệp còn dân sai thì kệ mẹ à = ) ) ) bố m đéo uống cái gì của thp cơ_mà để những con chó như m cắn càn thì xã_hội loạn cmm r : ) ) m phạm_tội xong m kêu m nghèo , mù_chữ đéo biết luật thì m vô_tội à thằng ngu , hay m lại bảo nó tống_tiền là đúng đi : ) )"
con chó. tưởng mày đc tung hô à. lũ chó bánh mỷ nước lọc đó xl cái cc. éo bik luật về nhà mà học ra đó đeo biển làm cc nhà mày à,2.0,128,con chó . tưởng mày được tung_hô à . lũ chó bánh mỷ nước_lọc đó xl cái cc . éo bik luật về nhà mà học ra đó đeo biển làm cc nhà mày à
Thiệt sự tận cùng của sự khốn nạn,1.0,33,thiệt sự tận_cùng của sự khốn_nạn
Làm sáng tỏ lun đi ạa,0.0,21,làm sáng_tỏ lun đi ạa
Bọn đảng cộng sản thì đéo chết đâu. Người vì cộng đồng thì chết. Vl,2.0,67,bọn đảng cộng_sản thì đéo chết đâu . người vì cộng_đồng thì chết . vl
Cmm cs bt bắt ko v thg lồn con mẹ m,2.0,35,cmm cs bình_thường bắt không v thg lồn con_mẹ m
ViruSs vừa lên bài chửi thẳng mặt Jack lun rồi nhé quả này căng phết rồi đấy Link bài đây https://fecabookk.com/posts/id=10065010324009568,0.0,138,viruss vừa lên bài chửi thẳng mặt jack lun rồi nhé quả này căng phết rồi đấy link bài đây
Nguyễn Phước Đạt tính ht r nha,0.0,30,nguyễn phước đạt tính ht r nha
Việc nam là nơi đáng sống mấy thằng bò đỏ nói rồi mấy thằng ba quê thấy chưa việc nam cái gì cũng có,2.0,100,việc nam là nơi đáng sống mấy thằng bò đỏ nói rồi mấy thằng ba quê thấy chưa việc nam cái gì cũng có
Con chó đánh hơi thấy mùi bất thường,0.0,36,con chó đánh_hơi thấy mùi bất_thường
mày bắt hồi tối giống lồn què người tao mày côi chừng,2.0,53,mày bắt hồi tối giống lồn què người tao mày côi chừng
Concac,1.0,6,concac
Quỳnhh Hoa ngta vẫn quốc tịch việt nam mà =.=,0.0,45,quỳnhh hoa ngta vẫn quốc_tịch việt_nam mà = . =
Nguyễn Gia Bảo bố m,1.0,19,nguyễn gia_bảo bố m
Móa nó người ta có cái xe cũng ko tha,0.0,37,móa nó người_ta có cái xe cũng không tha
thôi anh im mẹ mồm đi nói nhiều quá,1.0,35,thôi anh im mẹ mồm đi nói nhiều quá
Bắt được bọn này chắc tại nó mai miệng nó lại là xã hội bình yên ￼,1.0,66,bắt được bọn này chắc tại nó mai miệng nó lại là xã_hội bình_yên ￼
Cái cuộc chiến nồi da nấu thịt thì tự hào rồi nhồi nhét bao thế hệ. Còn cái bọn trung cộng nó xua cả triệu quân xuống tàn sát đồng bào thì mấy dòng qua loa.,1.0,157,cái cuộc_chiến nồi da nấu thịt thì tự_hào rồi nhồi_nhét bao thế_hệ . còn cái bọn trung cộng nó xua cả triệu quân xuống tàn_sát đồng_bào thì mấy dòng qua_loa .
Luu bi du dieu thuyen lu bo an hang,2.0,35,luu bi du dieu thuyen lu bo an hang
bảo sao chúng nó vào trang cá nhân m chưởi như con choss vẫn dell khôn ra,1.0,73,bảo sao chúng_nó vào trang cá_nhân m chưởi như con choss vẫn dell khôn ra
"Mấy thằng này có bắt được đập cho tụi nó gãy chân tay để bỏ cái tội ăn cắp tài sản đó người ta đi làm cực khổ đổ mồ hôi chảy nước mắt mới mua được, vậy mà đi dàn cảnh cướp tài sản của người khác,xin chính quyền vào cuộc để cho đi cải tạo 5 năm cho tụi nó ở trong đó lâu mới học cách thương người khác,chứ xử nhẹ cho tụi nó cứ đi trộm cướp rồi bị bắt xử nhẹ rồi thả cứ lập đi lập lại nhìu lần tụi nó đâu có sợ , hãy mạnh tay xử thật nặng tụi nó mới chừa",1.0,452,"mấy thằng này có bắt được đập cho tụi nó gãy chân tay để bỏ cái tội ăn_cắp tài_sản đó người_ta đi làm cực_khổ đổ mồ_hôi chảy nước_mắt mới mua được , vậy_mà đi dàn_cảnh cướp tài_sản của người khác , xin chính_quyền vào_cuộc để cho đi cải_tạo 5 năm cho tụi nó ở trong đó lâu mới học cách thương người khác , chứ xử nhẹ cho tụi nó cứ đi trộm_cướp rồi bị bắt xử nhẹ rồi thả cứ lập đi lập lại nhìu lần tụi nó đâu có sợ , hãy mạnh_tay xử thật nặng tụi nó mới chừa"
"Một HLV tồi tệ nhất lịch sử Việt Nam từng có được , tiếc cho sự nông cạn liên đoàn đã đặt niềm tin vào HLV ngu dốt này",2.0,118,"một hlv tồi_tệ nhất lịch_sử việt_nam từng có được , tiếc cho sự nông_cạn liên_đoàn đã đặt niềm tin vào hlv ngu_dốt này"
Huy Smartphone e mới cập nhập thông tin trước tưởng bác nhắn cái gì tào lao nên ko rep :)) thôi thì mình kệ mấy bạn ấy đi … Xem thêm,0.0,132,huy smartphone e mới cập nhập thông_tin trước tưởng bác nhắn cái gì tào_lao nên không rep : ) ) thôi_thì mình kệ mấy bạn ấy đi … xem thêm
"Tùng sói said :"" nhìn cái gì mà nhìn ;) """,0.0,41,"tùng sói said : "" nhìn cái gì mà nhìn ; ) """
Ngày xưa cha ông Ngài bắt dân Việt Nam nhổ lúa trồng đay. Bây giờ ông lại lặp lại chỉ khác một chút là Trâu già gặm cỏ non. Về bản chất hoàn toàn giống nhau đều đưa Việt Nam đến con đường tụt hậu. Chúng tôi khuyên ông muốn thắng Indonesia trong trận s… Xem thêm,0.0,261,ngày_xưa cha_ông ngài bắt dân việt nam nhổ lúa trồng đay . bây_giờ ông lại lặp_lại chỉ khác một_chút là trâu già gặm cỏ non . về bản_chất hoàn_toàn giống nhau đều đưa việt_nam đến con đường tụt_hậu . chúng_tôi khuyên ông muốn thắng indonesia trong trận s … xem thêm
lỗi lỗi cc,1.0,10,lỗi lỗi cc
"Ko thể để vụ này chìm được, để xem pl Việt Nam mình giải quyết vụ này thế nào",0.0,77,"không_thể để vụ này chìm được , để xem pl việt nam mình giải_quyết vụ này thế_nào"
Có cách nào tắt tiếng de rót không mn :)),0.0,41,có cách nào tắt tiếng de rót không mọi người : ) )
Thế này phải tìm cô nào gần nhà để yêu thôi,0.0,43,thế này phải tìm cô nào gần nhà để yêu thôi
Một chế độ sắp tới ngày suy tàn rùi nên mới để cho các phần tử lộng hành ngang tàng đến nzay,1.0,92,một chế_độ sắp tới ngày suy_tàn rùi nên mới để cho các phần_tử lộng_hành ngang_tàng đến nzay
Mày thiếu tính chuyên nghiệp. Hãy bắt cho thật công bằng,1.0,56,mày thiếu tính chuyên_nghiệp . hãy bắt cho thật công_bằng
Tiểu Tiểu Đại Đại nữa bé Ba ơi :)),0.0,34,tiểu tiểu đại đại nữa bé ba ơi : ) )
"Nó bị chó nhập rồi đm chạy nhanh không nó cắn chết bà bọn mày, ở đó mà hỏi lsao nữa",2.0,83,"nó bị chó nhập rồi đm chạy nhanh không nó cắn chết bà bọn mày , ở đó mà hỏi lsao nữa"
Có ngày may xin vĩnh viễn đừng giỡn với vn,1.0,42,có ngày may xin vĩnh_viễn đừng giỡn với vn
liên quan đéo gì đến con nó mà trù con nó kcos lỗ đít,1.0,53,liên_quan đéo gì đến con nó mà trù con nó kcos lỗ_đít
Duyên Suk chả liên quan nhưng avt của bạn là nữ sát thử thần tượng của tôi 😄😄😄,0.0,78,duyên suk chả liên_quan nhưng avt của bạn là nữ sát thử thần_tượng của tôi 😄 😄 😄
Đkm,1.0,3,đkm
Luật không áp dụng cho cán bộ . Dân chịu hết,0.0,44,luật không áp_dụng cho cán_bộ . dân chịu hết
Có thể với ông là tự hào nhưng với chúng tôi thì không !,0.0,56,có_thể với ông là tự_hào nhưng với chúng_tôi thì không !
cướp nhạc còn mở miệng kém thông minh =((,1.0,41,cướp nhạc còn mở_miệng kém thông_minh = ( (
Vũ oke sút rồi vô nhà đá ngồi hả bạn cũng bạn rồi bạn có được lợi gì về việc này không,0.0,86,vũ oke sút rồi vô nhà_đá ngồi hả bạn cũng bạn rồi bạn có được lợi gì về việc này không
Minh Trí thì zeros cũng đi chơi khá xa mà,0.0,41,minh trí thì zeros cũng đi chơi khá xa mà
Nó hỏi thì cứ xán vào nó làm gì,0.0,31,nó hỏi thì cứ xán vào nó làm gì
Đàn ông gì lạ kì vậy trời.mô phật,0.0,33,đàn_ông gì lạ_kì_vậy trời . mô phật
Nam Nam IB KÍN,0.0,14,nam nam inbox kín
Nói đéo ngoa thì cái xh này nát vcl rồi ế 😕😕😕,1.0,45,nói đéo ngoa thì cái xh này nát vcl rồi ế 😕 😕 😕
stupidly embarrassed the referee,2.0,32,stupidly embarrassed the_referee
Phụng Phèo Lina Nhi này lương cao nè các friends,0.0,48,phụng phèo lina nhi này lương cao nè các friends
Idol của anh quang :D,0.0,21,idol của anh quang : d
"Du ma lai tang thue,dit con me no,da an ban roi,con cai con cac j de dong nua",2.0,77,"du ma_lai tang thue , dit con me no , da an ban roi , con cai con cac gì de dong nua"
Bt xl sao ko bt lm công bằng từ đầu ik chó mù à,1.0,47,bình_thường xl sao không bình_thường lm công_bằng từ đầu ik chó mù à
Dành cho ae nào muốn test zô lấy link tải bản china,0.0,51,dành cho anh_em nào muốn test zô lấy link tải bản china
"Thanh niên trai tráng ai lại đi làm thế với phụ nữ,lòng người thật đáng sợ,làm người tốt thì cũng bị như này.",0.0,109,"thanh_niên trai_tráng ai lại đi làm thế với phụ_nữ , lòng người thật đáng sợ , làm người tốt thì cũng bị như này ."
Đm lần đầu tiên bố địt vào mày ad ạ.,2.0,36,đm lần đầu_tiên bố địt vào mày admin ạ .
Mày bị đuôi ak,1.0,14,mày bị đuôi ak
Chỉ muốn ad chửi chết tổ bọn chó chít này đi 😋😋😋😋,2.0,49,chỉ muốn admin chửi chết tổ bọn chó chít này đi 😋 😋 😋 😋
Gặp bố ỉa lên đầu bao lần rồi,0.0,29,gặp bố ỉa lên đầu bao lần rồi
xin quả nhạc đầu,0.0,16,xin quả nhạc đầu
Sĩ bọ dlm,1.0,9,sĩ bọ dlm
dân vn giàu lắm cứ tạm giữ cho nhiều vào cho dân mua xe mới.cho nghành công an có thu nhập có công ăn việc làm.,0.0,111,dân vn giàu lắm cứ tạm giữ cho nhiều vào cho dân mua xe mới . cho nghành công_an có thu_nhập có công ăn việc_làm .
Cực kì khuyết tật,1.0,17,cực_kì khuyết_tật
Ơ t xem clip tưởng mấy năm trc mới đánh ngu như thế hoá ra mới đc mấy hôm à,1.0,75,ơ t xem clip tưởng mấy năm trc mới đánh ngu như thế hoá_ra mới được mấy hôm à
Cô Trần Thị Nga bị nhà cầm tiền Việt Nam bắt tù đày chỉ có một tội duy nhất đó là....!,1.0,86,cô trần thị nga bị nhà cầm tiền việt nam bắt tù_đày chỉ có một tội duy_nhất đó là ... . !
Cá chết là do đéo biết bơi có thế thôi cũng họp :))),1.0,52,cá chết là do đéo biết bơi có thế thôi cũng họp : ) ) )
"thế thằng rách cũng là người nổi tiếng mà sao nó bỏ con, ăn cháo đá bát, ngủ với fan vậy? chúng mày bị nó lấy quần che mắt à? già mà ngu quá vậy ?",2.0,146,"thế thằng rách cũng là người nổi_tiếng mà sao nó bỏ con , ăn cháo đá bát , ngủ với fan_vậy ? chúng_mày bị nó lấy quần che mắt à ? già mà ngu quá vậy ?"
Gái hay trai vậy,0.0,16,gái hay trai_vậy
Rất thuyết phục:)),0.0,18,rất thuyết_phục : ) )
Minh Anh Mai Xin mọi người 3s để like và follow cho fanpage của mình nha.,0.0,73,minh anh mai xin mọi người 3s để like và follow cho fanpage của mình nha .
tính ra mấy Hít của Jack thì toàn người khác viết thôi á. Sau này giai đoạn tách khỏi Kicm thì không có bài nào được coi là Hít luôn á,0.0,134,tính ra mấy hít của jack thì toàn người khác viết thôi á . sau_này giai_đoạn tách khỏi kicm thì không có bài nào được coi là hít luôn á
Kệ cụ mày,2.0,9,kệ cụ mày
"Dàn cảnh tinh vi tội bé,",0.0,24,"dàn_cảnh tinh_vi tội bé ,"
Cô dễ thương quá cô ơi. Ai lớp du chu cà mo ❤️❤️❤️❤️,0.0,52,cô dễ_thương quá cô ơi . ai lớp du chu cà mo ❤ ️ ❤ ️ ❤ ️ ❤ ️
a hihi lũ chó lợn thích thủ dâm ở đây nhỉ,2.0,41,a hihi lũ chó lợn thích thủ_dâm ở đây nhỉ
Nl hả đicho,2.0,11,nl hả đicho
Nếu cứ bỏ qua lỗi và băy bừa rồi xl là song thì tôi muốn làm trọng tài để bv đội nào tao thích bóng đá phải có sử lý trọng tài đi ạ,0.0,131,nếu cứ bỏ_qua lỗi và băy bừa rồi xl là song thì tôi muốn làm trọng_tài để bv đội nào tao thích bóng_đá phải có sử lý trọng_tài đi ạ
Đạt Phạm dcu m đùa dai như tk bố m thế,2.0,38,đạt phạm dcu m đùa dai như tk bố m_thế
"Mẹ nó,tụi này lỗng hành quá",1.0,27,"mẹ nó , tụi này lỗng hành quá"
Do mặt Khánh Chi đơ hay sao mà mình nhìn thấy mặt có vẻ khó chịu vậy ạ?,0.0,71,do mặt khánh chi đơ hay sao mà mình nhìn thấy mặt có vẻ khó_chịu vậy ạ ?
"Thầy lồn được cái sủa dơ, yêu thầy <3",2.0,37,"thầy lồn được cái sủa dơ , yêu thầy < 3"
Mày bỏ con mẹ nó LOL đi Bắn fifai ấy KDA trông có óc chó không chứ.,2.0,67,mày bỏ con_mẹ nó lol đi bắn fifai ấy kda trông có óc chó không chứ .
Idol. Viết vậy là chết con đĩ mẹ người ta rồi,2.0,45,idol . viết vậy là chết con đĩ mẹ người_ta rồi
Quá mất cảnh giác.,0.0,18,quá mất cảnh_giác .
Bực mình :)),0.0,12,bực_mình : ) )
Bọn khốn kiếp,2.0,13,bọn khốn_kiếp
t đang coi film sếch à?,0.0,23,t đang coi film sếch à ?
ớ thì ông xem các live trym cách nói chuyện của bọn nó xem. tôi thấy 1 thằng thảo mai 1 thằng tồ tồ thì tôi nói thôi . Chính vì ko xin đăng live đc nên thằng quyền gạ thằng mực đánh độ tiền 100k để hạ thấp thằng mực. Thằng mực cay c… Xem thêm,0.0,242,ớ thì ông xem các live trym cách nói_chuyện của bọn nó xem . tôi thấy 1 thằng thảo mai 1 thằng tồ_tồ thì tôi nói thôi . chính vì không xin đăng live được nên thằng quyền gạ thằng mực đánh độ tiền 100k để hạ thấp thằng mực . thằng mực cay c … xem thêm
"THÁI LAN THẮNG RẤT ""THUYẾT PHỤC""",0.0,32,"thái_lan thắng rất "" thuyết_phục """
3 Bố con nhà thằng đó phải xử thật mạnh tay thì làm gương cho người khác : Nó lại còn nói nhà nó kg thiếu gì TIỀN ý là có TIỀN ĐỂ che giấu hành vi tội phạm như bố con nhà nó,1.0,173,3 bố con nhà thằng đó phải xử thật mạnh_tay thì làm_gương cho người khác : nó lại còn nói nhà nó kg thiếu gì tiền ý là có tiền để che_giấu hành_vi tội_phạm như bố con nhà nó
Nó bứng lông căz ra nó bồi thường,1.0,33,nó bứng lông căz ra nó bồi_thường
Nguyễn Thịnh như con đĩ quái thai. Bổ xug thêm con cu nưa nhé. Trứng hơi to 😁😁😁,2.0,79,nguyễn thịnh như con đĩ quái_thai . bổ xug thêm con cu nưa nhé . trứng hơi to 😁 😁 😁
Lại sống như rau dền :)))),1.0,26,lại sống như rau_dền : ) ) ) )
Ông nào GATO thì sẽ bảo ảnh này ghép cho coi 😥,0.0,46,ông nào gato thì sẽ bảo ảnh này ghép cho coi 😥
"Sao tụi bây toàn chửi nhau mà ko thấy làm gì hết,cao lông nó chưa hay nói cho vui",1.0,81,"sao tụi bây toàn chửi nhau mà không thấy làm gì hết , cao lông nó chưa hay nói cho vui"
Đĩ quýt Tiền nhìn mat hãm,2.0,25,đĩ quýt tiền nhìn mat hãm
Học phí tháng này đợi tháng sau em bù nha thầy :v dạo này bị thiếu kinh tế quá,0.0,78,học_phí tháng này đợi tháng sau em bù nha thầy : v dạo này bị thiếu kinh_tế quá
Đám chó vàng ăn được vậy. Chớ có ai ăn vậy. Xe lấy về sửa ko cũng chết. Mà 1 ngày còn 2 3 chục nữa,2.0,116,đám chó vàng ăn được vậy . chớ có ai ăn_vậy . xe lấy về sửa không cũng chết . mà 1 ngày còn 2 3 chục nữa
"miền nam, miền bắc, miền trung, 3 miền lận",0.0,42,"miền nam , miền bắc , miền trung , 3 miền lận"
Lũ súc vật tụi mày chết không yên đâu,2.0,37,lũ súc_vật tụi mày chết không yên đâu
Lỗi lỗi cái đcm mày,2.0,19,lỗi lỗi cái đcm mày
Pham Minh phục lồn .,1.0,20,pham minh phục lồn .
Đúng là chó chết thật,1.0,21,đúng là chó chết_thật
ở Hàn gọi là chiếc lá còn VN là lá chà bồn.,1.0,43,ở hàn gọi là chiếc lá còn vn là lá chà_bồn .
Con linh cá lóc là loại người không tha thứ dc.,2.0,47,con linh cá_lóc là loại người không tha_thứ dc .
ê cô già mà ngu nhỉ d chịu hiểu vấn đề sau bao drama mà vẫn tin thằng dách cho đc,2.0,81,ê cô già mà ngu nhỉ d chịu hiểu vấn_đề sau bao drama mà vẫn tin thằng dách cho được
Nghe hợp lý và thuyết phục anh em =)),0.0,37,nghe hợp_lý và thuyết_phục anh_em = ) )
Đi ngược với chính sách ngu dân chỉ có chết,1.0,43,đi ngược với chính_sách ngu dân chỉ có chết
Loại trọng tài này đề nghị AFC treo còi vĩnh viễn,1.0,49,loại trọng_tài này đề_nghị afc treo còi vĩnh_viễn
Gái alime,0.0,9,gái alime
Ae tẩy chay mực đi chứ nói nhiều làm gì fan này là fan bú win của người khác ạ all,1.0,82,anh_em tẩy_chay mực đi chứ nói nhiều làm gì fan này là fan bú win của người khác ạ all
Nguyễn Mạnh Hiệp gửi mấy ộp pa :)),0.0,34,nguyễn mạnh hiệp gửi mấy ộp pa : ) )
Tất cả cũng chỉ vì chữ tiền :),0.0,30,tất_cả cũng chỉ vì chữ tiền : )
ý thức nd đã kém rồi nói gì đến mấy anh bụng phệ,1.0,48,ý_thức nd đã kém rồi nói gì đến mấy anh bụng phệ
Đe'o chấp nhận oke,1.0,18,đe ' o chấp_nhận oke
ừ chiến sĩ chó xanh chó vàng coi dân thua chó luôn ê 3ke lai thú chúng mày xuống a tỳ hết là thé giới thái bình !!!,2.0,115,ừ chiến_sĩ chó xanh chó vàng coi dân thua chó luôn ê 3ke lai thú chúng_mày xuống a tỳ hết là thé giới thái_bình ! ! !
Ốc chó mới kêu cầm cờ việt nam diễn tập.,1.0,48,ốc chó mới kêu cầm cờ việt_nam diễn_tập .
Vẫn mãi là abe :)),0.0,18,vẫn mãi là abe : ) )
Rồi mắc cái ji mà sáp lại gần dữ z,1.0,34,rồi mắc cái ji mà sáp lại gần dữ z
nick pha ke,0.0,11,nick pha ke
vkl mực con,1.0,11,vkl mực_con
Vn chưa kịp dùng đi tù mẹ nó rồi,1.0,32,vn chưa kịp dùng đi tù mẹ nó rồi
Nhìn mặt thì ngắn ngủn. Mắt thì hít. Mũi thì to. Nhìn nhủ mấy thằng nô lệ.,2.0,74,nhìn mặt thì ngắn_ngủn . mắt thì hít . mũi thì to . nhìn nhủ mấy thằng nô_lệ .
m đéo bt câm mẹ có vài nghệ sĩ đã giải thích vì sao TĐ bán hàng 2 loại á,1.0,72,m đéo bình_thường câm mẹ có vài nghệ_sĩ đã giải_thích vì_sao tđ bán hàng 2 loại á
Quê tôi thể loại này ngta gọi là Mõm,1.0,36,quê tôi thể_loại này ngta gọi là mõm
Uh cần lồn gì phải lịch sự,1.0,26,uh cần lồn gì phải lịch_sự
đất nước ngày một thối nát,1.0,26,đất_nước ngày_một thối_nát
Ảnh khè :))),0.0,12,ảnh khè : ) ) )
"xin lỗi con cặk. Nghỉ việc đi thằng lo^`n. Địt cái lo^`n mẹ mày. Trời đất sinh hoa, vạn vật sinh sôi con mẹ mày lôi thôi đầu xanh mỏ đỏ gặm cỏ thay cơm đầu tóc bờn xờn khạc đờm tung tóe tao đcm mày. Lòn trâu lòn chó lòn bó xi măng lòn chằng mạng nhện lòn bận lá khoai lòn khoa lá mít lòn bít lòn thơm mà lòn thơm lòn đậm lòn đười ươi nói địt lòn còn vịt nó phang lòn giang mai lòn ỉa chảy lòn nhảy hip hop mà lòn xốp lm hàng hiệu lòn hàng triệu con súc vật mà t địt con đỹ mẹ m đứng từ trên cao mà lao đầu xuống đất địt lất phất như mưa rơi địt tơi bời như bom đạn địt lãng mạng như rumio và juliet",2.0,598,"xin_lỗi con cặk . nghỉ_việc đi thằng lo ^ ` n . địt cái lo ^ ` n mẹ mày . trời_đất sinh hoa , vạn_vật sinh_sôi con_mẹ mày lôi_thôi đầu_xanh mỏ đỏ gặm cỏ thay cơm đầu tóc bờn xờn khạc đờm tung tóe tao đcm mày . lòn trâu lòn chó lòn bó xi_măng lòn chằng mạng_nhện lòn bận lá khoai lòn khoa lá mít lòn bít lòn thơm mà lòn thơm lòn đậm lòn đười_ươi nói địt lòn còn vịt nó phang lòn giang_mai lòn ỉa_chảy lòn nhảy hip_hop mà lòn xốp lm hàng_hiệu lòn hàng triệu con súc_vật mà t địt con đỹ mẹ m đứng từ trên cao mà lao đầu xuống đất địt lất_phất như mưa rơi địt tơi_bời như bom_đạn địt lãng mạng như rumio và juliet"
Từ bao giờ người nhật mất ý thức như vậy💁,1.0,41,từ bao_giờ người nhật mất ý_thức như vậy 💁
tự bơi vào bị tao vả chứ chửi cl gi :)))) 1 thằng trên núi 1 thằng ở miền xui. nhục vcl cay t lắm mà có làm gi dc đâu. quê vcl :))) kkkkk,2.0,137,tự bơi vào bị tao vả chứ chửi cl gi : ) ) ) ) 1 thằng trên núi 1 thằng ở miền xui . nhục vcl cay t lắm mà có làm gi được đâu . quê vcl : ) ) ) kkkkk
"em cảm ơn đã giúp em từ rank đồng lên rank thách đấu chỉ trong 2 ngày mà không lấy 1 đồng nào, respect",0.0,102,"em cảm_ơn đã giúp em từ rank đồng lên rank thách đấu chỉ trong 2 ngày mà không lấy 1 đồng nào , respect"
Chậm thoi,0.0,9,chậm thoi
m cũng chỉ là thằng nhãi con thôi. Tầm suy nghĩ chưa lớn đc. Chắc cũng phần do cái gia đình m dạy dỗ k tử tế,1.0,108,m cũng chỉ là thằng nhãi_con thôi . tầm suy_nghĩ chưa lớn đc . chắc cũng phần do cái gia_đình m dạy_dỗ không tử_tế
Fan cứng có khác :))))),0.0,23,fan cứng có khác : ) ) ) ) )
Lương tháng dc có 7-8 triệu =)),0.0,31,lương tháng được có 7 - 8 triệu = ) )
cái chính quyền như cái lờ,1.0,26,cái chính_quyền như cái lờ
 thiên vị quá đáng lý ra thủ môn phải bị thẻ đỏ,0.0,47,thiên_vị quá đáng_lý ra thủ_môn phải bị thẻ_đỏ
Hat nhu lon 🙂,1.0,13,hat nhu lon 🙂
Liên đoàn Bóng đá Việt Nam - VFF mở to con ngươi mà đọc dùm coi,0.0,63,liên_đoàn bóng_đá việt_nam - vff mở to_con_ngươi mà đọc dùm coi
Sao thầy kh múa quạt nhỉ =))),0.0,29,sao thầy kh múa quạt nhỉ = ) ) )
Minh Ánh ác độc thiệt chứ,1.0,25,minh ánh ác_độc thiệt chứ
Phan Linh đb ct có lm j đâu ? Mà ss chán,1.0,40,phan linh đb ct có lm gì đâu ? mà ss chán
Chán đéo nói nỗi 🤣🤣,1.0,19,chán đéo nói nỗi 🤣 🤣
"Trình vàng mà gáy dạy đời ác, đợt này thì ông cố nội sống lại cũng hết cứu. Hạc thì đi với hạc cóc ké ba ba thì muôn đời z thôi",1.0,127,"trình vàng mà gáy dạy_đời ác , đợt này thì ông cố nội sống lại cũng hết cứu . hạc thì đi với hạc cóc ké ba_ba thì muôn_đời z thôi"
Trọng tài như cái đầu buồi ăn lol,2.0,33,trọng_tài như cái đầu buồi ăn lol
Đéo cần thằng chó như mày xin lỗi,2.0,33,đéo cần thằng chó như mày xin_lỗi
Cháu yêu chú nhiều,0.0,18,cháu yêu chú nhiều
đóm ngu số 1 địt ai dám tranh =:)))) . Ngọc bình tự dưng báo jack nhiệt tình cộng óc chó,2.0,88,đóm ngu số 1 địt ai dám tranh = : ) ) ) ) . ngọc bình tự_dưng báo jack nhiệt_tình cộng óc chó
Tại bọn lính cả,1.0,15,tại bọn lính cả
bố của mấy đứa miền bắc thôi... Còn miền nam hk có bố bố bố đâu,2.0,63,bố của mấy đứa miền bắc thôi ... còn miền nam hk có bố bố bố đâu
" =))) ngu đéo chịu được thế sao t k sơn r xoá số nhỉ có cái gì chứng minh xe của m nữa k, hay là đem hoá đơn ra",1.0,111,"= ) ) ) ngu đéo chịu được thế sao t không sơn r xoá số nhỉ có cái gì chứng_minh xe của m nữa k , hay_là đem hoá_đơn ra"
Đm nó dàn cảnh lạc hướng,1.0,24,đm nó dàn_cảnh lạc hướng
Hai thằng chim mồi,1.0,18,hai thằng chim_mồi
tối có stream không abe,0.0,23,tối có stream không abe
"chắc An đây mê gái đầu thai không hết gái nào bị chửi như chó , An chạy vào như 1 vị cứu tinh mặc kệ sự đời cứu dc rồi đưa 5 củ cho con cô ta á hả",1.0,146,"chắc an đây mê gái đầu_thai không hết gái nào bị chửi như chó , an chạy vào như 1 vị cứu_tinh mặc_kệ sự_đời cứu được rồi đưa 5 củ cho con cô ta á hả"
Huấn luyện viên không biết thế nào là nhục,0.0,42,huấn_luyện_viên không biết thế_nào là nhục
"Nó học cách của thằng anh nó đó , hèn , khốn nạn",1.0,48,"nó học cách của thằng anh nó đó , hèn , khốn_nạn"
rồi liên quan gì đến tk nguuu m thế ?,1.0,37,rồi liên_quan gì đến tk nguuu m thế ?
Cái lồn mẹ. Mấynhoom trước tao buk mình thì đỵt có chỗ nào xả. Hôm nay nguôi ngoai cả r thì mới tìm ra cái chổ chửi xả. Đỵt mẹ đời. Lồn mẹ chúng mày kể cả thằng ad mặt lồn bước ra đây để bố xem mặt,2.0,197,cái lồn mẹ . mấynhoom trước tao buk mình thì đỵt có chỗ nào xả . hôm_nay nguôi_ngoai cả r thì mới tìm ra cái chổ chửi xả . đỵt mẹ đời . lồn mẹ chúng_mày kể_cả thằng admin mặt lồn bước ra đây để bố xem_mặt
Ông nên tự biết xấu hổ mà từ chức,0.0,33,ông nên tự biết xấu_hổ mà từ_chức
Nghèo đã khổ ác thủ kg tha,1.0,26,nghèo đã khổ ác thủ kg tha
Cuong Quoc tui vẫn dẫn đầu nha tui vs Thi Thi đc ăn free nha mn ơi,0.0,66,cuong quoc tui vẫn dẫn_đầu nha tui với thi thi được ăn free nha mọi người ơi
Fake đó mấy ba má,0.0,17,fake đó mấy ba_má
Hóng phim ra rạp :)),0.0,20,hóng phim ra rạp : ) )
chết m* m đi,2.0,12,chết m * m đi
Lũ dog này.. Hoàn cảnh khó khăn chúng cũng không tha.. Phải điều đặc công ngoài Bắc vào để xử lý hết lũ dog này,2.0,111,lũ dog này . . hoàn_cảnh khó_khăn chúng cũng không tha . . phải điều đặc_công ngoài bắc vào để xử_lý hết lũ dog này
Ác quá mà ...vậy củg nhẫn tâm lấy đc nửa,1.0,40,ác quá mà ... vậy củg nhẫn_tâm lấy được nửa
Tôi nghiệp em xôi. Mấy thanh niên người ta mua gánh bán bưng vậy cũng đành. Xấu họ Mấy ah thanh niên quá. Ko bản lĩnh,0.0,117,tôi nghiệp em xôi . mấy thanh_niên người_ta mua gánh bán bưng vậy cũng đành . xấu họ mấy ah thanh_niên quá . không bản_lĩnh
Xin tên nhạc.,0.0,13,xin tên nhạc .
 why con mẹ m,2.0,13,why con_mẹ m
15p nuac gặp a iu,0.0,17,15p nuac gặp a iu
HOA LỤA - HOA TƯƠI NHẬP KHẨU CAO CẤP.,0.0,37,hoa lụa - hoa tươi nhập_khẩu cao_cấp .
Nhảm nhí. Mày kiếm đâu ra cái tờ giấy này rồi vu khốg thế,1.0,68,nhảm_nhí . mày kiếm đâu ra cái tờ giấy này rồi vu khốg_thế
Các cậu ngủ đi,0.0,14,các cậu ngủ đi
Nhìn mà ghê thật,0.0,16,nhìn mà ghê thật
Gia Bảo ci l**,2.0,14,gia_bảo ci l * *
Thứ giật tiền Minh Hiếu,1.0,23,thứ giật tiền minh hiếu
mày thấy tổng 8tr/tháng k thằng ngu,2.0,35,mày thấy tổng 8tr / tháng không thằng ngu
Giết được người mà ko bị pháp luật xử nghiêm minh thì 3bố con nhà mày sớm muộn cũng xuống âm phủ mà tiêu tiền.,2.0,110,giết được người mà không bị pháp_luật xử nghiêm_minh thì 3bố con nhà mày sớm_muộn cũng xuống âm_phủ mà tiêu tiền .
Chơi tí đồ ăn mừng,0.0,18,chơi tí đồ ăn_mừng
? M hiểu nhầm hay sao mà dãy nảy lên vậy . T nhận cày thua mà thì sao giống m đc mà m chửi ghê vậy . Chưa nói hết đã căng thẳng r =)),0.0,133,? m hiểu nhầm hay sao mà dãy nảy lên vậy . t nhận cày thua mà thì sao giống m được mà m chửi ghê_vậy . chưa nói hết đã căng_thẳng r = ) )
fuck out please,1.0,15,fuck out please
Hí ae là hiểu off sờ trym r đó😂,0.0,31,hí anh_em là hiểu off sờ trym r đó 😂
Thật ra chỉ cần vào mùa 20 phần xôi thì lấy 10 chiếc cũng ko biết đâu vì lúc đó lo làm rồi,0.0,90,thật_ra chỉ cần vào mùa 20 phần xôi thì lấy 10 chiếc cũng không biết_đâu vì lúc đó lo làm rồi
Nhịn thét làm tới:)),0.0,20,nhịn thét làm_tới : ) )
ad của page này chửi như muốn đổ cả rổ lồn vào mồm người khác ý :),2.0,66,admin của page này chửi như muốn đổ cả rổ lồn vào mồm người khác ý : )
Mai m ra đường xe tông mẹ đi,2.0,28,mai m ra đường xe tông mẹ đi
Nghe kiện củ khoai chưa. mà đéo hiểu nôi bạn nghe nhạc của 1 thằng tư cách 5củ hát có hay đến mấy mà không thấy tởm à. Hay bạn cuồng nó qua rồi.,1.0,144,nghe kiện củ khoai chưa . mà đéo hiểu nôi bạn nghe nhạc của 1 thằng tư_cách 5củ hát có hay đến mấy mà không thấy tởm à . hay bạn cuồng nó qua rồi .
A tuân hỏi chu cà mo la gi lam e cười mn xỉu,0.0,44,a tuân hỏi chu cà mo la gi lam e cười mọi người xỉu
Cũng giống lắm á :))),0.0,21,cũng giống lắm á : ) ) )
Vì mấy đồng bạc của người thái mà mày đánh mất đi lương chi của một con người,0.0,91,vì mấy đồng_bạc của người thái mà mày đánh mất đi lương chi của một con_người
Xl làm đeo sao may không làm tròn một thằng trọng tài trong trận đấu may xử ép VN thế xong mày xl là một xong không có đâu con,1.0,126,xl làm đeo sao may không làm_tròn một thằng trọng_tài trong trận_đấu may xử ép vn thế xong mày xl là một xong không có đâu con
cty Đang liên hệ để đàm phán tiền nhưng chỉ chịu chi 5 củ chứ ko phải 60 tỷ như Viruss yêu cầu nên Vi rút ko thèm liên lạc =)))),0.0,128,cty đang liên_hệ để đàm_phán tiền nhưng chỉ chịu chi 5 củ chứ không phải 60 tỷ_như viruss yêu_cầu nên vi rút không thèm liên_lạc = ) ) ) )
Hoàng Tử Băng Giá nhìn cách thay người là bít r,0.0,47,hoàng_tử băng_giá nhìn cách thay người là bít r
Cô nói câu nào cũng buồn cười hết trơn 😂,0.0,40,cô nói câu nào cũng buồn_cười hết trơn 😂
đủ trình kh,0.0,11,đủ trình kh
Tối qua off stream có khác anh ơiiii :v,0.0,39,tối qua off stream có khác anh ơiiii : v
"cu em mực bẩn tính mà tư duy phản biện còn kém nữa, trời ơi sao lại có thể tư duy phản biện mức mẫu giáo như thế được? đọc thêm sách vào cu",2.0,139,"cu em mực bẩn tính mà tư_duy phản_biện còn kém nữa , trời ơi sao lại có_thể tư_duy phản_biện mức mẫu_giáo như thế được ? đọc thêm sách vào cu"
"Mày làm như lên cái là hết trộm cướp ấy, với cái xã hội này chỉ có thể hạn chế thôi là đã mừng rồi nhé",1.0,102,"mày làm như lên cái là hết trộm_cướp ấy , với cái xã_hội này chỉ có_thể hạn_chế thôi là đã mừng rồi nhé"
Fake bọn ngu à,1.0,14,fake bọn ngu à
đất nước tôi đấy bạn nhé,0.0,24,đất_nước tôi đấy bạn nhé
ngu vl xd,1.0,9,ngu vl xd
Hí anh em ❤,0.0,11,hí anh_em ❤
Võ Phong cười ỉa,0.0,16,võ phong cười ỉa
Sory cái địt mẹ mày,2.0,19,sory cái địt_mẹ mày
bắt như con cặc mất một quả pen thẻ đỏ,1.0,38,bắt như con cặc mất một quả pen thẻ_đỏ
Mày hãy cút về nuớc đi,1.0,22,mày hãy cút về nuớc đi
cayy là gì ta,0.0,13,cayy là gì ta
Đéo cho thì nói ki bo cho rồi thì soi này soi nọ . Thế mày muốn chúng nó sống sao . Miệng chó ko mọc đk ngày voi cứt j củng phun ra đk,2.0,134,đéo cho thì nói ki_bo cho rồi thì soi này soi nọ . thế mày muốn chúng_nó sống sao . miệng chó không mọc đk ngày voi cứt gì củng phun ra đk
Bọn nầy tàn nhẫn quá trc sau cũng gặp quả báo,1.0,45,bọn nầy tàn_nhẫn quá trc sau cũng gặp quả_báo
bị ngu à? Nghe nhạc 2 thằng mà éo hiểu vấn đề,1.0,45,bị ngu à ? nghe nhạc 2 thằng mà éo hiểu vấn_đề
b52 ơi lứng quá B52 i,0.0,21,b52 ơi lứng quá b52 i
H toàn bọn béo ú ngu học làm lớn,2.0,32,h toàn bọn béo ú ngu học làm lớn
Cái lồn má mày thằng trọng tài chó,2.0,34,cái lồn má mày thằng trọng_tài chó
"Nhung ơi là Nhung, sao mày báo đời dữ vậy Nhung...):",1.0,52,"nhung ơi là nhung , sao mày báo đời dữ vậy nhung ... ) :"
Xin Quỳ,1.0,7,xin quỳ
có fan cứng nhưng nào đâu hiển thị :((,0.0,38,có fan cứng nhưng nào đâu hiển_thị : ( (
Fucking you,2.0,11,fucking you
Đm,1.0,2,đm
Mày ngu lắm may khong nên làm trong tài,2.0,39,mày ngu lắm may khong nên làm trong tài
"Lm thì lm mẹ nó r, lại vòn xl, ngứa",1.0,35,"lm thì lm mẹ nó r , lại vòn xl , ngứa"
Lại bú dái kata hả mực ngu,2.0,26,lại bú dái kata hả mực ngu
má trọng tà cay tù hồi nào tối nay nha ghim rồi á,1.0,49,má trọng tà_cay tù hồi nào tối nay nha ghim rồi á
Sủi kèo mà sủa ác :))),1.0,22,sủi kèo mà sủa ác : ) ) )
Bạn chả có máu hóa văn loz j cã=]],1.0,34,bạn chả có máu_hóa văn loz gì cã = ] ]
Gil lại đi cà khịa rồii😂,0.0,24,gil lại đi cà_khịa rồii 😂
"Tụi mày ăn đéo có cái gì, đéo có con Cặc gì, nhưng được cải, nước ngoài hỗ trợ ( xin lỗi nói thẳng) kích động gây chia rẽ",2.0,121,"tụi mày ăn đéo có cái gì , đéo có con cặc gì , nhưng được cải , nước_ngoài hỗ_trợ ( xin_lỗi nói_thẳng ) kích_động gây chia_rẽ"
"rách không bao, giờ đạo nhạc",1.0,28,"rách không bao , giờ đạo nhạc"
Cường quyền ác bá !,1.0,19,cường_quyền ác_bá !
Nguyễn An Huy ngu thua m chút à,1.0,31,nguyễn an huy ngu thua m chút à
Nick fake xin lỗi cái lồn :)),1.0,29,nick fake xin_lỗi cái lồn : ) )
Đây nè,0.0,6,đây nè
"Lên núi làm hảo hán, cướp của quan tham chia cho dân nghèo. Về đầu thú là tội chết.",1.0,83,"lên núi làm hảo hán , cướp của quan tham chia cho dân_nghèo . về đầu_thú là tội chết ."
Đời thường là như vậy nghèo lại gặp éo le chán,0.0,46,đời_thường là như_vậy nghèo lại gặp éo_le chán
"Luôn tin yêu và ủng hộ anh Jack -J97 ạ. Mong anh chân cứng đá mềm, kiên định vượt qua mọi sóng gió dư luận !!!!!",0.0,112,"luôn tin_yêu và ủng_hộ anh jack - j97 ạ . mong anh chân cứng đá mềm , kiên_định vượt qua mọi sóng_gió dư_luận ! ! ! ! !"
Anh nói hay ghê á :33,0.0,21,anh nói hay ghê á : 33
Tam quan lệch lạc,1.0,17,tam_quan lệch_lạc
hốt lun cái xe xôi mới chấn động,0.0,32,hốt lun cái xe xôi mới chấn_động
..😀😀,0.0,4,. . 😀 😀
Từ chức đi thằng mặt dầy. Cút khỏi đất nước Việt Nam.,1.0,53,từ_chức đi thằng mặt dầy . cút khỏi đất_nước việt_nam .
Bạn tao mày đừng có xàm l thông à mày cần tao không tao bênh nó đã bênh thang kia chưa thế giờ ng nhà m bị chửi thì m câm à thang ngu,2.0,133,bạn tao mày đừng có xàm l thông à mày cần tao không tao bênh nó đã bênh thang kia chưa thế giờ ng nhà m bị chửi thì m câm à thang ngu
đâu cap đi xem nào,0.0,18,đâu cap đi xem nào
"Thằng lồn cha với con đĩ mẹ mày không biết dạy mày nên mày mới dựng lồn lên xem vào chuyện của người khác, bộ tao ăn hết của ông nội mày sao mà mày lôi tao vào. Từ đầu tao đâu có lôi tên con đĩ mẹ mày ra nói đâu",2.0,211,"thằng lồn cha với con đĩ mẹ mày không biết dạy mày nên mày mới dựng lồn lên xem vào chuyện của người khác , bộ tao ăn hết của ông nội mày sao mà mày lôi tao vào . từ đầu tao đâu có lôi tên con đĩ mẹ mày ra nói đâu"
So so cái d*t c*n m* may,2.0,24,so so cái d * t c * n m * may
@Chiến trần chuẩn 👌,0.0,19,trần chuẩn 👌
q thi hut con ko lo danh nha ngu qua ngu,1.0,40,q thi hut con không lo danh nha ngu qua ngu
Chơi như cl mà rên như bị Đ!t :)),1.0,33,chơi như cl mà rên như bị đ ! t : ) )
Đúng là hề,0.0,10,đúng là hề
Con bóng chúa sẽ bị ma ám in bv 😏,1.0,33,con bóng chúa sẽ bị ma ám in bv 😏
Nhây :)))) chừa nhé,0.0,19,nhây : ) ) ) ) chừa nhé
bạn trai nhà người ta chưa bao giờ làm tôi thất vọng :)),0.0,56,bạn trai nhà người_ta chưa bao_giờ làm tôi thất_vọng : ) )
Phan cứng trong sự ngỡ ngàng😀,0.0,29,phan cứng trong sự ngỡ_ngàng 😀
nghe mày bênh thằng Rack vậy là biết ngay ngày xưa mày học rất ngu rồi :))),1.0,75,nghe mày bênh thằng rack vậy là biết ngay ngày_xưa mày học rất ngu rồi : ) ) )
"T thề là nếu như dịch bệnh mà hết và con Nhung này ra viện thì chắc là ai nhìn thấy nó thì cũng muốn lao vào xé xác nó ra ấy, thế có mà nó sợ tụt lờ k dám đi đâu đâu =)))))",1.0,172,"t_thề là nếu_như dịch_bệnh mà hết và con nhung này ra viện thì chắc là ai nhìn thấy nó thì cũng muốn lao vào xé_xác nó ra ấy , thế có mà nó sợ tụt lờ không dám đi đâu_đâu = ) ) ) ) )"
"Cút con me may khỏi đất nước của tao đi , thằng n g u học , phế vật",2.0,67,"cút con me may khỏi đất_nước của tao đi , thằng n g u học , phế vật"
"Mh thấy càng dưới vị thành niên mà phạm tội càng nên trừng phạt mạnh tay, vì chúng còn bé mà tư tưởng và hành động bạo lực như thế thỳ lớn lên k biết chúng còn trở nên thế nào nữa",0.0,179,"mh thấy càng dưới vị thành_niên mà phạm_tội càng nên trừng_phạt mạnh_tay , vì chúng còn bé mà tư_tưởng và hành_động bạo_lực như thế thỳ lớn lên không biết chúng còn trở_nên thế_nào nữa"
 đ.ần,1.0,5,đ . ần
Ông lấy bằng chứng gì để nói chuyện với chúng tôi. Thêm 1 tờ giấy biên bản nữa,0.0,78,ông lấy bằng_chứng gì để nói_chuyện với chúng_tôi . thêm 1 tờ giấy biên_bản nữa
"Boxit nữa, đừng quên bùn đỏ",0.0,27,"boxit nữa , đừng quên bùn đỏ"
Quên mẹ đi. D.ịt mẹ đâu có luật nào công an bồi thường xe cho dân. Tụi bây đem luật nào cho tao xem,1.0,99,quên mẹ đi . d . ịt mẹ đâu có luật nào công_an bồi_thường xe cho dân . tụi bây đem luật nào cho tao xem
Buôn bán mà người ta hỏi thăm đường kĩu này nên né ra ..đìu có sự khốn nạn trong đó hết ..,1.0,90,buôn_bán mà người_ta hỏi_thăm đường kĩu này nên né ra . . đìu có sự khốn_nạn trong đó hết . .
Trường,0.0,6,trường
Đứng đó ăn ccc à,1.0,16,đứng đó ăn ccc à
hèn hạ,1.0,6,hèn_hạ
Học công nghệ sản xuất kem chống nhục và phẫu thuật cắt dây thần kinh xấu hổ,1.0,76,học công_nghệ sản_xuất kem chống nhục và phẫu_thuật cắt dây thần_kinh xấu_hổ
Loại này bắt dc cứ tử hình. Bắt la tử hình liền. Bảo đảm sợ. Thứ này khỏi cãi tạo cm j hết,2.0,90,loại này bắt được cứ tử_hình . bắt la tử_hình liền . bảo_đảm sợ . thứ này khỏi cãi tạo cm gì hết
lỗi cái lồn má mày,2.0,18,lỗi cái lồn má mày
Dáng người thì cao đấy nhưng chất thì như lồn,1.0,45,dáng người thì cao đấy nhưng chất thì như lồn
đụ..vậy đầu óc có vấn đề chắc luôn,1.0,34,đụ . . vậy đầu_óc có vấn_đề chắc luôn
đĩ lồn,2.0,6,đĩ lồn
"Fuck you. Fuck your mom, fuck your father, fuck your family, fuck your grandmother, fuck you wife…",2.0,98,"fuck you . fuck your mom , fuck your father , fuck your family , fuck your grandmother , fuck you wife …"
đang chửi nhma thấy chim cánh cụt:)))),0.0,38,đang chửi nhma thấy chim cánh_cụt : ) ) ) )
Lúc nào Việt Nam chúng tôi cũng bị trọng tài bắt ép.. Xin lỗi được gì ông nên về hưu xóm đi..,0.0,93,lúc_nào việt_nam chúng_tôi cũng bị trọng_tài bắt_ép . . xin_lỗi được gì ông nên về hưu xóm đi . .
Cuộc thi khen vợ bắt đầu Mình trước : Vợ mình cả xóm ai cũng sợ!,0.0,64,cuộc thi khen vợ bắt_đầu mình trước : vợ mình cả xóm ai cũng sợ !
"Nguyễn An Huy t xấu chắc m đẹp, liuliu",0.0,38,"nguyễn an huy t xấu chắc m đẹp , liuliu"
Nhung Nguyễn 10₫,0.0,16,nhung nguyễn 10 ₫
Vitamin Nhung cđ m chứ ai nữa 😁😁,1.0,32,vitamin nhung cđ m chứ ai nữa 😁 😁
jack làm giáo viên à bạn ?,0.0,26,jack làm giáo_viên à bạn ?
Thg l,1.0,5,thg l
"Rất thích bài viết thế này. Hay và ý nghĩa, học thêm nhiều cái mới",0.0,66,"rất thích bài viết thế này . hay và ý_nghĩa , học thêm nhiều cái mới"
cái lồn,2.0,7,cái lồn
Bởi dừa lờ t lắm cho chừa cái tật chơi dọng cha dọng mẹ rồi bị chặt :)))))),1.0,75,bởi dừa lờ t lắm cho chừa cái tật chơi dọng cha dọng mẹ rồi bị chặt : ) ) ) ) ) )
"do chính quyền không thắt chặt kiểm soát. Phải lập thành nhiều đội làm mồi giả bộ nai tơ, trang bị bộ đàm không giây để liên lạc khi chứng đến. nhử bọn này đến ăn cắp, bên trong nhảy ra tóm trọn cả đám",0.0,204,"do chính_quyền không thắt chặt kiểm_soát . phải lập thành nhiều đội làm mồi giả_bộ nai tơ , trang_bị bộ_đàm không giây để liên_lạc khi chứng đến . nhử bọn này đến ăn_cắp , bên trong nhảy ra tóm trọn cả đám"
Bởi khi tụi này mà rớt nài thì ít được người dân nương tay trước khi giao C.A cũng đáng .,1.0,89,bởi khi tụi này mà rớt nài thì ít được người dân nương_tay trước khi giao c . a cũng đáng .
Bất tài vô dụng,1.0,15,bất_tài vô_dụng
Mê trai hả mài,1.0,14,mê trai hả mài
Thể loại fake xứng đáng làm người giống như thằng trọng tài thật vậy,1.0,68,thể_loại fake xứng_đáng làm người giống như thằng trọng_tài thật_vậy
Mấy thằg não cức,2.0,16,mấy thằg não cức
Đcm yêu nhau thế cơ à?,1.0,22,đcm yêu nhau thế_cơ à ?
những chiến sỹ nghe oai phong dũng cảm quá nhỉ !? kẻ thù của chúng là ai vậy !!!!???,0.0,84,những chiến_sỹ nghe oai_phong dũng_cảm quá nhỉ ! ? kẻ_thù của chúng là ai vậy ! ! ! ! ? ? ?
ác cả cha lẫn con mạng sống con người mà nó xem như lông chim,1.0,61,ác cả cha lẫn con mạng sống con_người mà nó xem như lông chim
loại m = con vave thôi đừng lắm lời Nói thẳng đéo có cửa để tao trl nhưng vì thấy m cmt nguuu dốt lên đây thì tao nói luôn Là t đéo binh nma tụi m ghét Nó thì chửi nó mắc cái gì chửi ngta đúng là loại bại não cận huyết nc có khác thôi về làm … Xem thêm,2.0,252,loại m = con vave thôi đừng lắm lời nói_thẳng đéo có cửa để tao trl nhưng vì thấy m cmt nguuu dốt lên đây thì tao nói luôn là t_đéo binh nma tụi m ghét nó thì chửi nó mắc cái gì chửi ngta đúng là loại bại não_cận huyết nc có khác thôi về làm … xem thêm
Đọc thần chú j v thầy 🤣,0.0,23,đọc thần_chú gì v thầy 🤣
Thành Huy Hoàng Tiến,0.0,20,thành huy_hoàng tiến
Tàn nhẫn quá luôn,1.0,17,tàn_nhẫn quá luôn
Tự nhiên nghĩ lại thấy đẹp trai cũng là cái tội ae ạ,0.0,52,tự_nhiên nghĩ_lại thấy đẹp_trai cũng là cái tội anh_em ạ
mỏ lồn của LOL VN mà :)) Nhìn cái mồm rộng như cái lồn mà bt rống ghê ntn r :)),2.0,79,mỏ lồn của lol vn mà : ) ) nhìn cái mồm rộng như cái lồn mà bình_thường rống ghê như thế_nào r : ) )
Ông nên từ chức đi cho đỡ nhục,1.0,30,ông nên từ_chức đi cho đỡ nhục
Cái đầu khấc,1.0,12,cái đầu khấc
thôi cháu ơi. cháu xem idol ngu của cháu cháu ảo tưởng it thôi cháu ạ. game it thoi.ra đường nhiều vào.trả dthoai cho mẹ cháu đi :))) học thì ngu mà cứ chửi người đi làm rồi,1.0,173,thôi cháu ơi . cháu xem idol ngu của cháu cháu ảo_tưởng it thôi cháu ạ . game it thoi . ra đường nhiều vào . trả dthoai cho mẹ cháu đi : ) ) ) học thì ngu mà cứ chửi người đi làm rồi
Đôi khi quảng cáo với cái đầu ngắn nên bị tổ trác. Thay vì hòa đồng thì cứ thích tỏ vẻ bố thiên hạ. Chán ông vin fet,1.0,116,đôi_khi quảng_cáo với cái đầu ngắn nên bị tổ trác . thay_vì hòa đồng thì cứ thích tỏ_vẻ bố thiên_hạ . chán ông vin fet
Sai r xin lỗi,0.0,13,sai r xin_lỗi
Lời xl muộn màng Xl r có thay đổi đc j,0.0,38,lời xl muộn_màng xl r có thay_đổi được gì
Đừng làm trọng tài nữa thằng mù,2.0,31,đừng làm trọng_tài nữa thằng mù
vãi...,1.0,6,vãi ...
Đọc xong tin nhắn mới biết. Mấy dạy và côn đồ từ gốc. Chắc mấy thằng đang trên bàn thờ nhà cháu cũng thế,1.0,104,đọc xong tin nhắn mới biết . mấy dạy và côn_đồ từ gốc . chắc mấy thằng đang trên bàn_thờ nhà cháu cũng thế
xem lại trận hqua đi cái dcm,1.0,28,xem lại trận hqua đi cái dcm
Khỏi đi để cháu còn đi học,0.0,26,khỏi đi để cháu còn đi học
"Đồng Tháp mới đin2 thằng Chộm chó đó! bọn ""ăn cứt"" này nếu đx thì cho chúng nó đi bớt đi",2.0,88,"đồng tháp mới đin2 thằng chộm chó đó ! bọn "" ăn cứt "" này nếu đx thì cho chúng_nó đi bớt đi"
"Lộ đoạn ghi âm Rách xin beat VR kìa ở đó mà làm việc công với chả tâm uy tín với danh dự , tự ái nhột rồi đăng bài làm việc để lùa gà với fan",1.0,141,"lộ đoạn ghi_âm rách xin beat vr kìa ở đó mà làm_việc công với chả tâm uy_tín với danh_dự , tự_ái nhột rồi đăng bài làm_việc để lùa gà với fan"
Gọi mấy thằng CA là phải dí thẳng tiền cho chúng nó.ko là đến già chúng nó cũng chả quan tâm,1.0,109,gọi mấy thằng ca là phải dí thẳng tiền cho chúng_nó . ko là đến già chúng_nó cũng chả quan_tâm
Vì ba cái like rẻ tiền để câu view à,1.0,36,vì ba cái like rẻ_tiền để câu view à
Đụ con đĩ mẹ thầy nhá,2.0,21,đụ con đĩ mẹ thầy nhá
ông giờ đã trở thành người nổi tiếng rồi.bắt như lồn,2.0,52,ông giờ đã trở_thành người nổi_tiếng rồi . bắt như lồn
"Đây đây đây ,ăn mẹ di",1.0,21,"đây đây đây , ăn mẹ_di"
Huyền Khánh Phùng chả vờ chả vịt :)),0.0,36,huyền khánh phùng chả vờ chả vịt : ) )
Nguyễn Mỹ Duyên cánh hoa may mắn:)),0.0,35,nguyễn mỹ duyên cánh hoa may_mắn : ) )
Đến bọn quan tham mà lừa đời chúng nó rồi cũng đâm đầu xuống sông chết thôi,2.0,75,đến bọn quan tham mà lừa đời chúng_nó rồi cũng đâm_đầu xuống sông chết thôi
Mắt bị cục shit lấp à. Fake you,2.0,31,mắt bị cục shit lấp à . fake you
2thag ôn con đến cửa hàng xe hơi đòi mua siêu xe.,1.0,49,2thag ôn_con đến cửa_hàng xe_hơi đòi mua siêu xe .
Thằng hlv như cc cút về nước,1.0,28,thằng hlv như cc cút về nước
muộn r :)),0.0,10,muộn r : ) )
Ông biết nhục nhã la gi k.đá 10 trận.thua 9.kể cả khi ông thắng indo tran lượt về.thi ông nên từ chức. Bất tài vô dụng ma lương cao,1.0,131,ông biết nhục_nhã la gi k . đá 10 trận . thua 9 . kể_cả khi ông thắng indo tran lượt về . thi ông nên từ_chức . bất_tài vô_dụng ma lương cao
Lên top chỉ qua được ng ta ủng hộ sau vụ việc thg KICM nhạc dell hay chổ nào,1.0,76,lên top chỉ qua được ng ta ủng_hộ sau vụ_việc thg kicm nhạc dell hay chổ nào
Trọng tài như con cac,2.0,21,trọng_tài như con cac
Con mẹ nhà mày thăng lol mày mù à,2.0,33,con_mẹ nhà_mày thăng lol mày mù à
Nguyễn Trọng Hiệp Đm óc cức à bạn trẻ...,2.0,40,nguyễn trọng hiệp đm óc cức à bạn trẻ ...
Mn ơiii giúp em với ạ,0.0,21,mọi người ơiii giúp em với ạ
"Cái page này phản động đấy, ad súc vật biết cc j đâu",2.0,52,"cái page này phản_động đấy , admin súc_vật biết cc gì đâu"
Ảnh về với điều kiện tay chân ảnh lên :3,0.0,40,ảnh về với điều_kiện tay_chân ảnh lên : 3
"Tới bến, sáng dzìa",0.0,18,"tới bến , sáng dzìa"
Lỗi nhục của trọng tài. Trình độ bắt trọng tài kém thì nên ở nhà.,1.0,65,lỗi nhục của trọng_tài . trình_độ bắt trọng_tài kém thì nên ở nhà .
"Thầy bói Ba cl gì gì vậy thầy, đem con susan ra thế giới à",1.0,58,"thầy_bói ba cl gì gì vậy thầy , đem con susan ra thế_giới à"
Trông đánh con aatrox..,0.0,23,trông đánh con aatrox . .
Về đi hái nho đi,0.0,16,về đi hái nho đi
Bắt sai cho cố ra nói xin lỗi,1.0,29,bắt sai cho cố ra nói xin_lỗi
"tự kiểm điểm, có cái éo đó cứ làm hoài",1.0,38,"tự kiểm_điểm , có cái éo đó cứ làm hoài"
rank gì nhưng mà ít nhất nó còn sống ra con người. Chứ loại gato xong toxic thì chỉ vậy thôi.,1.0,93,rank gì nhưng mà ít_nhất nó còn sống ra con_người . chứ loại gato xong toxic thì chỉ vậy thôi .
Ô ko phù hop,0.0,12,ô không phù_hop
"Nó chửi Cô Minh Hiếu là sai, nhưng mà đm tụi m thật sự rất quá đáng, nó có xạo hay gì đó nếu ko ảnh hưởng ai thì việc gì phải đập phá chén cơm người khác v, còn việc giá 1 chai nước hoa rẻ thì tự tụi m phải nhận thức được nó là hàng loại nào, nếu thấy chấp nhận thì mua nó đâu ship lại hay lấy dao kề cổ bắt bây mua. Còn Trần Đoàn nên có lời xin lôi tới cô MH đi, còn TĐ nó có xạo sài hàng fake hay thật kệ nó, tụi bây chắc gì ko sống ảo chắc gì ko sài hàng fake nên ai làm gì kệ ngta tạo nghiệp chi v.",1.0,502,"nó chửi cô minh hiếu là sai , nhưng mà đm tụi m thật_sự rất quá_đáng , nó có xạo hay gì đó nếu không ảnh_hưởng ai thì việc gì phải đập phá chén cơm người khác v , còn việc giá 1 chai nước_hoa rẻ thì tự tụi m phải nhận_thức được nó là hàng loại nào , nếu thấy chấp_nhận thì mua nó đâu ship lại hay lấy dao kề cổ bắt bây mua . còn trần đoàn nên có lời xin lôi tới cô mh đi , còn tđ nó có xạo sài hàng fake hay thật kệ nó , tụi bây chắc gì không sống ảo chắc gì không sài hàng fake nên ai làm gì kệ ngta tạo nghiệp chi v ."
Đậu xanh toàn share link tiếng việt vậy,0.0,39,đậu_xanh toàn share link tiếng việt_vậy
Bán ba cái nước hoa xạo,1.0,23,bán ba cái nước_hoa xạo
từng này tuổi r còn bị thằng trẻ con nó dắt mũi. chọn sai idol cx là 1 cái tội =)),1.0,82,từng này tuổi r còn bị thằng trẻ_con nó dắt_mũi . chọn sai idol cũng là 1 cái tội = ) )
"cái loại bỏ con k nhận thì đạo đức gì mà lên tiếng má, cừi đái Nguyễn Thị Bích Ngọc coi hề nè má",1.0,96,"cái loại_bỏ con không nhận thì đạo_đức gì mà lên_tiếng má , cừi đái nguyễn thị bích ngọc coi hề nè má"
A di đà Phật xin cho con về với Phật,0.0,36,a_di_đà phật xin cho con về với phật
Thật nực cười,0.0,13,thật nực_cười
Trần Hảo chị xem coi mà biết . Ra đường lam j lam . Gặp ng lạ để ý cảnh giác . cứ lo cho c,0.0,90,trần hảo chị xem coi mà biết . ra đường lam gì lam . gặp ng lạ để_ý cảnh_giác . cứ lo cho c
"Tôi tha thiết đề nghị chủ tịch VFF sa thải ngay Troussier,thua mất mặt hơn 10 trận đấu liên tiếp rùi",0.0,100,"tôi tha_thiết đề_nghị chủ_tịch vff sa_thải ngay troussier , thua mất_mặt hơn 10 trận_đấu liên_tiếp rùi"
Tuân Đào nghe noi thich tone giong nay,0.0,38,tuân đào nghe noi thich tone giong nay
"Bọn phản quốc lúc cặc nào cũng than nghèo kể khổ. Ngồi nhà cả ngày, soi mói báo mạng kích động bạo lực. Bảo sao thất nghiệp với vô học. Về xứ cali chúng mày đi. Mới xả súng đấy. :))))))))",2.0,187,"bọn phản_quốc lúc cặc nào cũng than nghèo kể khổ . ngồi nhà cả ngày , soi_mói báo mạng kích_động bạo_lực . bảo sao thất_nghiệp với vô_học . về xứ cali chúng_mày đi . mới xả súng đấy . : ) ) ) ) ) ) ) )"
Người chúng tôi cần phải như này. Có thua đi chăng nữa. Người hâm mộ vẫn vui ấm lòng ông Tru Si Êhhhhhhhhhhhhh ơi,0.0,113,người chúng_tôi cần phải như này . có thua đi chăng_nữa . người hâm_mộ vẫn vui ấm lòng ông tru si êhhhhhhhhhhhhh ơi
Báo chí gì mà nói sạo lộ liễu. Nản,1.0,34,báo_chí gì mà nói sạo lộ_liễu . nản
"noi dong cham toi ban tot 16 chu vang la bi ghep toi phan dong ,,, roi co ca dam dlv ngu ngoc tre trau cung vo goi la phan dong viet tan potay luon",1.0,147,"noi dong cham toi ban tot 16 chu vang la bi ghep toi phan_dong , , , roi co ca dam dlv ngu ngoc tre trau cung vo goi la phan dong viet tan potay luon"
acc giả hay sao ý j mà đang bắt lại đăng 4 phút trước,0.0,53,acc giả hay sao ý gì mà đang bắt lại đăng 4 phút trước
Chị oi ! ai cũng muốn mình đẹp mà khổ nổi ko có tiền,0.0,52,chị oi ! ai cũng muốn mình đẹp mà khổ nổi không có tiền
Why cái mả mẹ mày về quê con mẹ mày đi,2.0,38,why cái mả mẹ mày về quê con_mẹ mày đi
"Ê chó ad. Nó nói chất độc ko thể ăn được có gì sai à? Chỉ cái lủ chó như...cha mẹ mày chẳng hạn, trộn chất độc vào để tăng lợi nhuận rồi kéo theo việc hại dân thui nhé",2.0,197,"ê chó ad . nó nói chất_độc không_thể ăn được có gì sai à ? chỉ cái lủ chó như ... cha_mẹ mày chẳng_hạn , trộn chất_độc vào để tăng lợi_nhuận rồi kéo_theo việc hại dân thui nhé"
hhh mõm ít th cháu ơi do m nguu t ko thèm nc vs m đấy,1.0,53,hhh mõm ít th cháu ơi do m nguu t không thèm nc với m đấy
Văn Việt quay ăn lon,1.0,20,văn việt quay ăn lon
Khốn nạn nhất là cái thằng ra luật ăn trộm ko dược đánh.dânhs nó bị thương tích là tri tố.y như thằng ăn trộm ra luật vậy,2.0,121,khốn_nạn nhất là cái thằng ra luật ăn_trộm không dược đánh . dânhs nó bị thương_tích là tri tố . y_như thằng ăn_trộm ra luật_vậy
"Năm mới chúc các bạn đạt được tất cả mục tiêu của cuộc sống,",0.0,60,"năm mới chúc các bạn đạt được tất_cả mục_tiêu của cuộc_sống ,"
Chào đ/c thiếu tướng Trần Dần,0.0,29,chào đ / c thiếu_tướng trần dần
Đit mẹ may,2.0,10,đit mẹ may
"CS miệng và đít chúng là một chỗ. Một chế độ thổ tả không còn sửa sai được nữa, mà phải thay đổi với một chế độ khác. Sống với CS mà không biết gì về thủ đoạn của bọn chúng là không có cái đầu.",2.0,232,"cs miệng và đít chúng là một chỗ . một chế_độ thổ_tả không còn sửa_sai được nữa , mà phải thay_đổi với một chế_độ khác . sống với cs mà không biết gì về thủ_đoạn của bọn chúng là không có cái đầu ."
tao vẫn đéo hiểu cái loại mày bỏ cái chuột với cái bàn phím ra với giống bố đời kiểu này làm đc clg cho đời,2.0,107,tao vẫn đéo hiểu cái loại mày bỏ cái chuột với cái bàn_phím ra với giống bố đời kiểu này làm được clg cho đời
"Con bóng đực kia cũng là dạng đầu trâu mặt ngựa, 2 mặt, nịnh bợ.",2.0,64,"con bóng đực kia cũng là dạng đầu trâu mặt ngựa , 2 mặt , nịnh_bợ ."
"Giống như câu , Ngêu sò tranh nhau , Ngư ông đắc lợi",0.0,52,"giống như câu , ngêu sò tranh nhau , ngư ông đắc lợi"
Xl cdmm,2.0,7,xl cdmm
Cô minh hiếu mà hết thời là mày cũng hết đường làm ăn luôn nha con bóng đồng tháp bán dồ giả,2.0,92,cô minh hiếu mà hết thời là mày cũng hết đường làm_ăn luôn nha con bóng đồng tháp bán dồ giả
"Ai k tin chứ tôi tin vào quả báo và nhân quả, k đến sớm thì muộn chứ k thoát đc chỗ nào đâu...",0.0,94,"ai không tin chứ tôi tin vào quả_báo và nhân_quả , không đến sớm thì muộn chứ không thoát được chỗ nào đâu ..."
"Nói gì thì nói chớ , tui đang bị cách ly ở đà nẵng 😓😓",0.0,53,"nói gì thì nói chớ , tui đang bị cách_ly ở đà_nẵng 😓 😓"
Chi dep qua c oi.su con cho do di c.con mat day con cho phan quoc.,2.0,66,chi dep qua c oi . su con cho do di_c . con mat day con cho phan quoc .
Mốt tập nói tiếng hoa kiểu này 🤣🤣🤣 Kom Tuấn Hạnh Kim Trần,0.0,57,mốt tập nói tiếng hoa kiểu này 🤣 🤣 🤣 kom tuấn hạnh kim trần
Cc  3 m,2.0,7,cc 3 m
😊😊😊,0.0,3,😊 😊 😊
Xin vĩnh biệt cụ trọng tài,1.0,26,xin vĩnh_biệt cụ trọng_tài
Ví anh làm kiểu gì mà trong ví lúc nào cx nhiều tiền vậy ?,0.0,69,ví anh làm kiểu gì mà trong ví lúc_nào cũng nhiều tiền vậy ?
Tao cũng không hiểu tại sao mấy thằng đầu óc có vấn đề mới thuê cái thằng này làm việc,2.0,86,tao cũng không hiểu tại_sao mấy thằng đầu_óc có vấn_đề mới thuê cái thằng này làm_việc
E đag rank vàng a tính thuê a cày nma sợ bị cno hành xong a lại đổ lỗi tại đồng đội tại bên kia tol thì khổ ngta :(( huhu,0.0,121,e đag rank vàng a tính thuê a cày nma sợ bị cno hành xong a lại đổ lỗi tại đồng_đội tại bên kia tol thì khổ ngta : ( ( huhu
Ngu người,1.0,9,ngu người
phải tới. Cùng lắm 9 tháng 10 ngày đẻ thêm đứa nữa. Tốn thêm 2tr/th là ok. Công ty ko để đc xài bao,0.0,99,phải tới . cùng lắm 9 tháng 10 ngày đẻ thêm đứa nữa . tốn thêm 2tr / th là ok . công_ty không để được xài bao
Lag à anh ưi,0.0,12,lag à anh ưi
loại ăn cướp mà,2.0,15,loại ăn_cướp mà
đéo cho xin lỗi,1.0,15,đéo cho xin_lỗi
"RIết thằng ad chửi nhảm quá, cp1 gì thì chửi bệnh viện. Lôi cả cái đất nước vào làm gì :))",2.0,90,"riết thằng admin chửi nhảm quá , cp1 gì thì chửi bệnh_viện . lôi cả cái đất_nước vào làm gì : ) )"
con mL thắm đâu,1.0,15,con ml thắm đâu
A Di Đà Phật mong là dịch sẽ đập tắc,0.0,36,a_di_đà phật mong là dịch sẽ đập tắc
"não cùn thì s mà hiểu đc, thích thì tự ib m dọa ai thế??bố đây đếch rảnh tiếp chuyện vs lũ ko não",1.0,97,"não cùn thì s mà hiểu đc , thích thì tự inbox m dọa ai thế ? ? bố đây đếch rảnh tiếp_chuyện với lũ không não"
 kêu rách cho vai chính giống thiên an đi b,1.0,43,kêu rách cho vai chính giống thiên_an đi b
Chill phết:)),0.0,13,chill phết : ) )
Xin lỗi cái (.),0.0,15,xin_lỗi cái ( . )
"đánh hay thì tung hô đánh ngu thì ""content thôi"", tẩy trắng hay đấy. Content đếu phải conten oke ?",0.0,98,"đánh hay thì tung_hô đánh ngu thì "" content thôi "" , tẩy trắng hay đấy . content đếu phải conten oke ?"
"Chỉ có mấy con chó phản động ba que mới thích thú đọc những tin kiểu này để xuyên tạc chống phá! Nhưng cái bạn yên tâm là lũ chúng nó chỉ là 1 trong hàng triệu người dân vn thôi, ko làm ăn đk gì đâu! :))) chỉ nên mạng sủa sáng, sủa tối, sủa trưa, để",2.0,249,"chỉ có mấy con chó phản_động ba_que mới thích_thú đọc những tin kiểu này để xuyên_tạc chống_phá ! nhưng cái bạn yên_tâm là lũ chúng_nó chỉ là 1 trong hàng triệu người dân vn thôi , không làm_ăn đk gì đâu ! : ) ) ) chỉ nên mạng sủa sáng , sủa tối , sủa trưa , để"
yogurt oi loc raaaaa,0.0,20,yogurt oi loc raaaaa
Nghiệp quật là có thật,0.0,22,nghiệp quật là có thật
Bọn ruồi phát sáng như bọn m chỉ có thế,1.0,39,bọn ruồi phát sáng như bọn m chỉ có thế
Nói vậy có ngành du lịch để làm gì?,0.0,35,nói vậy có ngành du_lịch để làm gì ?
hoy đi may cũng vay à có khác gì ai đâu mà bênh gái hả vào thông tin coi thì quả thật trẻ trâu chơi ff,1.0,102,hoy đi may cũng vay à có khác gì ai đâu mà bênh gái hả vào thông_tin coi thì quả_thật trẻ trâu chơi ff
"Brian Le thằng Vr toàn tự mèo khen mèo dài đuôi, tự nâng mình hạ thấp người khác, nết xấu, mõm là giỏi. Kêu thằng J k biết nốt nhạc, thế thằng J đúng chuẩn thần đồng âm nhạc, sáng tác cả chục bài Big Hit, thằng học nhạc viện HQ hít khói, không bằng số … Xem thêm",2.0,262,"brian le thằng vr toàn tự mèo khen mèo dài đuôi , tự nâng mình hạ thấp người khác , nết xấu , mõm là giỏi . kêu thằng gì không biết nốt_nhạc , thế thằng gì đúng chuẩn thần_đồng_âm_nhạc , sáng_tác cả chục bài big hit , thằng học nhạc_viện hq hít khói , không bằng số … xem thêm"
đánh ngu cày thuê cc,1.0,20,đánh ngu cày thuê cc
chứ k phải đăng stt hay cmt băng ngôn ngữ của sv hả=))) trẻ nghé tưởng mình dễ thương,1.0,85,chứ không phải đăng stt hay cmt_băng ngôn_ngữ của sv hả = ) ) ) trẻ nghé tưởng mình dễ_thương
Tông môn mày,2.0,12,tông môn mày
Chết là phải toàn thành phần óc chó đua xe không,2.0,48,chết là phải toàn thành_phần óc chó đua xe không
Lê Hà Thư vẫn cứ là ok:))),0.0,26,lê hà thư vẫn cứ là ok : ) ) )
Xin là xin Vĩnh biệt cụ,0.0,23,xin là xin vĩnh_biệt_cụ
Gọi mấy thằng CA là phải dí thẳng tiền cho chúng nó.ko là đến già chúng nó cũng chả quan tâm,1.0,109,gọi mấy thằng ca là phải dí thẳng tiền cho chúng_nó . ko là đến già chúng_nó cũng chả quan_tâm
hhhhh bị chưởi đell biết nhục Đúng là nói ko khôn ra tưởng là mình ngầu,1.0,71,hhhhh bị chưởi đell biết nhục đúng là nói không khôn ra tưởng là mình ngầu
Lol bắt Trọng tài như cc,1.0,24,lol bắt trọng_tài như cc
ohh weoo thiệc là mắc cừi~~,0.0,27,ohh weoo thiệc là mắc cừi ~ ~
Con mụ thần kinh,2.0,16,con mụ thần_kinh
đủ kiều lừa !!! Huỳnh Như,0.0,25,đủ kiều lừa ! ! ! huỳnh như
Bọn này nên lấy búa đập hết mấy ngón tay của nó đi rồi cho vào tù mới hả được giận. Có sức khỏe mà lại đi làm những CV không ai chấp nhận được như vậy.,2.0,151,bọn này nên lấy búa đập hết mấy ngón tay của nó đi rồi cho vào tù mới hả được giận . có sức_khỏe mà_lại đi làm những cv không ai chấp_nhận được như_vậy .
"""kkk ông nhõi kia chắc 2k5 2k6 sáng vẫn xin mẹ tiền mua xôi cứ vào đây để trình bày"" có chỗ nào hỏi rank gì à =)))))",0.0,116,""" kkk ông nhõi kia chắc 2k5 2k6 sáng vẫn xin mẹ tiền mua xôi cứ vào đây để trình_bày "" có chỗ nào hỏi rank gì à = ) ) ) ) )"
à thế ba chửi con thì sao ba cho tiền ăn học sao con nguuu quá v,2.0,64,à thế ba chửi con thì sao ba cho tiền ăn_học sao con nguuu quá v
Cầm tiền r lượn Mỏ cứ như dính đờm )),0.0,37,cầm tiền r lượn mỏ cứ như dính đờm ) )
chiến sũ cái cc là cái lũ cướp bóc nhơ nhớt xác định khoác lên cái ao màu vàng là xác định cái nghề chặn cướp của nhân dân. Đuỵt mẹ nói lên cái từ chiến sĩ nghe mắc ói.,2.0,168,chiến sũ cái cc là cái lũ cướp_bóc nhơ nhớt xác_định khoác lên cái ao màu vàng là xác_định cái nghề chặn cướp của nhân_dân . đuỵt mẹ nói lên cái từ chiến_sĩ nghe mắc ói .
Diện Trần,0.0,9,diện trần
bú win chứ vào toàn thuê diễn viên qua t gặp hai game t ẻ lên đầu mà,1.0,68,bú win chứ vào toàn thuê diễn_viên qua t gặp hai game t ẻ lên đầu mà
Bố thằng chó😡😡,2.0,14,bố thằng chó 😡 😡
"K bắt đc, thì bà cũng bắt",0.0,25,"không bắt đc , thì bà cũng bắt"
Chết mẹ đi địt cụ thằng trọng tài,2.0,33,chết mẹ đi địt cụ thằng trọng_tài
Duy Trần gửi cho em xin vd với ạ,0.0,32,duy trần gửi cho em xin vd với ạ
So cái địt cụ mày,2.0,17,so cái địt cụ mày
Con Linh nó vẫn chứng nào tật nấy . Vì bản chất của nó là vậy. 😏,1.0,64,con linh nó vẫn chứng nào tật nấy . vì bản_chất của nó là vậy . 😏
Hả dạ,0.0,5,hả_dạ
Chơi quả tướng 200 năm mà thua nhìn có chán ko,0.0,46,chơi quả tướng 200 năm mà thua nhìn có chán không
chụp cái qả ảnh đéo phải địa chỉ cụ thể xong trốn chui nhủi nhục như con chó ấy =)),2.0,83,chụp cái qả ảnh đéo phải địa_chỉ cụ_thể xong trốn chui_nhủi nhục như con chó ấy = ) )
Tức nước vỡ bờ. Cả một lũ chó hại dân,2.0,37,tức nước vỡ bờ . cả một lũ chó hại dân
1 phút 30 giây. À ko 1 giây là fb bạn bay luôn,0.0,46,1 phút 30 giây . à không 1 giây là fb bạn bay luôn
Mình hiểu uống sao không tan mỡ bụng chị  Ba vàng  Ngọc  cũng  giàu.   Hóa cho  nên đồng. Hùi hụi cho tới tháng  tám,0.0,116,mình hiểu uống sao không tan mỡ bụng chị ba vàng_ngọc cũng giàu . hóa cho nên đồng . hùi_hụi cho tới tháng tám
Nguyễn Mạnh kinh thế,0.0,20,nguyễn mạnh kinh_thế
"Nga Tran Chính xác là có nghề chuổi mướn, và cũng gánh nghiệp hộ người khác. Mấy đứa đó ngoài xã hội bất tài, nên phải nấp lên mxh dưới 1 thân phận khác",0.0,152,"nga tran chính_xác là có nghề chuổi mướn , và cũng gánh_nghiệp hộ người khác . mấy đứa đó ngoài xã_hội bất_tài , nên phải nấp lên mxh dưới 1 thân_phận khác"
Ko những hư mà còn bị luột sạch đồ nữa,0.0,38,không_những hư mà còn bị luột sạch đồ nữa
Bọn này nên cho vào tù mãn đời thì xh mới tốt đẹp,1.0,49,bọn này nên cho vào tù mãn đời thì xh mới tốt_đẹp
Trời dang dòm ngó Tôi mày,1.0,25,trời dang dòm_ngó tôi mày
Ủa lạc đâu ra mấy con chó này thế =)) Tao bảo cno sống chậm thôi chứ tao bảo ông bà già chúng m sống chậm à mà vào sủa :))?,2.0,123,ủa lạc đâu ra mấy con chó này thế = ) ) tao bảo cno sống chậm thôi chứ tao bảo ông bà_già chúng m sống chậm à mà vào sủa : ) ) ?
"sao trêu bạn vậy. Sản phẩm nghe như cức vậy mà bác nỡ lấy cái l ra so sánh, mất giá cái l quá nha",1.0,97,"sao trêu bạn vậy . sản_phẩm nghe như cức vậy_mà bác nỡ lấy cái l ra so_sánh , mất_giá cái l quá nha"
xàm lồn,1.0,7,xàm lồn
mà thôi nói với cái loại vô văn hoá như mày . phải dùng từ ngữ của loài chó để nói vs mày . mai tao kêu con chó nhà tao nó sủa vs mày,2.0,133,mà thôi nói với cái loại vô văn_hoá như mày . phải dùng từ_ngữ của loài chó để nói với mày . mai tao kêu con chó nhà tao nó sủa với mày
May giau qua ha sao may duoc tien cua chi minh hieu😡😠😈 sao may mat day qua da may,2.0,81,may giau qua ha sao may duoc tien cua chi minh hieu 😡 😠 😈 sao may mat day qua da may
"bạn ơi J vào thẳng bài viết của ổng để comment nhưng ko nhận đc chút hồi âm nào nhé, cái stt ổng đăng bên trang cá nhân ẩn ý chắc gì là chỉ ông kia hay tự nhận về mình đây, hẳn là beat của ổng trong khi ổng mở mồm trong livetream là ko phải, sao liên lạc ông kia đéo tl đi mà còn cái kiểu lên livetream nói linh tinh:))) Hèn! Hay là tưởng tk J nó hiền quá bao vụ nó cho qua thì mình muốn múa gì múa , dùng cái não chút đi nào",1.0,425,"bạn ơi gì vào thẳng bài viết của ổng để comment nhưng không nhận được chút hồi_âm nào nhé , cái stt ổng đăng bên trang cá_nhân ẩn_ý chắc gì là chỉ ông kia hay tự nhận về mình đây , hẳn là beat của ổng trong khi ổng mở mồm trong livetream là không phải , sao liên_lạc ông kia đéo tl đi mà còn cái kiểu lên livetream nói linh_tinh : ) ) ) hèn ! hay là tưởng tk gì nó hiền quá bao vụ nó cho_qua thì mình muốn múa gì múa , dùng cái não chút đi nào"
Cho hỏi nhỏ tý ạ_Trần Hồng Hà làm kinh tế giỏi như anh Chung không nhỉ?,0.0,71,cho hỏi_nhỏ tý ạ_trần hồng hà làm kinh_tế giỏi như anh chung không nhỉ ?
"cay k làm được gì, nhục chưa thằng con lợn trung kì",2.0,51,"cay không làm được gì , nhục chưa thằng con lợn trung_kì"
Mat day bg chui toi  bát ký  coi chung may ng do di tim may do song ko yên dau,2.0,78,mat day bg chui toi bát ký coi chung may ng do di_tim may do song không yên_dau
"uk xl r gỡ ddc hả e ,e nghĩ gì vậy",0.0,34,"uk xl r gỡ ddc hả e , e nghĩ gì vậy"
vụ bỏ con thì công ty đéo í ới j,0.0,32,vụ bỏ con thì công_ty đéo í_ới gì
hhh mõm làm đi nói bố m làm cũng đc em ạ,1.0,40,hhh mõm làm đi nói bố m làm cũng được em ạ
 mk k hiểu lắm sáng chưa b,0.0,26,mình không hiểu lắm sáng chưa b
Đéo hiểu kiểu gì phát ngôn được mấy câu nguu như vậy,1.0,52,đéo hiểu kiểu gì_phát_ngôn được mấy câu nguu như_vậy
So dien thoai con ne 01265675201,0.0,32,so dien thoai con ne 01265675201
Thân? Chửi học trò như 1 con chó... Thương cái lồl..,2.0,52,thân ? chửi học_trò như 1 con chó ... thương cái lồl . .
Cái tội nhiều chuyện mê trai,0.0,28,cái tội nhiều chuyện mê trai
truyền thống văn hóa tốt đẹp từ thời hòn dái viễn đông nhé :v,1.0,61,truyền_thống văn_hóa tốt_đẹp từ thời hòn_dái viễn đông nhé : v
"nhìn cái ml là thấy ""khôn liền"" dữ rồi",2.0,38,"nhìn cái ml là thấy "" khôn liền "" dữ rồi"
Ngô Tiệp chán Tiệp quá 😌,0.0,24,ngô tiệp chán tiệp quá 😌
Hùm chết để da người chết để tiếng,2.0,34,hùm chết để da người chết để tiếng
Diệp Đình Huy phục cái địt mẹ mày,2.0,33,diệp đình huy phục cái địt_mẹ mày
liu liu,0.0,7,liu liu
Cách này cũng nghĩ Ra tại hạ xin thua.,0.0,38,cách này cũng nghĩ ra tại hạ xin thua .
"già cái đầu lz, hơn 3x tuổi rồi còn lên đưa cái mặt súc vật lên làm trò bị cả trăm đứa đánh tuổi cháu mày chửi như con súc vật =)))",2.0,131,"già cái đầu lz , hơn 3x tuổi rồi còn lên đưa cái mặt súc_vật lên làm_trò bị cả trăm đứa đánh tuổi cháu mày chửi như con súc_vật = ) ) )"
Ông cuốn gói khỏi Việt Nam dùm cái,1.0,34,ông cuốn_gói khỏi việt nam dùm cái
ngu thì nhận đi abe,1.0,19,ngu thì nhận đi abe
"Nó rút hết xăng ra xong bán lại giá cắt cổ, không mua thì dắt bộ tìm cây xăng mà đổ. Khắm lắm",1.0,93,"nó rút hết xăng ra xong bán lại giá cắt_cổ , không mua thì dắt bộ tìm cây_xăng mà đổ . khắm lắm"
Minh đọc cũng hết sức bức xúc đang ngồi trên ghế nhà trường mà hành động như xa hội đen không có tinh người coi thường pháp luật mình nhờ các cấp lãnh đạo lên tiếng và răng đe lấy lại sự công bằng nhất a,0.0,203,minh đọc cũng hết_sức bức_xúc đang ngồi trên ghế nhà_trường mà hành_động như xa hội đen không có tinh người coi_thường pháp_luật mình nhờ các cấp lãnh_đạo lên_tiếng và răng đe lấy lại sự công_bằng nhất a
Nó mang một xứ mệnh là phá nát nền bóng đá Việt Nam. Việt Nam thua indo mà nó bắt tay vui vẻ như không có chuyện gì. Thằng lông lá chó đẻ. Fuck you,2.0,147,nó mang một xứ mệnh là phá nát nền bóng_đá việt_nam . việt nam thua indo mà nó bắt_tay vui_vẻ như_không có chuyện gì . thằng lông_lá chó_đẻ . fuck you
Đm mấy thằng này con người ta bán xôi lề đường mà cũng nhẫn tâm cướp xe khốn nạn,2.0,80,đm mấy thằng này con người_ta bán xôi lề_đường mà cũng nhẫn_tâm cướp xe khốn_nạn
thử con nhung lây cho m thử .m k chử nó đi .đạo đức giả,1.0,55,thử con nhung lây cho m thử . m không chử nó đi . đạo_đức giả
" tốt nhất là im lặng bạn ah. Bạn yêu mến bảo vệ thần tượng là tốt nhưng có lúc bạn nên im lặng sẽ tốt hơn. Jack nó đã quá ngu trong chuyện này, lẽ ra có thể điện thoại trao đổi với anh viruss là xong , đang này lại lên statutes rồi … Xem thêm",0.0,242,"tốt nhất là im_lặng bạn ah . bạn yêu_mến bảo_vệ thần_tượng là tốt nhưng có lúc bạn nên im_lặng sẽ tốt hơn . jack nó đã quá ngu trong chuyện này , lẽ_ra có_thể điện_thoại trao_đổi với anh viruss là xong , đang này lại lên statutes rồi … xem thêm"
Hôm đó a trốc bị hỏi thăm rất nhìu,0.0,34,hôm đó a trốc bị hỏi_thăm rất nhìu
thầy sela,0.0,9,thầy sela
"Cả lũ đàn ông 03 thằng sức đàn ông thua người phụ nữ , ngta bon chen kiếm tiền cả lũ bây , giờ cơ hội cướp giựt của ngta",2.0,120,"cả lũ đàn_ông 03 thằng sức đàn_ông thua người phụ_nữ , ngta bon_chen kiếm tiền cả lũ bây , giờ cơ_hội cướp giựt của ngta"
Con này hết thuốt chửa chữa rồi xin lỗi . Thua cạn lợi,2.0,54,con này hết thuốt chửa chữa rồi xin_lỗi . thua cạn lợi
Không khác gì bãi cứt của làng streamer =)),1.0,43,không khác gì bãi cứt của làng streamer = ) )
mong con cô sau này lớn lên ko bị 1 thằng đầu b nào đó đ*t xong bỏ haha,2.0,71,mong con cô sau_này lớn lên không bị 1 thằng đầu b nào đó đ * t xong bỏ haha
Vãi cả lồn,1.0,10,vãi cả lồn
Chào người anh em,0.0,17,chào người anh_em
3 thằng bố con kia. Mai ra đường đi xe cẩn thận. K công nó nén đứt lìa đôi chân,2.0,79,3 thằng bố con kia . mai ra đường đi xe cẩn_thận . không công nó nén đứt lìa đôi chân
"Thằng áp dê ngon thì nói cho thiên hạ biết đi, hay đi làm Thông ngôn cmn đi",1.0,76,"thằng áp dê ngon thì nói cho thiên_hạ biết đi , hay đi làm_thông_ngôn cmn đi"
Đợi cl thêm câu địt chị m độ said :v,1.0,36,đợi cl thêm câu địt chị m độ said : v
Thằng điên.,2.0,11,thằng điên .
"Khi đã cuồng 1 ai đó thì họ sẵn sàng mặc kệ mọi tiếng ns xấu của idol, nhưg tôi vẫn ko hiểu s mọi chuyện đã đến như v mà đóm còn cố đòi lấy lại danh dự cho J nx...H chỉ cs cố gắng tạo lại danh dự th chứ tôi ko hiểu danh dự thk J còn đang ở đâ… Xem thêm",0.0,252,"khi đã cuồng 1 ai đó thì họ sẵn_sàng mặc_kệ mọi tiếng nói_xấu của idol , nhưg tôi vẫn không hiểu s mọi chuyện đã đến như v mà đóm còn cố đòi lấy lại danh_dự cho gì nx ... h chỉ cs cố_gắng tạo lại danh_dự th chứ tôi không hiểu danh_dự thk gì còn đang ở đâ … xem thêm"
Mai bay accc,0.0,12,mai bay accc
"Thầy live ở đâu vậy thầy , em mún donet cho thầy hmmm",0.0,53,"thầy live ở đâu vậy thầy , em mún donet cho thầy hmmm"
"thằng đần duy nhất là thằng nghĩ mình biết tuốt, người ta bait mà cắn từ tối đến giờ =)))",2.0,89,"thằng đần duy_nhất là thằng nghĩ mình biết tuốt , người_ta bait mà cắn từ tối đến giờ = ) ) )"
Dơ vlll nhưng t thích,1.0,21,dơ vlll nhưng t_thích
Đi làm cũng khổ :((,0.0,19,đi làm cũng khổ : ( (
"Mày có biết là cái lòi cầm thú chống chọi zs bão lụt mà ko ai quan tâm tới là cái loại gì ko , loại xúc zật nó làm cho có chứ chống chọi con mẹ gì tụi nó ăn của dân quá nên bây h phải chịu trách nhiệm đứng ra chóng chọi cho có thôi con chó ak , hoàng lệ",2.0,253,"mày có biết là cái lòi cầm_thú chống_chọi zs bão lụt mà không ai quan_tâm tới là cái loại gì không , loại xúc zật nó làm cho có chứ chống_chọi con_mẹ gì tụi nó ăn của dân quá nên bây h phải chịu trách_nhiệm đứng ra chóng chọi cho có thôi con chó ak , hoàng_lệ"
Con me mày mày nên cút khỏi đất nước Việt Nam đi,2.0,48,con me mày mày nên cút khỏi đất_nước việt nam đi
Lũ ác ôn,2.0,8,lũ ác_ôn
Đội hình đá trận lượt về nhé Coach,0.0,34,đội_hình đá trận lượt về nhé coach
Đọc 1 bài dính hơn chục lần quảng cáo,0.0,37,đọc 1 bài dính hơn chục lần quảng_cáo
Quockhanh Mai hóng,0.0,18,quockhanh mai hóng
lol là cười to mà,0.0,17,lol là cười to mà
bị cả nước chửi ui súc vật vl giống loài súc vật hahahahaha,2.0,59,bị cả nước chửi ui súc_vật vl giống loài súc_vật hahahahaha
"Anh Long n mới thêm thôi, mới nhận thức được lại. Còn t có nói ng k có nhan sắc là k có nhận thức à? Nhét chữ vào môm ng khác thế. K liên quan cook.",1.0,148,"anh long n mới thêm thôi , mới nhận_thức được lại . còn t có nói ng không có nhan_sắc là không có nhận_thức à ? nhét chữ vào môm ng khác thế . không liên_quan cook ."
Ca sĩ k-icm đéo gì 🙂 ca sĩ câm,1.0,30,ca_sĩ k - icm đéo gì 🙂 ca_sĩ câm
Lê Phương Linh liều. Vé cao chết mẹ,1.0,35,lê phương linh liều . vé cao chết mẹ
"Con ông cháu cha, lắm tiền coi mạng người như cỏ rác . luật pháp phải mạng đền mạng chứ ko chúng nó có tiền sẽ chẳng ai xử đâu",1.0,126,"con ông cháu cha , lắm tiền coi mạng người như cỏ rác . luật_pháp phải mạng đền_mạng chứ không chúng_nó có tiền sẽ chẳng ai xử đâu"
hiền mà bỏ con?,1.0,15,hiền mà bỏ con ?
Phạt nặng là thế nào . Bắn bỏ mẹ nó đi . Xem chừng nó có âm mưu đó !,1.0,68,phạt nặng là thế_nào . bắn bỏ_mẹ nó đi . xem_chừng nó có âm_mưu đó !
"Tết đương tới, nghĩa là tết đương qua",0.0,37,"tết đương tới , nghĩa_là tết đương qua"
sao phải rr thế à ?,1.0,19,sao phải rr thế à ?
Lủ chó,2.0,6,lủ chó
Du ma tu thg cho giu xe den thg suc vat chuyen hanh ly,2.0,54,du ma tu thg cho giu xe den thg suc vat chuyen hanh ly
Dại gái là Tê tái,0.0,17,dại_gái là tê_tái
"đánh thì ngu, nói chuyện thì đần. Đãn hậu",2.0,41,"đánh thì ngu , nói_chuyện thì đần . đãn hậu"
Mai Nam Hải a bị xiên có đau không a :((,0.0,40,mai nam hải a bị xiên có đau không a : ( (
 sự thật là thằng rách bỏ con,1.0,29,sự_thật là thằng rách bỏ con
"Chó là bạn, đéo phải tôi 😂😂",1.0,27,"chó là bạn , đéo phải tôi 😂 😂"
Cơm Sườn là thứ SÚC VẬT nên tiếp tục sinh ra những con người có suy nghĩ của SÚC VẬT.,2.0,85,cơm sườn là thứ súc_vật nên tiếp_tục sinh ra những con_người có suy_nghĩ của súc_vật .
"Thành Vinh có page ba gà và những người bạn đó , liên hệ xem",0.0,60,"thành vinh có page ba gà và những người bạn đó , liên_hệ xem"
Tìm một bạn nữ cùng cover tình yêu của nhà anh mixi,0.0,51,tìm một bạn nữ cùng cover tình_yêu của nhà anh mixi
lanh dao dang nhau phat bieu coi ai la quan quan phat bieu ngu nhat day ma,1.0,74,lanh dao dang nhau phat bieu coi ai la quan quan phat bieu ngu nhat day ma
ơ thế s ngta liên hệ làm việc mà ko chịu t có bắt m đi tìm hả? Cái đt để trưng hay gì ko nt gọi được,0.0,100,ơ thế s ngta liên_hệ làm_việc mà không chịu t có bắt m đi tìm hả ? cái đt để trưng hay gì không nt gọi được
"thằng nào cũng đểu như nhau nhưng cái cách thằng quyền chung tiền với thằng mực thì nó 1 trời 1 vực, 100k lải nhải lên lải nhải xuống trong khi thua là chung và muốn gỡ thì gạ kèo lại.",1.0,184,"thằng nào cũng đểu như nhau nhưng cái cách thằng quyền chung tiền với thằng mực thì nó 1 trời 1 vực , 100k lải_nhải lên lải_nhải xuống trong khi thua là chung và muốn gỡ thì gạ kèo lại ."
"Rồi ông sẽ thất bại như cách mà cha ông của ông đã thất bại ở Việt Nam thôi, vì ông chẳng hiểu gì về người Việt và sức mạnh của họ đến từ đâu",0.0,141,"rồi ông sẽ thất_bại như cách mà cha_ông của ông đã thất_bại ở việt nam thôi , vì ông chẳng hiểu gì về người việt và sức_mạnh của họ đến từ đâu"
Sorry mẹ mày... Đồ súc vật k biết luật thì nghỉ đi làm trọng tài như mày thì làm trọng tài bắt giải súc vật thui,2.0,112,sorry mẹ mày ... đồ súc_vật không biết luật thì nghỉ đi làm trọng_tài như mày thì làm trọng_tài bắt giải súc_vật thui
"Hello , Chuc ong duoc nhieu suc khoe . Have a wonderful day and take care . LOVE FROM CANADA",0.0,92,"hello , chuc ong duoc nhieu suc khoe . have a wonderful day and take care . love from canada"
ThanhHuy Nguyen dơ vcl=))),1.0,26,thanhhuy nguyen dơ vcl = ) ) )
Cái miệng vòi bò nhức nhúc,1.0,26,cái miệng vòi bò nhức nhúc
Mấy thằng này sinh ra là để đi ăn trộm lấy của ngt thì cũng k bao jo tồn tại được,1.0,81,mấy thằng này sinh ra là để đi ăn_trộm lấy của ngt thì cũng không bao jo tồn_tại được
anh ba làm lại giáo án yi đc ko abe <3,0.0,38,anh ba làm lại giáo_án yi được không abe < 3
"Đm! Thắm ơi! Lâu lắm rồi ko chửi bậy trên Fb, cơ mà đang cú quá, đéo biết giải toả ở đâu cả, viết ké ở đây nhé! Cái đcm nhà m nữa! Add bố m, bố accept xong lại chặn bố à? Đcm! Hl thế? Bố đéo rảnh để quan tâm chúng m ăn uống ngủ nghỉ chơi bời thế nào đâu! Ranh con đầu bà cmay! Chỗ cm rảnh háng vào làm mấy cái trò ăn cc như thế à? Cái đm!",2.0,338,"đm ! thắm ơi ! lâu lắm rồi không chửi bậy trên fb , cơ_mà đang cú quá , đéo biết giải_toả ở đâu cả , viết ké ở đây nhé ! cái đcm nhà m nữa ! add bố m , bố accept xong lại chặn bố à ? đcm ! hl thế ? bố đéo rảnh để quan_tâm chúng m ăn_uống ngủ nghỉ chơi_bời thế_nào đâu ! ranh_con đầu bà cmay ! chỗ cm rảnh háng vào làm mấy cái_trò ăn cc như thế à ? cái đm !"
tk rách địt mẹ mày,2.0,18,tk rách địt_mẹ mày
so vs ông này thì sao thầy 🤣,0.0,28,so với ông này thì sao thầy 🤣
Clm :))))) Trí Xuân,1.0,19,clm : ) ) ) ) ) trí xuân
gap 2 thang co moi roi,1.0,22,gap 2 thang co moi roi
Thầy ơi giáo án mới 0177 của con nè :),0.0,38,thầy ơi giáo_án mới 0177 của con nè : )
Mới lớn mà s.nghĩ nói được như vậy là hiểu nhân cách con người lớn lên sẽ thế nào rồi hãy phạt nặng những con người độc ác này,1.0,126,mới lớn mà s . nghĩ nói được như_vậy là hiểu nhân_cách con_người_lớn lên sẽ thế_nào rồi hãy phạt nặng những con_người độc_ác này
Đưa vào nhà máy gan thép,0.0,24,đưa vào nhà_máy gan thép
Mầy im cha đi,1.0,13,mầy im cha đi
Hlv ngu đần và ấu trỉ,2.0,21,hlv ngu_đần và ấu trỉ
sao ko lấy tên là Linh Láo Lồn nhỉ ae ??,1.0,40,sao không lấy tên là linh láo lồn nhỉ anh_em ? ?
Ông ăn Hối Lộ Của ĐT Thái Lan mấy tỷ . Khai báo nhanh đi . Không FIFA Liên Đoàn lại cho ông tạm dừng đấy .! Thành thật khai báo .!,0.0,130,ông ăn hối_lộ của đt thái lan mấy tỷ . khai_báo nhanh đi . không fifa liên_đoàn lại cho ông tạm dừng đấy . ! thành_thật khai_báo . !
"Lũ bất tài, vô dụng, học hành không lo, lo ăn chơi, lười biếng xong đổ cho "" Xã hội đổ nát, nhà nước vô dụng "".... Xin lỗi chứ một chục cái nước Mĩ cũng chả gánh nổi đám phá của tụi mày đâu :/",2.0,192,"lũ bất_tài , vô_dụng , học_hành không lo , lo ăn_chơi , lười_biếng xong đổ cho "" xã_hội đổ_nát , nhà_nước vô_dụng "" ... . xin_lỗi chứ một chục cái nước mĩ cũng chả gánh nổi đám phá của tụi mày đâu : /"
Ông đang là nỗi căm ghé của người yêu bóng đá Việt nam.,0.0,55,ông đang là nỗi căm ghé của người_yêu bóng_đá việt_nam .
Tình nghĩa ae có chắc bền lâu 🤣🤣,0.0,32,tình_nghĩa anh_em có chắc bền lâu 🤣 🤣
:))đàn ông bỏ con = lũ đàn ông tệ bạc ai cũng như nhau Jack bỏ con = mãi ủng hộ a rách :)),2.0,90,: ) ) đàn_ông bỏ con = lũ đàn_ông tệ_bạc ai cũng như nhau jack bỏ con = mãi ủng_hộ a rách : ) )
deo biet ns j nua :))),0.0,22,deo biet nói gì nua : ) ) )
trình giỏi cái gì bro ơi mở mồm ra là khoe rank dct ct xuống đánh cái rank bk lb game dc game k thì trình gì,1.0,108,trình giỏi cái gì bro ơi mở mồm ra là khoe rank dct ct xuống đánh cái rank bk lb game được game không thì trình gì
Xin cái lòn đầu mẹ ông,2.0,22,xin cái lòn đầu mẹ ông
Nhiệt tình không đúng người,0.0,27,nhiệt_tình không đúng người
Biết sao lại thiên vị Việt Nam r,0.0,32,biết sao lại thiên_vị việt nam r
Đm trọng tài như lồn,2.0,20,đm trọng_tài như lồn
Khoe puồi,1.0,9,khoe puồi
Sao lại cứ đến nụ cười . lên không nghe rõ lời nói.ngừng cho giọng nói vào vô lý,0.0,80,sao lại cứ đến nụ cười . lên không nghe rõ lời_nói . ngừng cho giọng nói vào vô_lý
Đừng chửi súc vật này súc vật nọ các bạn ơi,0.0,43,đừng chửi súc_vật này súc_vật nọ các bạn ơi
Dạo này không thấy đánh con Hecarim jg chán quá,0.0,47,dạo này không thấy đánh con hecarim jg chán quá
Thằng ngu,1.0,9,thằng ngu
"Lúc trước không biết page nào có share cmt các thứ, ông thầy nói chuyện ngu vl. Đang tranh luận thì xóa cmt, xong bảo nó phát ngôn bừa bãi, tag người này người khác vào làm chứng để lập biên bản. Trong khi mọi người hỏi nó nói gì thì kêu nó nói bậy nên xóa cmt, chưa kịp chụp ảnh. :v",1.0,283,"lúc trước không biết page nào có share cmt các thứ , ông thầy nói_chuyện ngu vl . đang tranh_luận thì xóa_cmt , xong bảo nó phát_ngôn bừa_bãi , tag người này người khác vào làm_chứng để lập biên_bản . trong khi mọi người hỏi nó nói gì thì kêu nó nói bậy nên xóa_cmt , chưa kịp chụp ảnh . : v"
Mời Trần Đứa Bo đi,0.0,18,mời trần đứa bo đi
Đợt nhớ đi ngồi cafe thì có bà dắt cho đi dạo đi qua.mà k hiểu bằng cách nào bà ý vừa quay lại chào bạn mà quay ra đã thấy 2 thằng nó ôm nguyên con chó để chạy đc r.chắc sự việc diễn ra 1 2 giây.k hiểu sai lại nhanh đến như vậy đc.nếu k tận mắt chứng kiến k thể tin đc.chỉ quay lại vẫy tay chào bạn 1 chút quay ra mất luôn con chó đc tài thật,0.0,342,đợt nhớ đi ngồi cafe thì có bà dắt cho đi dạo đi qua . mà không hiểu bằng cách nào bà ý vừa quay lại chào bạn mà quay ra đã thấy 2 thằng nó ôm nguyên con chó để chạy được r . chắc sự_việc diễn ra 1 2 giây . k hiểu sai lại nhanh đến như vậy đc . nếu không tận_mắt chứng_kiến không_thể tin đc . chỉ quay lại vẫy tay chào bạn 1 chút quay ra mất luôn con chó được tài thật
Thấy đức và quá táo tợn,2.0,23,thấy đức và quá táo_tợn
Toàn thanh niên sức dài vai rộng đi trộm của phụ nữ mưu sinh,1.0,60,toàn thanh_niên sức dài vai rộng đi trộm của phụ_nữ mưu_sinh
mong muốn các bạn chia sẻ xem ủng hộ đang kí rộng rãi,0.0,53,mong_muốn các bạn chia_sẻ xem ủng_hộ đang kí rộng_rãi
Đâu phải nick ổng đâu,0.0,21,đâu phải nick ổng đâu
"Cạn lời với những tn của cậu thanh niên tàn nhẫn đấy ,mong pl phân sử đúng để cậu bé kia",0.0,88,"cạn_lời với những tn của cậu thanh_niên tàn_nhẫn đấy , mong pl phân sử đúng để cậu bé kia"
Trung Hảiii lát đi còn trốn nợ kịp,0.0,34,trung hảiii lát đi còn trốn nợ kịp
Clm bức xúc vãi,1.0,15,clm bức_xúc vãi
Phạm Dungx dũng cừi,0.0,19,phạm dungx dũng cừi
Nín họng đi má,0.0,14,nín họng đi má
So cc cha m ra Đụ đỉ mẹ m,2.0,25,so cc cha m ra đụ đỉ mẹ m
Mấy thằng chó sủa bậy sướng được anh độ cho đi đóng phim =)),2.0,60,mấy thằng chó sủa bậy sướng được anh độ cho đi đóng phim = ) )
Cái miệng làm hại cái thân,0.0,26,cái miệng làm hại cái thân
Cày thuê là phải đánh như anh immortalstryn này xem mới hấp dẫn,0.0,63,cày thuê là phải đánh như anh immortalstryn này xem mới hấp_dẫn
"Chế độ tốt sinh ra con người tốt . Hết xả súng da đen , trẻ em , CS mỹ lại làm 3 cái trò này ..",1.0,95,"chế_độ tốt sinh ra con_người tốt . hết xả súng da đen , trẻ_em , cs mỹ lại làm 3 cái_trò này . ."
Thêm nải chuối xanh với mấy Nén nhang nữa là vừa,1.0,48,thêm nải chuối xanh với mấy nén nhang nữa là vừa
Sút sinh là co thật,2.0,19,sút_sinh là co thật
Coi thường luật nha nước vn ta nên trộm cướp thê thảm,1.0,53,coi_thường luật nha nước vn ta nên trộm_cướp thê_thảm
Nó dàn cảnh trộm xe,0.0,19,nó dàn_cảnh trộm xe
Thôi im mẹ đi fake,1.0,18,thôi im mẹ đi fake
Nhiều cái nói kh thuyết phục lắm nhưng lần này độ đã nói khá thuyết phục đối với bản thân tôi :)),0.0,97,nhiều cái nói kh thuyết_phục lắm nhưng lần này độ đã nói khá thuyết_phục đối_với bản_thân tôi : ) )
Rên hay vl,0.0,10,rên hay vl
Đmm.luc trc may bợ lol nó.jo chưi no.do suc vat.bede thay pai roi.nghiep chuong,2.0,79,đmm . luc trc may bợ lol nó . jo chưi no . do suc vat . bede thay pai roi . nghiep chuong
Quang Chivas thằng mồm lồn. Mặc váy vl.,2.0,39,quang chivas thằng mồm lồn . mặc váy vl .
Ủa dzậy công an làm sai ai phạt?ai đền bù?,0.0,42,ủa dzậy công_an làm sai ai phạt ? ai đền_bù ?
"Phong cách ""chịch dở"" 🙈🙈🙈",1.0,25,"phong_cách "" chịch dở "" 🙈 🙈 🙈"
Suốt ngày đi làm ô xin như con chó bên mỹ mà bị đá dập mu 2 lần rồi nên đi đái cũng khó sợ nó nhức,1.0,98,suốt ngày đi làm ô xin như con chó bên mỹ mà bị đá dập mu 2 lần rồi nên đi đái cũng khó sợ nó nhức
anh chị em nữa mà có người hỏi thăm hây nói chuyện không quen biết gì thì không đeo khẩu trang thì hả nói chuyện nhìn thấy cảnh nầy mà đau lòng cho em bán xôi quá,0.0,162,anh_chị_em nữa mà có người hỏi_thăm hây nói_chuyện không quen_biết gì thì không đeo khẩu_trang thì hả nói_chuyện nhìn thấy cảnh nầy mà đau_lòng cho em bán xôi quá
Mong pháp luật sớm mang lại công bằng cho cháu. Thật xót xa,0.0,59,mong pháp_luật sớm mang lại công_bằng cho cháu . thật xót_xa
Địt con mẹ ở tù bà nó đi,2.0,24,địt con_mẹ ở tù bà nó đi
" ô idol m đang làm sai, tối qua có xem live của VR k con , như kiểu m lấy xe của ng khác xong m bảo họ tự tới làm việc với m à ?? Ngta làm việc bằng văn bản giấy tờ chứ k phải trên mail gọi đt các thứ đâu :)))) non quá",0.0,218,"ô idol m đang làm sai , tối qua có xem live của vr không con , như kiểu m lấy xe của ng khác xong m bảo họ tự tới làm_việc với m à ? ? ngta làm_việc bằng văn_bản giấy_tờ chứ không phải trên mail gọi đt các thứ đâu : ) ) ) ) non quá"
Như Quỳnh Bệnh từ trong cái nhân cách rồi pạn🤷‍♀️,1.0,49,như quỳnh bệnh từ trong cái nhân_cách rồi pạn 🤷 ‍ ♀ ️
ViruSs 1-0 Jack ai chạm 2 trước win bởi vì Jack không thích làm 3,0.0,65,viruss 1 - 0 jack ai chạm 2 trước win bởi_vì jack không thích làm 3
đến chịu lũ Bắc kì tụi m,2.0,24,đến chịu lũ bắc kì tụi m
ăn gì mà ngu thế hả???,1.0,22,ăn gì mà ngu thế hả ? ? ?
Chúng dàn cảnh đánh lạc hướng săn mồi như đàn linh cẩu,2.0,54,chúng dàn_cảnh đánh lạc hướng săn mồi như đàn linh_cẩu
vậy nên mới gia nhập TPP :3,0.0,27,vậy nên mới gia_nhập tpp : 3
Bay nik là hay,0.0,14,bay nik là hay
Bán nước hoa 500k như nước lã...Ko thơm tho gì hết...like trim thì chửi mắn cha mẹ người ta.. giờ khóc rồi hả.  Nhân quả đó e ơi....Bán hàng thật đi...,1.0,171,bán nước_hoa 500k như nước_lã ... ko thơm_tho gì hết ... like trim thì chửi mắn cha_mẹ người_ta . . giờ khóc rồi hả . nhân_quả đó e ơi ... . bán hàng thật đi ...
damn you,2.0,8,damn you
bạn là nhất,0.0,11,bạn là nhất
nói đc cặc đâu chả chiều anti,2.0,29,nói được cặc đâu chả chiều anti
Link cho ai cần https://www.facebook.com/profile.php?id=100001515892733,0.0,71,link cho ai cần
"mua ở đâu cho mình địa chỉ với, chồng mình yếu quá :(",0.0,53,"mua ở đâu cho mình địa_chỉ với , chồng mình yếu quá : ("
"ủa rồi chắc nó nghỉ nhà nó có tiền rồi làm trời ,làm đất không ai trị được.cho con học võ là để tự vệ hay để đập người khác chứ.cho dù có chưa đủ tuổi cũng mong pháp luật cũng phải xử lý nghiêm minh việc này.rồi coi mạng người như cỏ rác vậy, đánh họ chết đền tiền là xong sao",0.0,276,"ủa rồi chắc nó nghỉ nhà nó có tiền rồi làm trời , làm đất không ai trị được . cho con học võ là để tự_vệ hay để đập người khác chứ . cho_dù có chưa đủ tuổi cũng mong pháp_luật cũng phải xử_lý nghiêm_minh việc này . rồi coi mạng người như cỏ rác_vậy , đánh họ chết đền tiền là xong sao"
Phan Mạnh Cường bạn lên xung phong đi chứ k ai mong chết đầu tiên đâu,0.0,69,phan mạnh cường bạn lên xung_phong đi chứ không ai mong chết đầu_tiên đâu
Hay là anh cũng thử để quả tóc này đi :)),0.0,41,hay_là anh cũng thử để quả tóc này đi : ) )
Tử hình,1.0,7,tử_hình
du chinh ko thang lozz,2.0,22,du chinh không thang lozz
Em tìm con Linh  chửi  cho nó 1 trận đánh cho nó bể mặt đi nó hách lối lắm ai nấy đều nhiều người nghét con Linh nầy,1.0,116,em tìm con linh chửi cho nó 1 trận đánh cho nó bể mặt đi nó hách lối lắm ai_nấy đều nhiều người nghét con linh nầy
có shipcode không chế :v,0.0,24,có shipcode không chế : v
có cái nút unlike mà bấm rồi phắn cmmd,1.0,38,có cái nút unlike mà bấm rồi phắn cmmd
"Phạm đánh ngu r đi blame đồng đội,sủa dơ nchug con nít lắm bác",1.0,62,"phạm đánh ngu r đi blame đồng_đội , sủa dơ nchug con_nít lắm bác"
"thuốc mê thì gây mê , thầy thì gây nứng 😀",1.0,41,"thuốc_mê thì gây_mê , thầy thì gây nứng 😀"
Du ma may ve viet nam tao la nguoi dau tien bat may,2.0,51,du ma may ve_viet nam tao la nguoi dau tien bat may
Xin lỗi cái lonz m,1.0,18,xin_lỗi cái lonz m
Bắt ngu như địt,2.0,15,bắt ngu như địt
hay. hay cho câu nói này 1 tràng vỗ tay tán dương bạn,0.0,53,hay . hay cho câu nói này 1 tràng vỗ_tay tán_dương bạn
Dcm nhìn thằng thẩm phán nó cười đểu kìa,1.0,40,dcm nhìn thằng thẩm_phán nó cười đểu kìa
nhìn mặt con mụ này hãm ko chịu dc,2.0,34,nhìn mặt con mụ này hãm không chịu được
lanh dao dang nhau phat bieu coi ai la quan quan phat bieu ngu nhat day ma,1.0,74,lanh dao dang nhau phat bieu coi ai la quan quan phat bieu ngu nhat day ma
 tại clmm thằng súc vật học này,2.0,31,tại clmm thằng súc_vật học này
đm mày,2.0,6,đm mày
Cổng thì xấu vcc ra,1.0,19,cổng thì xấu vcc ra
hơn khối ng ô ạ,0.0,15,hơn khối ng ô ạ
Thân ái và xin chào! Hi vọng giáo dục VN sẽ phát triển hơn để không còn những thành phần xấu hổ ô uế như thế này,0.0,112,thân_ái và xin chào ! hi_vọng giáo_dục vn sẽ phát_triển hơn để không còn những thành_phần xấu_hổ ô_uế như thế này
Mấy thằng này bắt dc đâp mới đã,1.0,31,mấy thằng này bắt được đâp mới đã
"Xin lỗi cái gì , đm",1.0,19,"xin_lỗi cái gì , đm"
Fake như lol,1.0,12,fake như lol
Giờ sao r ae,0.0,12,giờ sao r anh_em
bồi thường zì hả đồ vú sệ :))),2.0,30,bồi_thường zì hả đồ vú sệ : ) ) )
hk biết ai tiểu nhân đâu dắk con à,1.0,34,hk biết ai tiểu_nhân đâu dắk con à
Cón mẹ may ko day đk may ak ma ko co van hoa ak,2.0,47,cón mẹ may không day đk may ak ma không co van hoa ak
Cút mẹ về pháp đi,1.0,17,cút mẹ về pháp đi
Đại cao thủ là tin chuẩn chứ,0.0,28,đại_cao_thủ là tin chuẩn chứ
Nguyễn Hải hay nè bn,0.0,20,nguyễn hải hay nè bạn
Rồi vẩn bk mà nhìn con cak thề dell có game nào out lun ms ghê,1.0,62,rồi vẩn bk mà nhìn con cak thề dell có game nào out lun ms ghê
Đéo nói nhiều 🙂,1.0,15,đéo nói nhiều 🙂
Phù thũy trắng Tay.,0.0,19,phù thũy trắng_tay .
Đi ở tù đi trọng tài chó đẻ,2.0,27,đi ở tù đi trọng_tài chó_đẻ
Vô đây coi là được liền nè mấy bợn,0.0,34,vô đây coi là được liền nè mấy bợn
Dâm loạn viên bây giờ toàn mấy thằng con nít ỉa chùi đít chưa sạch,2.0,66,dâm_loạn viên bây_giờ toàn mấy thằng con_nít ỉa chùi đít chưa sạch
Chúng ta trừ bố mày nha con dở.,1.0,31,chúng_ta trừ bố mày nha_con dở .
Ông này rất thật thà đến mức còn kể ra cả chỉ thị 15 k hiểu sao h lại liều thế,0.0,78,ông này rất thật_thà đến mức còn kể_ra cả chỉ_thị 15 không hiểu sao h lại liều_thế
Xin lỗi là xong à,0.0,17,xin_lỗi là xong à
 không công bằng,0.0,16,không công_bằng
Sory cc,1.0,7,sory cc
Cũng vui phết -)),0.0,17,cũng vui phết - ) )
Càng ngày càng ngu,1.0,18,càng ngày_càng ngu
"chào mọi người nhé, mình trọng tài cuộc thảo luận nì :))",0.0,56,"chào mọi người nhé , mình trọng_tài cuộc thảo_luận nì : ) )"
Sory lồn mẹ mày,2.0,15,sory lồn mẹ mày
Xin lỗi cái lồn,1.0,15,xin_lỗi cái lồn
Đúng r. Cho phép c.nó thì c.nó ms xả thải và mạnh mồm như thế chứ. Lũ chó chết cs,2.0,81,đúng r . cho phép c . nó thì c . nó ms xả thải và mạnh_mồm như thế chứ . lũ chó chết cs
5 củ liêm khiết à,0.0,17,5 củ liêm_khiết à
"Ngọc Thảo bớt xàm lông lại gái, vô duyên thúi lắm",1.0,49,"ngọc thảo bớt xàm lông lại gái , vô_duyên thúi lắm"
"Thương Jack, nghẹn ngào quá. Nhưng chúng tôi có đủ niềm tin, bản lĩnh, tình yêu Idol để luôn đi bên cạnh, đứng phía sau Idol. Mong Jack vững vàng, sáng suốt vượt qua thách thức. Chúng ta rồi sẽ hạnh phúc, con trai Idol muôn vàn yêu quý của chúng ta!",0.0,249,"thương jack , nghẹn_ngào quá . nhưng chúng_tôi có đủ niềm tin , bản_lĩnh , tình_yêu idol để luôn đi bên cạnh , đứng phía sau idol . mong jack vững_vàng , sáng_suốt vượt qua thách_thức . chúng_ta rồi sẽ hạnh_phúc , con_trai idol muôn_vàn yêu_quý của chúng_ta !"
"Đọc tin nhắn mới thấy nó máu lạnh ntn, nói chung quỷ đội lốt người. Coi mạng người như rác. Quá mất dạy!",2.0,104,"đọc tin nhắn mới thấy nó máu lạnh ntn , nói_chung quỷ đội_lốt người . coi mạng người như rác . quá mất_dạy !"
Ra chưa ae,0.0,10,ra chưa anh_em
Dùng cái này có hết hôi nách k thầy,0.0,35,dùng cái này có hết hôi_nách không thầy
Tội phạm nó hoành hành như thế là do công an hết,1.0,48,tội_phạm nó hoành_hành như thế_là do công_an hết
Đm trong cóp để quên cái quần xì rách nó cũng lấy về hít nữa .,1.0,62,đm trong cóp để quên cái quần xì rách nó cũng lấy về hít nữa .
Tự hào ghê lun á,0.0,16,tự_hào ghê lun á
Bán nước hoa 500k như nước lã...Ko thơm tho gì hết...like trim thì chửi mắn cha mẹ người ta.. giờ khóc rồi hả.  Nhân quả đó e ơi....Bán hàng thật đi...,1.0,171,bán nước_hoa 500k như nước_lã ... ko thơm_tho gì hết ... like trim thì chửi mắn cha_mẹ người_ta . . giờ khóc rồi hả . nhân_quả đó e ơi ... . bán hàng thật đi ...
"Họ chọc nó một chút mà nó đòi bắt họ nhét vào l, tum tóc chùi chùi cái đầu thì bây giờ nó chửi cả nước VN vậy thì hãy thực hiện như nó hù họ vậy",1.0,144,"họ chọc nó một_chút mà nó đòi bắt họ nhét vào l , tum tóc chùi chùi cái đầu thì bây_giờ nó chửi cả nước vn vậy thì hãy thực_hiện như nó hù họ vậy"
Lũ ngu dân,2.0,10,lũ ngu dân
Nói chug la oam cách gi nó củg tìm cách ăn cho bằng đc . Trừ khi là dẹp mẹ cái bọn chó ức hiếp dân lành đi mới mong ko còn cảnh này .,2.0,133,nói chug la oam cách gi nó củg tìm cách ăn cho bằng được . trừ khi là dẹp mẹ cái bọn chó ức_hiếp dân lành đi mới mong không còn cảnh này .
đct mà kda âm vcl tội th em gánh,0.0,32,đct mà kda âm vcl tội th em gánh
đánh vs rank vàng mà còn thua vậy mà còn sủa rank dct tri đỏ dái,1.0,64,đánh với rank vàng mà còn thua vậy_mà còn sủa rank dct tri đỏ dái
Xin Quỳ,1.0,7,xin quỳ
"Thầy bói Ba cl gì gì vậy thầy, đem con susan ra thế giới à",1.0,58,"thầy_bói ba cl gì gì vậy thầy , đem con susan ra thế_giới à"
"chửi nhau sao kg gọi Phone chửi cho dã cái miệng,mà lên dây khoe vàng hả cha,ỉa déo ra cũng dưa lên,bó tay,",1.0,107,"chửi nhau sao kg gọi phone chửi cho dã cái miệng , mà lên_dây khoe vàng hả cha , ỉa déo ra cũng dưa lên , bó_tay ,"
Đ m có cái loại doanh nghiệp làm ăn bố láo cho cả ruồi vào nước uống quảng cáo rầm rộ có lợi cho sức khỏe -_- khỏe cái mả cha nhà chúng nó. Xong lúc người ta dàn xếp đôi bên theo kiểu dân sự thì úp sọt đánh bẫy người ta. CÒn bọn chức trách có thẩm quy,2.0,251,đ m có cái loại doanh_nghiệp làm_ăn bố_láo cho cả ruồi vào nước uống quảng_cáo rầm_rộ có lợi cho sức_khỏe - _ - khỏe cái mả cha nhà chúng_nó . xong lúc người_ta dàn_xếp đôi bên theo kiểu dân_sự thì úp sọt đánh bẫy người_ta . còn bọn chức_trách có thẩm quy
Đcm yêu nhau thế cơ à?,1.0,22,đcm yêu nhau thế_cơ à ?
Tưởng làm đc cái con ten bú vào mà ăn chửi kinh quá,0.0,51,tưởng làm được cái con ten bú vào mà ăn chửi kinh quá
"Biến luôn đi còn kịp , ai mà thèm động viên người vô dụng như ông",1.0,65,"biến luôn đi còn kịp , ai mà thèm động_viên người vô_dụng như ông"
Kiep sau may con dy bong nay luoi phai thuc vo cua minh moi vua bung tao da la bong ma toi ngay chui nhau xem ma ghet ghe do bong khung lon nhan xet chinh xac,2.0,158,kiep sau may con dy bong nay luoi phai thuc vo cua minh moi vua bung tao da la bong ma toi ngay chui nhau xem ma ghet ghe do bong khung lon nhan xet chinh xac
Ba cho con thật là tài.tuong lai của hai con về sau sẽ bị người đời khinh ghét thôi.,1.0,84,ba cho con thật là tài . tuong lai của hai con về sau sẽ bị người_đời khinh ghét thôi .
Ok abe,0.0,6,ok abe
"l ni đ có tự trọng hả ae, nghe nói đủ like là cút ko live nữa mà",1.0,64,"l ni đ có tự_trọng hả ae , nghe nói đủ like là cút không live nữa mà"
trông bạn bợ đít hay vl :))),1.0,28,trông bạn bợ_đít hay vl : ) ) )
nói rõ vào đừng sủa ko hiểu ....,1.0,32,nói rõ vào đừng sủa không hiểu ... .
"quan cs ở xứ thiên đường thuộc bài kinh luôn ,mở mồm là "" ơn đảng ,ơn chính phủ..."" còn thằng quan tư bổn giãy hoài ko chết cũng thuộc bài luôn nhưng bài của nó là "" tôi xin chịu trách nhiệm ,tôi xin từ chức... """,1.0,212,"quan cs ở xứ thiên_đường thuộc bài kinh luôn , mở mồm là "" ơn đảng , ơn chính_phủ ... "" còn thằng quan tư bổn giãy hoài không chết cũng thuộc bài luôn nhưng bài của nó là "" tôi xin chịu trách_nhiệm , tôi xin từ_chức ... """
Lũ này chó cần phải nghiêm trị,2.0,30,lũ này chó cần phải nghiêm_trị
Từ chức đi đỡ nhục hơn bị đuổi nhé thằng trâu già ngu đần mặt dầy. Cút khỏi đất nước Việt Nam. Mặt dầy để kiếm ăn hả trâu ngu gia đình mày đói đến mức phải chai mặt để kiếm ăn cách nhục nhã này hả thằng trousser (trâu ngu) kia,2.0,226,từ_chức đi đỡ nhục hơn bị đuổi nhé thằng trâu già ngu_đần mặt dầy . cút khỏi đất_nước việt_nam . mặt dầy để kiếm_ăn hả trâu ngu gia_đình mày đói đến mức phải chai mặt để kiếm_ăn cách nhục_nhã này hả thằng trousser ( trâu ngu ) kia
"Bố tổ may thằng trai lực lưỡng di trộm của con đàn bà ban xoi via hè kiếm bạc lẻ ,,? Hi vọng là líp dan dụng để canh bao thôi",2.0,125,"bố tổ may thằng trai lực_lưỡng di_trộm của con đàn_bà ban xoi via hè kiếm bạc lẻ , , ? hi_vọng là líp dan_dụng để canh bao thôi"
xin cái địt con mẹ mày,2.0,22,xin cái địt con_mẹ mày
Cái loại người sao ác vậy mong cháu mau khỏi,1.0,44,cái loại người sao ác_vậy mong cháu mau khỏi
"Indo mà không cầm hòa nổi nói chi thắng , rồi nói gì đến những đội châu á , còn đòi vươn tầm thế giới nản",0.0,105,"indo mà không cầm hòa nổi nói chi thắng , rồi nói gì đến những đội châu á , còn đòi vươn tầm thế_giới nản"
Trong tài bắt như,0.0,17,trong tài bắt như
Lê Hải Nam xin vid bro 😀,0.0,24,lê hải nam xin vid bro 😀
Lỗi cái daubuoo,1.0,15,lỗi cái daubuoo
"Sao quan chức cao cắp csnào , khi vi phạm pl cũng đều trả lời có vẻ ngây ngô , khờ khạo . Chẳng lẽ qui trình chọn lọc cán bộ cấp chiến lược là vậy sao ?!.Nhìn hành vi các qc phạm pháp thì biết nước nhà do các vĩ lđ sẽ đi về đâu . Đúng là các vị coi dân như những con lừa , mưốn làm gì củng được .Thế mà vẵn quang vinh vĩ đại !",1.0,326,"sao quan_chức cao cắp csnào , khi vi_phạm pl cũng đều trả_lời có vẻ ngây_ngô , khờ_khạo . chẳng_lẽ qui_trình chọn_lọc cán_bộ cấp chiến_lược là vậy sao ? ! . nhìn hành_vi các qc phạm_pháp thì biết nước_nhà do các vĩ lđ sẽ đi về đâu . đúng là các vị coi dân như những con lừa , mưốn làm gì củng được . thế_mà vẵn quang_vinh vĩ_đại !"
chứ k phải vào bài ng ta cmt à :)),0.0,34,chứ không phải vào bài ng ta cmt à : ) )
Xin lỗi con mẹ mày làm trọng tài như mày nghỉ đi chó ăn cức,2.0,59,xin_lỗi con_mẹ mày làm trọng_tài như mày nghỉ đi chó ăn cức
Bích đú...,1.0,10,bích đú ...
Nhân viên quán bar và mấy ông nội ăn chung lúc này :,0.0,52,nhân_viên quán bar và mấy ông nội ăn chung lúc này :
Cút về nước đi thằng Trâu già,1.0,29,cút về nước đi thằng trâu già
"Con chó mày bắt kiểu gì đấy, ăn được bao tiên của thái rồi",1.0,58,"con chó mày bắt kiểu gì đấy , ăn được bao tiên của thái rồi"
Ko cần mày cút,1.0,14,không cần mày cút
"Toàn là ở phan thiết, còn hàm thuận Bắc nằm thị trấn nào có ai biết hok a?",0.0,74,"toàn là ở phan_thiết , còn hàm_thuận bắc nằm thị_trấn nào có ai biết không a ?"
"đất nước mình như tảng băng chìm. Loạn lạc quá! ba mẹ đi làm quần quật kiếm tiền , các thuế phí xăng thì tăng vùn vụt mà lương thì không thấy tăng, con cái đi học thì bị bảo vệ/ thầy ..bạo hành, lạm dụng td. Bị phát",1.0,251,"đất_nước mình như tảng băng chìm . loạn_lạc quá ! ba mẹ đi làm quần_quật kiếm tiền , các thuế_phí xăng thì tăng vùn_vụt mà lương thì không thấy tăng , con_cái đi học thì bị bảo_vệ / thầy . . bạo_hành , lạm_dụng td . bị phát"
"Dẹo đến ói, chỉ có mấy thằng mặt l bị vã gái ảo alime thèm ditgai thì mê chứ người bình thường nghe chỉ muốn bóp cổ tát cho nó vài phát xong ỉa vào mồm nó",2.0,154,"dẹo đến ói , chỉ có mấy thằng mặt l bị vã gái ảo alime thèm ditgai thì mê chứ người bình_thường nghe chỉ muốn bóp_cổ tát cho nó vài phát xong ỉa vào mồm nó"
đúng cả đời chỉ đánh đc con mực mà,1.0,34,đúng cả đời chỉ đánh được con mực mà
Nhìn mặt đẹp gái mà cái tính lại xấu xa thế này.,1.0,48,nhìn mặt đẹp gái mà cái tính lại xấu_xa thế này .
Chỉ ra xem tao bênh cmt luận điểm riêng gì của nó hay tao tag (Tên) thằng chửi nó rồi trả lời Hảo hán suy nghĩ đi rồi cmt rớt cái não mang về gắn lại đi,1.0,152,chỉ ra xem tao bênh cmt luận_điểm riêng gì của nó hay tao tag ( tên ) thằng chửi nó rồi trả_lời hảo hán suy_nghĩ đi rồi cmt rớt cái não mang về gắn lại đi
Nguyễn Lê Vĩnh Hưng Tao chỉ đang thấy xấu hổ thay dân tộc VN lại có đứa suy nghĩ và sủa ra những câu vô học như thế này! thật đáng xấu hổ cho VN,1.0,144,nguyễn lê vĩnh hưng tao chỉ đang thấy xấu_hổ thay dân_tộc vn lại có đứa suy_nghĩ và sủa ra những câu vô_học như thế này ! thật đáng xấu_hổ cho vn
Sr mm face hả,1.0,13,sr mm face hả
Mày chửi thì mày nhắn mẹ đi :)) xạo lồn,2.0,39,mày chửi thì mày nhắn mẹ đi : ) ) xạo lồn
Dmm. Blind???,2.0,13,dmm . blind ? ? ?
Huỳnh Ngân đẹp đấy chứ b,0.0,24,huỳnh ngân đẹp đấy chứ b
"có vẻ như sau 1 trận bóng đá thì ông hot hơn nhiều r đêí nhỉ, vui chứ",0.0,69,"có vẻ như sau 1 trận bóng_đá thì ông hot hơn nhiều r đêí nhỉ , vui chứ"
Nick giả,0.0,8,nick giả
đã đánh ngu r còn bac ky :)) qua oc cho,2.0,39,đã đánh ngu r còn bac ky : ) ) qua oc cho
bỏ cánh cụt đi lùa cho nhiều gà phú bà ạ,0.0,40,bỏ cánh cụt đi lùa cho nhiều gà phú bà ạ
Bọn chó,2.0,7,bọn chó
"Thằng này nó thuộc dạng súc sinh,k còn từ ngữ gì để miêu tả hết độ cặn bã, khốn nạn,bỉ ổi của nó,k biết thằng bố con mẹ nó nghĩ gì khi có thằng con như nó,k biết con vợ nó cảm nhận thế nào về thằng chồng thổ tả như nó, thằng súc sinh này làm dơ bẩn thế giới đàn ông",2.0,265,"thằng này nó thuộc dạng súc_sinh , k còn từ_ngữ gì để miêu_tả hết độ cặn_bã , khốn_nạn , bỉ_ổi của nó , k biết thằng bố con_mẹ nó nghĩ gì khi có thằng con như nó , k biết con vợ nó cảm_nhận thế_nào về thằng chồng thổ_tả như nó , thằng súc_sinh này làm dơ_bẩn thế_giới_đàn_ông"
Chị Tiết bị chúng lời ngiền Gu chìiiiiiii dòi =))),0.0,50,chị tiết bị chúng lời ngiền gu chìiiiiiii dòi = ) ) )
Con này nó như con hấp ấy,2.0,25,con này nó như con hấp ấy
Xin cá con mẹ nhà mày ts,2.0,24,xin cá con_mẹ nhà mày ts
Cái buồi,1.0,8,cái buồi
"Bây giờ làm ăn khó khăn quá, chuyên đil lường gạt người khác ko à trời",0.0,70,"bây_giờ làm_ăn khó_khăn quá , chuyên đil lường gạt người khác không à trời"
Và nhưng huyền thoại sẽ xuất hiện.,0.0,40,và nhưng huyền_thoại sẽ xuất_hiện .
Ở một diễn biến khác,0.0,20,ở một diễn_biến khác
"flip, thanh bình, tấn tài, văn hậu/văn thanh, quang hải, hoàng đức, hùng dũng, đình bắc, công phượng, tiến linh, hải quế/ việt anh. Đội hình max ping hiện nay",0.0,158,"flip , thanh_bình , tấn tài , văn hậu / văn thanh , quang hải , hoàng đức , hùng_dũng , đình bắc , công phượng , tiến linh , hải quế / việt anh . đội_hình max ping hiện_nay"
Địt mẹ mấy thằng sếp và những thằng liên quan của t luôn.,2.0,57,địt_mẹ mấy thằng sếp và những thằng liên_quan của t luôn .
"nhiều đom đóm quá, cần chai sịt côn trùng",1.0,41,"nhiều đom_đóm quá , cần chai sịt côn_trùng"
Thời buổi này kinh quá,0.0,22,thời_buổi này kinh quá
chết mẹ mày đi,2.0,14,chết mẹ mày đi
Biết Gì Đâu con tinh trùng khuyết tật,2.0,37,biết gì đâu con tinh_trùng khuyết_tật
"Có tin là chặt cái đầu để khỏi làm kiểng không? Mắt mù hay gì? Đạo đức thì không có, tụi thái lan nó tự té nó ăn vạ, mà ông toàn xử Việt Nam tui, Việt Nam tui ăn hết của cha ông nội ông hả mà ông thù ông bắt ép Việt Nam tui vậy. Đừng để dân VN tui thấy mặt ông ở đâu nha, k là ông ăn mắm tôm là cái chắc",2.0,303,"có tin là chặt cái đầu để khỏi làm kiểng không ? mắt mù hay gì ? đạo_đức thì không có , tụi thái lan nó tự té nó ăn_vạ , mà ông toàn xử việt nam tui , việt nam tui ăn hết của cha_ông nội ông hả mà ông thù ông bắt_ép việt nam tui vậy . đừng để dân vn tui thấy mặt ông ở đâu nha , không là ông ăn mắm_tôm là cái chắc"
Chắc bỏ Theo dõi ad quá ..,0.0,26,chắc bỏ theo_dõi admin quá . .
hay lắm a bạn =)),0.0,17,hay lắm a bạn = ) )
Ok em,0.0,5,ok em
Cái loại nưsng lôfn,2.0,19,cái loại nưsng lôfn
Bạn được Thái Lan cho bao nhiêu ngà voi vậy,0.0,43,bạn được thái lan cho bao_nhiêu ngà_voi_vậy
Ác wa,0.0,5,ác wa
Sorry cái địt mẹ,1.0,16,sorry cái địt_mẹ
Go die Go fucker. What the fuck,2.0,31,go die go fucker . what the_fuck
dr lên tiếng quá mà 60 tỷ gặp Messi đồ mà,0.0,41,dr lên_tiếng quá mà 60 tỷ gặp messi_đồ mà
thua 20m là nó ngu mà ông. Tưởng oai oách ăn được thằng tồ mới nhảy xổ vào xúc. Chứ tiền có phải lá mít đâu thua mà vui. Nói oai kinh.,1.0,134,thua 20m là nó ngu mà ông . tưởng oai oách ăn được thằng tồ mới nhảy_xổ vào xúc . chứ tiền có phải lá mít đâu thua mà vui . nói oai kinh .
Chó cắn áo rách,1.0,15,chó cắn áo rách
Chúng mày lại nói parky đi,0.0,26,chúng_mày lại nói parky đi
T.Q âm mui chê vi trung giết nhân loai toan thể giới . Đê Lây lan chết nhiêu nguoi oan .mang TCB ra toa thêgioi sét su ?,2.0,122,t . q âm mui chê vi trung giết nhân loai toan thể giới . đê lây_lan chết nhiêu nguoi oan . mang tcb ra toa thêgioi sét su ?
khứa bữa tranh lane đây rồi . đánh như c*t,1.0,42,khứa bữa tranh lane đây rồi . đánh như c * t
Tụi khốn nạn thật,2.0,17,tụi khốn_nạn thật
Xin lỗi con mẹ mày,2.0,18,xin_lỗi con_mẹ mày
Lp 6 mà đã v .phát ngôn ngông cuồng.đánh chết ng như oai lắm .lại còn t chưa đủ 16t.nhà t đầy tiền.trong tù toàn ng quen là câu của 1 đứa lp 6 sao ??? Máu lạnh thật,1.0,164,lp 6 mà đã v . phát_ngôn ngông_cuồng . đánh chết ng như oai lắm . lại còn t chưa đủ 16t . nhà t đầy tiền . trong tù toàn ng quen là câu của 1 đứa lp 6 sao ? ? ? máu lạnh thật
Bí kiếp Susan 0175,0.0,18,bí kiếp susan 0175
"Cai miệng nhìn co duyên, chưởi ,nhung nhìn cai miệng co duyen",0.0,61,"cai miệng nhìn co duyên , chưởi , nhung nhìn cai miệng co duyen"
giáo viên âm nhạc bến tre,0.0,25,giáo_viên âm_nhạc bến_tre
Bọn này chỉ có chết mới hết tội thôi,2.0,36,bọn này chỉ có chết mới hết tội thôi
ghét con chó này vl,2.0,19,ghét con chó này vl
Coi cười muốn xĩu.. yêu cô ghê,0.0,30,coi cười muốn xĩu . . yêu cô ghê
"Mặc dù đội không thể tiến bộ, trận đấu cuối cùng, chúng tôi phải chiến đấu để ghi được 3 điểm.",0.0,94,"mặc_dù đội không_thể tiến_bộ , trận_đấu cuối_cùng , chúng_tôi phải chiến_đấu để ghi được 3 điểm ."
Thằng súc vật,2.0,13,thằng súc_vật
dại trai kkk,0.0,12,dại trai kkk
Đánh ngu đẩy láo chết hét cái đầu buồi,2.0,38,đánh ngu đẩy láo chết hét cái đầu buồi
xinh mà ngu,1.0,11,xinh mà ngu
Trần ThanhThảo Tuyết Hoa bớt nc vs zai lạ,0.0,41,trần thanhthảo tuyết hoa bớt nc với zai lạ
Cái tội thích trai đẹp,0.0,22,cái tội thích trai đẹp
Hòa Nguyễn đam mê nợ nần sẽ theo đuổi e,0.0,39,hòa nguyễn đam_mê nợ_nần sẽ theo_đuổi e
